code,name,year
A1101,総人口,2020
A1102,日本人人口,2020
A1700,外国人人口,2020
A2301,住民基本台帳人口（総数）,2024
A1301,15歳未満人口,2020
A1302,15～64歳人口,2020
A1303,65歳以上人口,2020
A1801,人口集中地区人口,2020
A4101,出生数,2023
A4200,死亡数,2023
A5103,転入者数,2024
A5104,転出者数,2024
A6107,昼間人口,2020
A7101,総世帯数,2020
A710101,一般世帯数,2020
A810102,核家族世帯数,2020
A810105,単独世帯数,2020
A811102,65歳以上の世帯員のいる核家族世帯数,2020
A8201,夫65歳以上、妻60歳以上の夫婦のみの世帯数,2020
A8301,65歳以上世帯員の単独世帯数,2020
A9101,婚姻件数,2023
A9201,離婚件数,2023
B1101,総面積(北方地域及び竹島を除く),2024
B1103,可住地面積,2024
C120110,課税対象所得,2024
C120120,納税義務者数（所得割）,2024
C2108,事業所数（民営）,2021
C2208,従業者数（民営）,2021
C3107,耕地面積,2024
C3401,製造品出荷額等,2023
C3404,製造業従業者数,2024
C3501,商業年間商品販売額（卸売業＋小売業）,2020
C3502,商業事業所数（卸売業＋小売業）,2021
C3503,商業従業者数（卸売業＋小売業）,2021
D2201,財政力指数(市町村財政),2022
D2202,実質収支比率(市町村財政),2022
D2211,実質公債費比率(市町村財政),2022
D3201,歳入決算総額(市町村財政),2022
D3203,歳出決算総額(市町村財政),2022
D320101,地方税(市町村財政),2022
E1101,幼稚園数,2024
E1501,幼稚園在園者数,2024
E2101,小学校数,2024
E2401,小学校教員数,2024
E2501,小学校児童数,2024
E3101,中学校数,2024
E3401,中学校教員数,2024
E3501,中学校生徒数,2024
E4101,高等学校数,2024
E4501,高等学校生徒数,2024
F1101,労働力人口,2020
F1102,就業者数,2020
F1107,完全失業者数,2020
F2201,第１次産業就業者数,2020
F2211,第２次産業就業者数,2020
F2221,第３次産業就業者数,2020
F2401,雇用者数,2020
F2402,役員数,2020
F2403,雇人のある業主数,2020
F2404,雇人のない業主数,2020
F2405,家族従業者数,2020
F2701,自市区町村で従業している就業者数,2020
F2705,他市区町村への通勤者数,2020.0
F2801,従業地による就業者数,2020.0
F2803,他市区町村からの通勤者数,2020.0
G1201,公民館数,2021
G1401,図書館数,2021
H1101,居住世帯あり住宅数,2023
H1310,持ち家数,2023
H1320,借家数,2023
H2130,１住宅当たり延べ面積,2023
H550701,非水洗化人口,2023
H5608,ごみ計画収集人口,2023
H5609,ごみ総排出量,2023
H5614,ごみのリサイクル率,2023
H6130,小売店数,2021
H6131,飲食店数,2021
H6132,大型小売店数,2021
H6133,百貨店、総合スーパー数,2021
I510120,一般病院数,2023
I5102,一般診療所数,2023
I5103,歯科診療所数,2023
I6100,医師数,2022
I6200,歯科医師数,2022
I6300,薬剤師数,2022
J230127,介護老人福祉施設数（基本票）,2023
J250204,児童福祉施設等数（基本票）,2023
J250302,保育所等数（基本票）,2023
J4101,国民健康保険被保険者数,2023
