source,name,key,local,url,page,bytes,sha256,note
estat_pref,A_人口・世帯,000040133601,data/raw/estat_pref/ssds_01.xls,https://www.e-stat.go.jp/stat-search/file-download?statInfId=000040133601&fileKind=0,https://www.e-stat.go.jp/stat-search/files?page=1&layout=datalist&toukei=00200502&tstat=000001213101&cycle=0&tclass1=000001213102&tclass2val=0,182272,ea634889ce052cfab248faf0b67e72d6103ffb3d70ef9fe015a96f9f7a3d06a2,
estat_pref,C_経済基盤,000040133603,data/raw/estat_pref/ssds_03.xls,https://www.e-stat.go.jp/stat-search/file-download?statInfId=000040133603&fileKind=0,https://www.e-stat.go.jp/stat-search/files?page=1&layout=datalist&toukei=00200502&tstat=000001213101&cycle=0&tclass1=000001213102&tclass2val=0,123392,acf1b50ef387e2c74a6ed00a9d18117455436fa2134ba6a5acc887d008e8da24,
estat_pref,D_行政基盤,000040133604,data/raw/estat_pref/ssds_04.xls,https://www.e-stat.go.jp/stat-search/file-download?statInfId=000040133604&fileKind=0,https://www.e-stat.go.jp/stat-search/files?page=1&layout=datalist&toukei=00200502&tstat=000001213101&cycle=0&tclass1=000001213102&tclass2val=0,143872,3534860c641288572fdab5748430ccf732e6f15e8fe661cbe6e5b11cd73759e3,
estat_pref,E_教育,000040133605,data/raw/estat_pref/ssds_05.xls,https://www.e-stat.go.jp/stat-search/file-download?statInfId=000040133605&fileKind=0,https://www.e-stat.go.jp/stat-search/files?page=1&layout=datalist&toukei=00200502&tstat=000001213101&cycle=0&tclass1=000001213102&tclass2val=0,162816,54b5eb403f1832877a087edb6ece8de58a4ed723962e9d16d37d2d40a96b9a41,
estat_pref,F_労働,000040133606,data/raw/estat_pref/ssds_06.xls,https://www.e-stat.go.jp/stat-search/file-download?statInfId=000040133606&fileKind=0,https://www.e-stat.go.jp/stat-search/files?page=1&layout=datalist&toukei=00200502&tstat=000001213101&cycle=0&tclass1=000001213102&tclass2val=0,125440,9f4f9a6a42b2a8081a00c4f98dfe777578b1d8647159b6cc136ed0fc065e1cbb,
estat_pref,I_健康・医療,000040133609,data/raw/estat_pref/ssds_09.xls,https://www.e-stat.go.jp/stat-search/file-download?statInfId=000040133609&fileKind=0,https://www.e-stat.go.jp/stat-search/files?page=1&layout=datalist&toukei=00200502&tstat=000001213101&cycle=0&tclass1=000001213102&tclass2val=0,203264,39a706250f0f4919bc4f01c031c7b6234090c2d85e8bc6139f9e213380fe5ed4,
estat_pref,J_福祉・社会保障,000040133610,data/raw/estat_pref/ssds_10.xls,https://www.e-stat.go.jp/stat-search/file-download?statInfId=000040133610&fileKind=0,https://www.e-stat.go.jp/stat-search/files?page=1&layout=datalist&toukei=00200502&tstat=000001213101&cycle=0&tclass1=000001213102&tclass2val=0,155648,b41b74f0ea890752be1acf9fccb9bf727fd05d53849f10537fb8b70281695bf0,
estat_pref,L_家計,000040133612,data/raw/estat_pref/ssds_12.xls,https://www.e-stat.go.jp/stat-search/file-download?statInfId=000040133612&fileKind=0,https://www.e-stat.go.jp/stat-search/files?page=1&layout=datalist&toukei=00200502&tstat=000001213101&cycle=0&tclass1=000001213102&tclass2val=0,104448,b06adf64353610d78410d70a5fb1af5e4f731fc1569c237677a2b690795c061d,
estat_muni,A_人口・世帯,000040463584,data/raw/estat_muni/muni_01.xls,https://www.e-stat.go.jp/stat-search/file-download?statInfId=000040463584&fileKind=0,https://www.e-stat.go.jp/stat-search/files?page=1&layout=datalist&toukei=00200502&tstat=000001244297&cycle=0&tclass1=000001244298&tclass2val=0,1056768,bff101b575a03ddc5a944cf008a7314cb8a736afb3cbda87465e181db0835ad5,
estat_muni,B_自然環境,000040463585,data/raw/estat_muni/muni_02.xls,https://www.e-stat.go.jp/stat-search/file-download?statInfId=000040463585&fileKind=0,https://www.e-stat.go.jp/stat-search/files?page=1&layout=datalist&toukei=00200502&tstat=000001244297&cycle=0&tclass1=000001244298&tclass2val=0,729600,59c3460f3c04ea25286fd7e07ddb4963673664e72a849941c3e13c07c0758a18,
estat_muni,C_経済基盤,000040463586,data/raw/estat_muni/muni_03.xls,https://www.e-stat.go.jp/stat-search/file-download?statInfId=000040463586&fileKind=0,https://www.e-stat.go.jp/stat-search/files?page=1&layout=datalist&toukei=00200502&tstat=000001244297&cycle=0&tclass1=000001244298&tclass2val=0,858624,4b4f4144e71b25c95e92057e72189ec6463a0231c82cb7ade7c792ef47c693bb,
estat_muni,D_行政基盤,000040463587,data/raw/estat_muni/muni_04.xls,https://www.e-stat.go.jp/stat-search/file-download?statInfId=000040463587&fileKind=0,https://www.e-stat.go.jp/stat-search/files?page=1&layout=datalist&toukei=00200502&tstat=000001244297&cycle=0&tclass1=000001244298&tclass2val=0,2814976,d51dcd8e7a31518a707fd92ef73e2bd9d141501185b648cb43bb58d8829ecc25,
estat_muni,E_教育,000040463588,data/raw/estat_muni/muni_05.xls,https://www.e-stat.go.jp/stat-search/file-download?statInfId=000040463588&fileKind=0,https://www.e-stat.go.jp/stat-search/files?page=1&layout=datalist&toukei=00200502&tstat=000001244297&cycle=0&tclass1=000001244298&tclass2val=0,758272,97a6220cd2b22d344ca5021f0cb7f511b6e9ce09fabc3e4dcc659850ceaf265a,
estat_muni,F_労働,000040463589,data/raw/estat_muni/muni_06.xls,https://www.e-stat.go.jp/stat-search/file-download?statInfId=000040463589&fileKind=0,https://www.e-stat.go.jp/stat-search/files?page=1&layout=datalist&toukei=00200502&tstat=000001244297&cycle=0&tclass1=000001244298&tclass2val=0,892928,446d5b0d60bdf4086a341707e2db30b0a877dcffda8ee67bf6c0006be7914bf9,
estat_muni,G_文化・スポーツ,000040463590,data/raw/estat_muni/muni_07.xls,https://www.e-stat.go.jp/stat-search/file-download?statInfId=000040463590&fileKind=0,https://www.e-stat.go.jp/stat-search/files?page=1&layout=datalist&toukei=00200502&tstat=000001244297&cycle=0&tclass1=000001244298&tclass2val=0,724992,09460d08c2b4deb2148c8295ec5b341c0fd8a75b306317e82539c1e6bf6d266e,
estat_muni,H_居住,000040463591,data/raw/estat_muni/muni_08.xls,https://www.e-stat.go.jp/stat-search/file-download?statInfId=000040463591&fileKind=0,https://www.e-stat.go.jp/stat-search/files?page=1&layout=datalist&toukei=00200502&tstat=000001244297&cycle=0&tclass1=000001244298&tclass2val=0,921088,22eae2589e51b2d5a2a4b74d3d77747c894fb864258856b341153f667076cd8f,
estat_muni,I_健康・医療,000040463592,data/raw/estat_muni/muni_09.xls,https://www.e-stat.go.jp/stat-search/file-download?statInfId=000040463592&fileKind=0,https://www.e-stat.go.jp/stat-search/files?page=1&layout=datalist&toukei=00200502&tstat=000001244297&cycle=0&tclass1=000001244298&tclass2val=0,795136,b76cc27fed59f80f654e9c09b07858fb8c3ede3e767187c9b82983a55d5150d0,
estat_muni,J_福祉・社会保障,000040463593,data/raw/estat_muni/muni_10.xls,https://www.e-stat.go.jp/stat-search/file-download?statInfId=000040463593&fileKind=0,https://www.e-stat.go.jp/stat-search/files?page=1&layout=datalist&toukei=00200502&tstat=000001244297&cycle=0&tclass1=000001244298&tclass2val=0,765440,94801015ca12b75fa41a9e0c41a441764ece1cffb49025e3a91603d6ed0788f5,
worldbank,rule_of_law,GOV_WGI_RL.EST,data/raw/wb_raw.csv,https://api.worldbank.org/v2/country/all/indicator/GOV_WGI_RL.EST?format=json&date=2012:2012&per_page=2000&source=3,https://databank.worldbank.org/source/worldwide-governance-indicators,,,目標年 2012 / 窓 2012-2012 / source=3
worldbank,gov_effect,GOV_WGI_GE.EST,data/raw/wb_raw.csv,https://api.worldbank.org/v2/country/all/indicator/GOV_WGI_GE.EST?format=json&date=2012:2012&per_page=2000&source=3,https://databank.worldbank.org/source/worldwide-governance-indicators,,,目標年 2012 / 窓 2012-2012 / source=3
worldbank,control_corrupt,GOV_WGI_CC.EST,data/raw/wb_raw.csv,https://api.worldbank.org/v2/country/all/indicator/GOV_WGI_CC.EST?format=json&date=2012:2012&per_page=2000&source=3,https://databank.worldbank.org/source/worldwide-governance-indicators,,,目標年 2012 / 窓 2012-2012 / source=3
worldbank,reg_quality,GOV_WGI_RQ.EST,data/raw/wb_raw.csv,https://api.worldbank.org/v2/country/all/indicator/GOV_WGI_RQ.EST?format=json&date=2012:2012&per_page=2000&source=3,https://databank.worldbank.org/source/worldwide-governance-indicators,,,目標年 2012 / 窓 2012-2012 / source=3
worldbank,life_exp_12,SP.DYN.LE00.IN,data/raw/wb_raw.csv,https://api.worldbank.org/v2/country/all/indicator/SP.DYN.LE00.IN?format=json&date=2010:2014&per_page=2000&source=2,https://data.worldbank.org/indicator/SP.DYN.LE00.IN,,,目標年 2012 / 窓 2010-2014 / source=2
worldbank,under5_mort_12,SH.DYN.MORT,data/raw/wb_raw.csv,https://api.worldbank.org/v2/country/all/indicator/SH.DYN.MORT?format=json&date=2010:2014&per_page=2000&source=2,https://data.worldbank.org/indicator/SH.DYN.MORT,,,目標年 2012 / 窓 2010-2014 / source=2
worldbank,school_sec_12,SE.SEC.ENRR,data/raw/wb_raw.csv,https://api.worldbank.org/v2/country/all/indicator/SE.SEC.ENRR?format=json&date=2010:2014&per_page=2000&source=2,https://data.worldbank.org/indicator/SE.SEC.ENRR,,,目標年 2012 / 窓 2010-2014 / source=2
worldbank,gdp_pc_12,NY.GDP.PCAP.PP.KD,data/raw/wb_raw.csv,https://api.worldbank.org/v2/country/all/indicator/NY.GDP.PCAP.PP.KD?format=json&date=2010:2014&per_page=2000&source=2,https://data.worldbank.org/indicator/NY.GDP.PCAP.PP.KD,,,目標年 2012 / 窓 2010-2014 / source=2
worldbank,gni_pc_12,NY.GNP.PCAP.PP.KD,data/raw/wb_raw.csv,https://api.worldbank.org/v2/country/all/indicator/NY.GNP.PCAP.PP.KD?format=json&date=2010:2014&per_page=2000&source=2,https://data.worldbank.org/indicator/NY.GNP.PCAP.PP.KD,,,目標年 2012 / 窓 2010-2014 / source=2
worldbank,cons_pc_12,NE.CON.PRVT.PC.KD,data/raw/wb_raw.csv,https://api.worldbank.org/v2/country/all/indicator/NE.CON.PRVT.PC.KD?format=json&date=2010:2014&per_page=2000&source=2,https://data.worldbank.org/indicator/NE.CON.PRVT.PC.KD,,,目標年 2012 / 窓 2010-2014 / source=2
worldbank,gdp_pc_22,NY.GDP.PCAP.PP.KD,data/raw/wb_raw.csv,https://api.worldbank.org/v2/country/all/indicator/NY.GDP.PCAP.PP.KD?format=json&date=2020:2023&per_page=2000&source=2,https://data.worldbank.org/indicator/NY.GDP.PCAP.PP.KD,,,目標年 2022 / 窓 2020-2023 / source=2
worldbank,gni_pc_22,NY.GNP.PCAP.PP.KD,data/raw/wb_raw.csv,https://api.worldbank.org/v2/country/all/indicator/NY.GNP.PCAP.PP.KD?format=json&date=2020:2023&per_page=2000&source=2,https://data.worldbank.org/indicator/NY.GNP.PCAP.PP.KD,,,目標年 2022 / 窓 2020-2023 / source=2
worldbank,cons_pc_22,NE.CON.PRVT.PC.KD,data/raw/wb_raw.csv,https://api.worldbank.org/v2/country/all/indicator/NE.CON.PRVT.PC.KD?format=json&date=2020:2023&per_page=2000&source=2,https://data.worldbank.org/indicator/NE.CON.PRVT.PC.KD,,,目標年 2022 / 窓 2020-2023 / source=2
worldbank,internet_users,IT.NET.USER.ZS,data/raw/wb_raw.csv,https://api.worldbank.org/v2/country/all/indicator/IT.NET.USER.ZS?format=json&date=2020:2023&per_page=2000&source=2,https://data.worldbank.org/indicator/IT.NET.USER.ZS,,,目標年 2022 / 窓 2020-2023 / source=2
worldbank,broadband,IT.NET.BBND.P2,data/raw/wb_raw.csv,https://api.worldbank.org/v2/country/all/indicator/IT.NET.BBND.P2?format=json&date=2020:2023&per_page=2000&source=2,https://data.worldbank.org/indicator/IT.NET.BBND.P2,,,目標年 2022 / 窓 2020-2023 / source=2
worldbank,life_exp_17,SP.DYN.LE00.IN,data/raw/wb_raw.csv,https://api.worldbank.org/v2/country/all/indicator/SP.DYN.LE00.IN?format=json&date=2015:2019&per_page=2000&source=2,https://data.worldbank.org/indicator/SP.DYN.LE00.IN,,,目標年 2017 / 窓 2015-2019 / source=2
worldbank,under5_mort_17,SH.DYN.MORT,data/raw/wb_raw.csv,https://api.worldbank.org/v2/country/all/indicator/SH.DYN.MORT?format=json&date=2015:2019&per_page=2000&source=2,https://data.worldbank.org/indicator/SH.DYN.MORT,,,目標年 2017 / 窓 2015-2019 / source=2
worldbank,school_sec_17,SE.SEC.ENRR,data/raw/wb_raw.csv,https://api.worldbank.org/v2/country/all/indicator/SE.SEC.ENRR?format=json&date=2015:2019&per_page=2000&source=2,https://data.worldbank.org/indicator/SE.SEC.ENRR,,,目標年 2017 / 窓 2015-2019 / source=2
worldbank,school_ter_12,SE.TER.ENRR,data/raw/wb_raw.csv,https://api.worldbank.org/v2/country/all/indicator/SE.TER.ENRR?format=json&date=2010:2014&per_page=2000&source=2,https://data.worldbank.org/indicator/SE.TER.ENRR,,,目標年 2012 / 窓 2010-2014 / source=2
worldbank,prm_compl_12,SE.PRM.CMPT.ZS,data/raw/wb_raw.csv,https://api.worldbank.org/v2/country/all/indicator/SE.PRM.CMPT.ZS?format=json&date=2010:2014&per_page=2000&source=2,https://data.worldbank.org/indicator/SE.PRM.CMPT.ZS,,,目標年 2012 / 窓 2010-2014 / source=2
worldbank,school_sec_f_12,SE.SEC.ENRR.FE,data/raw/wb_raw.csv,https://api.worldbank.org/v2/country/all/indicator/SE.SEC.ENRR.FE?format=json&date=2010:2014&per_page=2000&source=2,https://data.worldbank.org/indicator/SE.SEC.ENRR.FE,,,目標年 2012 / 窓 2010-2014 / source=2
worldbank,edu_exp_12,SE.XPD.TOTL.GD.ZS,data/raw/wb_raw.csv,https://api.worldbank.org/v2/country/all/indicator/SE.XPD.TOTL.GD.ZS?format=json&date=2010:2014&per_page=2000&source=2,https://data.worldbank.org/indicator/SE.XPD.TOTL.GD.ZS,,,目標年 2012 / 窓 2010-2014 / source=2
worldbank,（結合後のファイル）,,data/raw/wb_raw.csv,,,70288,b5fa307ebda204260cb2e45f063d8e40ceedbd764f08f519c5a9cf30cef9fd38,src/fetch_data.py が上記 22 指標をまとめたもの
