iso3,country,region,gdp_pc_12,life_exp_12,predicted_years,residual_years,residual_quadratic_years,residual_sem_sample_reference_years,leave_one_out_residual_years
TJK,Tajikistan,Europe & Central Asia,2700.09546037358,69.13,61.466179488578106,7.663820511421889,7.907400807083654,7.909397877176374,7.777906122441163
ALB,Albania,Europe & Central Asia,12463.518369846,78.084,70.58929288161508,7.494707118384923,7.113227635171029,7.165552182515327,7.5327414064711595
XKX,Kosovo,Europe & Central Asia,8431.66232694657,75.75,68.2582188930088,7.491781106991198,7.145441868427724,7.309477740428008,7.535875822243795
PSE,West Bank and Gaza,"Middle East, North Africa, Afghanistan & Pakistan",6009.10925822042,73.722,66.23787264698163,7.484127353018366,7.237413996653288,7.429100520027916,7.540422573755599
SLB,Solomon Islands,East Asia & Pacific,2743.8100151451,68.961,61.561974543485036,7.399025456514963,7.629238509278757,7.638567984158939,7.507710692214535
CRI,Costa Rica,Latin America & Caribbean ,19970.6856013628,79.925,73.4014060176838,6.5235939823162,6.213518101292678,6.017283267986855,6.560291934415018
BIH,Bosnia and Herzegovina,Europe & Central Asia,12626.9263237753,77.037,70.66698719733618,6.3700128026638225,5.9888345616416245,6.035963327948366,6.402293367277247
VUT,Vanuatu,East Asia & Pacific,3815.41895246816,69.898,63.5285525675511,6.369447432448894,6.357154982641958,6.485100683987035,6.440100457614884
NIC,Nicaragua,Latin America & Caribbean ,6275.78730248003,72.435,66.4968741359568,5.938125864043201,5.675051540028875,5.86678261411592,5.9812574100950195
CPV,Cabo Verde,Sub-Saharan Africa ,7397.82220702474,73.315,67.47798731319631,5.837012686803689,5.521534867578552,5.703861870729213,5.874454237024696
VNM,Viet Nam,East Asia & Pacific,7979.86828926858,73.762,67.92973095571149,5.832269044288509,5.4977553385073605,5.670659559312128,5.86780264342185
CHN,China,East Asia & Pacific,12217.9343813101,76.2,70.47058981603404,5.7294101839659675,5.347653880775624,5.407733231012088,5.758563371839933
KIR,Kiribati,East Asia & Pacific,2242.30105765006,65.908,60.358031332001175,5.549968667998826,5.958676922456533,5.86535647160845,5.64607513561928
TON,Tonga,East Asia & Pacific,5908.02400699798,71.546,66.13668099471857,5.409319005281432,5.1692846383642745,5.360666981931587,5.450574972114867
LBN,Lebanon,"Middle East, North Africa, Afghanistan & Pakistan",17323.3013764282,77.941,72.55314888154531,5.387851118454691,5.043129968366628,4.934978386886144,5.416316211605663
JPN,Japan,East Asia & Pacific,42394.9433175064,83.0960975609756,77.89141175438773,5.204685806587861,5.2665793584239395,4.415516464925133,5.256685793483679
LKA,Sri Lanka,South Asia,11447.6937737782,75.187,70.08218906060894,5.104810939391058,4.723698531142489,4.807602218991249,5.131118019942565
MDV,Maldives,South Asia,17390.1474995422,77.512,72.57612080017536,4.93587919982464,4.591947126282207,4.481559297416695,4.961992275594798
TCA,Turks and Caicos Islands,Latin America & Caribbean ,16024.6915652254,76.969,72.08836943030904,4.88063056969095,4.521728055190962,4.457037728906229,4.90581588959372
KGZ,Kyrgyz Republic,Europe & Central Asia,4993.39431683528,70.0024390243902,65.13344590158746,4.868993122802735,4.703893290257099,4.883542288488343,4.911770842225819
ESP,Spain,Europe & Central Asia,41034.0481566356,82.4268292682927,77.69680205938552,4.730027208907188,4.769221551664145,3.95311776944105,4.775964605741771
NPL,Nepal,South Asia,3316.50073452021,67.364,62.69265868463984,4.671341315360166,4.754689601637381,4.839653697015635,4.729811513927184
ECU,Ecuador,Latin America & Caribbean ,12961.0267423765,75.486,70.82275741556587,4.66324258443413,4.282954438247899,4.319379993056543,4.686824199453189
HND,Honduras,Latin America & Caribbean ,5600.6077605497,70.46,65.81794969204174,4.642050307958257,4.424106340867368,4.613477523711907,4.6790546606908405
WSM,Samoa,East Asia & Pacific,6312.76944621145,71.159,66.5319199104146,4.627080089585405,4.361873024889007,4.553529047455115,4.660532150388609
MDG,Madagascar,Sub-Saharan Africa ,1617.79082882481,63.007,58.410909793007264,4.596090206992734,5.341750025322213,5.0341415789957935,4.698421525387868
GRC,Greece,Europe & Central Asia,31250.2268565956,80.6341463414634,76.0721649695787,4.561981371884713,4.4349331171898,3.8874198232867485,4.597115076680063
AND,Andorra,Europe & Central Asia,58172.1323929474,84.334,79.77850613480382,4.555493865196183,4.868405552142917,3.6474425092568055,4.615294402383787
BGD,Bangladesh,South Asia,4592.04840919812,68.989,64.63366584868729,4.355334151312718,4.233474532374089,4.401368154217209,4.396466378585147
KHM,Cambodia,East Asia & Pacific,4159.16354123446,68.371,64.04308811439714,4.327911885602859,4.2622146293244185,4.4111507423652085,4.372454345471609
RWA,Rwanda,Sub-Saharan Africa ,2063.66474823031,64.189,59.862847142950315,4.326152857049678,4.814896447319363,4.672735970466405,4.406154084923499
ISR,Israel,"Middle East, North Africa, Afghanistan & Pakistan",39245.5078117687,81.7048780487805,77.43098434404034,4.273893704740161,4.283046110811824,3.513730086658782,4.3138285168265185
SMR,San Marino,Europe & Central Asia,58176.3797454761,83.943,79.7789416223574,4.164058377642604,4.477034459804614,3.255979587125452,4.218723882663876
CHL,Chile,Latin America & Caribbean ,26676.8110154019,79.221,75.12835957906469,4.092640420935311,3.8880890280228186,3.47753614542016,4.120445905767947
GRD,Grenada,Latin America & Caribbean ,13161.3955324377,74.961,70.91426211937397,4.046737880626026,3.6671506321112446,3.697110732044848,4.0671861951164505
TUN,Tunisia,"Middle East, North Africa, Afghanistan & Pakistan",12436.3958115735,74.599,70.57629863082067,4.02270136917933,3.6411807754706444,3.6943650371509023,4.043121223797777
MAR,Morocco,"Middle East, North Africa, Afghanistan & Pakistan",7628.64404296875,71.674,67.66124933152085,4.012750668479157,3.689163306573107,3.8680548241830195,4.0379454273936295
ARM,Armenia,Europe & Central Asia,11796.2741177994,74.119512195122,70.26110270407737,3.8584094910446254,3.4767055877045294,3.5499296786751557,3.878162482213024
COL,Colombia,Latin America & Caribbean ,15279.4790008058,75.611,71.8043302187955,3.806669781204505,3.440774110359385,3.400970668443506,3.826112767226087
CYP,Cyprus,Europe & Central Asia,39190.22265625,81.128,77.42257595235257,3.7054240476474263,3.7136443038458253,2.945790136268073,3.7400049352795923
UZB,Uzbekistan,Europe & Central Asia,6525.4971525889,70.411,66.72960580890144,3.681394191098562,3.4045187664553396,3.59538945399143,3.707324106856762
JOR,Jordan,"Middle East, North Africa, Afghanistan & Pakistan",12104.1217423938,74.087,70.41476701183723,3.6722329881627758,3.2904231574241862,3.354072725987237,3.6909456874785205
PRT,Portugal,Europe & Central Asia,34804.6333340484,80.3731707317073,76.71470513475467,3.658465596952638,3.5922009591895403,2.943425697148456,3.689300893227372
ITA,Italy,Europe & Central Asia,47795.9579360541,82.2390243902439,78.60665020093666,3.6323741893072423,3.782813021252835,2.798146694699838,3.6726490215019454
HKG,"Hong Kong SAR, China",East Asia & Pacific,59015.3179560955,83.450243902439,79.86434180917071,3.585902093268288,3.9115639112889795,2.672443314164809,3.6335530618288807
NZL,New Zealand,East Asia & Pacific,42693.4234516571,81.4073170731707,77.93325884766998,3.474058225500727,3.5409106613754346,2.6822526263234607,3.508979775396442
MLT,Malta,"Middle East, North Africa, Afghanistan & Pakistan",38937.1487755674,80.7463414634146,77.38393356914858,3.3624078942660134,3.3663585812933405,2.6052083520414016,3.3936122428357183
IRN,"Iran, Islamic Rep.","Middle East, North Africa, Afghanistan & Pakistan",15159.2948206531,75.039,71.757228074271,3.2817719257290037,2.91483930118504,2.8790401249773794,3.2985106946266183
JAM,Jamaica,Latin America & Caribbean ,9829.03510015044,72.405,69.17288601513266,3.2321139848673397,2.861793212003988,2.992188979980611,3.249665761393155
ETH,Ethiopia,Sub-Saharan Africa ,1576.76875733933,61.443,58.25771332977487,3.185286670225125,3.9599888975395743,3.6329890190516636,3.2575653433101808
ISL,Iceland,Europe & Central Asia,58203.6379459536,82.9170731707317,79.78173569081486,3.135337479916842,3.448726789866086,2.227082670388839,3.176514381379516
FRA,France,Europe & Central Asia,49935.6269081617,81.9682926829268,78.86786592876611,3.1004267541606936,3.2852104708503447,2.249743351355278,3.1361318110406913
KOR,"Korea, Rep.",East Asia & Pacific,41537.6728611117,80.819512195122,77.76956317454665,3.0499490205753546,3.097560439589529,2.268455821006313,3.0798850771930937
SVN,Slovenia,Europe & Central Asia,37040.7082746106,80.1243902439024,77.08610889869483,3.038281345207565,3.010114027439897,2.299843978893307,3.0652895316464286
DZA,Algeria,"Middle East, North Africa, Afghanistan & Pakistan",14697.5396133853,74.609,71.57271763475042,3.0362823652495763,2.6656239781574413,2.6451742399923575,3.051698477958538
MNE,Montenegro,Europe & Central Asia,19576.412051459,76.3,73.28246937133541,3.0175306286645878,2.701914546085689,2.5187126122288674,3.034332993003298
BDI,Burundi,Sub-Saharan Africa ,999.220068163159,58.501,55.536870370743415,2.9641296292565826,4.316164598766434,3.5832379739129365,3.0565979676232895
PER,Peru,Latin America & Caribbean ,13393.5923851679,73.979,71.01857538980036,2.960424610199638,2.581797082220973,2.6042259981915237,2.975377047049597
THA,Thailand,East Asia & Pacific,17871.5786477565,75.59,72.73900384402762,2.850996155972382,2.5128972344827645,2.386415047476575,2.86623515587061
AUS,Australia,East Asia & Pacific,54403.8836902433,82.0463414634146,79.37904527393259,2.667296189482016,2.9223967442760426,1.7844098238356025,2.70036519365688
SLV,El Salvador,Latin America & Caribbean ,9162.56212613508,71.42,68.75407538108631,2.6659246189136923,2.304950656789657,2.4523835894616894,2.680898852511265
IND,India,South Asia,5303.50197767655,68.076,65.49282745646526,2.5831725435347295,2.3894089130526766,2.5750816104626324,2.604730890709372
BRB,Barbados,Latin America & Caribbean ,19743.57827095,75.737,73.33318665756559,2.403813342434404,2.090532505384573,1.9018002695095788,2.4172560954076974
MKD,North Macedonia,Europe & Central Asia,17189.9956305456,74.9024390243903,72.50707202401847,2.3953670003718344,2.0490881601566713,1.945396990411254,2.4079881212719196
SEN,Senegal,Sub-Saharan Africa ,3405.10864461668,65.229,62.84992751411504,2.3790724858849615,2.4435867793127812,2.537477342286273,2.408185372342775
PHL,Philippines,East Asia & Pacific,6697.55620962768,69.237,66.8848404251774,2.3521595748225934,2.06655251370141,2.256375462576699,2.368397018086506
PRY,Paraguay,Latin America & Caribbean ,12833.1801619413,73.105,70.76363001783388,2.3413699821661282,1.9606990138685774,2.0012322623234553,2.3532181563995542
CAN,Canada,North America,54034.7821680318,81.6636585365854,79.33844007711501,2.325218459470392,2.574583104103752,1.4448901151067872,2.353878643522395
GBR,United Kingdom,Europe & Central Asia,48099.6594401942,80.9048780487805,78.64443071888041,2.2604473299000887,2.41578716222007,1.4238397613969624,2.285648568424838
ATG,Antigua and Barbuda,Latin America & Caribbean ,25592.9066121735,77.1,74.88094723660822,2.2190527633917725,1.9965032816678843,1.6195348188695817,2.2336711044276374
SWE,Sweden,Europe & Central Asia,56193.3287488246,81.7048780487805,79.57207774129448,2.132800307486022,2.415523564071009,1.2377534008624735,2.159984780026314
SRB,Serbia,Europe & Central Asia,17993.8147169993,74.8365853658537,72.77966163053391,2.056923735319785,1.720345957664975,1.5897812925282295,2.067948179589718
MWI,Malawi,Sub-Saharan Africa ,1518.14803849238,59.87,58.031732094670815,1.8382679053291824,2.6564849828655284,2.3002064813930616,1.881155922033744
GEO,Georgia,Europe & Central Asia,13193.9596974054,72.672,70.92900185062496,1.7429981493750404,1.3635361238964094,1.392442436245517,1.7518047825359915
TUV,Tuvalu,East Asia & Pacific,3715.60046956613,65.079,63.37042743476927,1.7085725652307246,1.7135291470258949,1.8341872868934814,1.7279651240377965
HRV,Croatia,Europe & Central Asia,28259.1638073948,77.1682926829268,75.47206382822014,1.6962288547066606,1.518278853667752,1.0594721097236004,1.7082761500569492
PAN,Panama,Latin America & Caribbean ,26926.8956928065,76.877,75.18401579615755,1.6929842038424425,1.492614253155054,1.0743737321011366,1.7045680159959322
PRI,Puerto Rico (US),Latin America & Caribbean ,41347.4542013586,79.258,77.74218556380072,1.5158144361992782,1.5602490108757507,0.7360459545592022,1.5306333786596604
FSM,"Micronesia, Fed. Sts.",East Asia & Pacific,3847.14743528337,65.08,63.57794902565283,1.5020509743471706,1.484450779697923,1.614592378116484,1.5185932426473085
URY,Uruguay,Latin America & Caribbean ,26953.2709026389,76.691,75.18985542574576,1.5011445742542406,1.301216179424273,0.8821662211100403,1.5114234257422006
TUR,Turkiye,Europe & Central Asia,22517.7148287875,75.552,74.11738925537992,1.4346107446200875,1.1625895090404157,0.8831949574502147,1.4432657115112706
FRO,Faroe Islands,Europe & Central Asia,57524.5150997874,81.1060951219512,79.71173012404985,1.3943649979013486,1.6974378787225675,0.49052035612857026,1.4124956125215875
GTM,Guatemala,Latin America & Caribbean ,10126.8330566224,70.722,69.35091946203171,1.3710805379682824,0.9976225319721692,1.1199398911954859,1.3784328443573621
FIN,Finland,Europe & Central Asia,53957.6680986279,80.6268292682927,79.3299216664568,1.2969076018358976,1.545072223939158,0.4171158950819347,1.3128734596672995
BRA,Brazil,Latin America & Caribbean ,18832.2195527075,74.335,73.05130064431144,1.2836993556885545,0.9579519530834801,0.7994443649242271,1.2907156810790017
CHE,Switzerland,Europe & Central Asia,76570.2378987121,82.6975609756098,81.4176166626349,1.279944312974905,1.8563630050592224,0.26863327739638976,1.3010519813166426
LBR,Liberia,Sub-Saharan Africa ,1668.97289588776,59.785,58.59669140064041,1.188308599359587,1.8992441283969796,1.6146562155991901,1.2141601699529574
POL,Poland,Europe & Central Asia,28952.9157305301,76.7463414634146,75.61672634812633,1.12961511528826,0.9634172940796333,0.4837450096088389,1.1377932410702076
NLD,Netherlands,Europe & Central Asia,61480.8416416324,81.1048780487805,80.10846827579545,0.9964097729850607,1.3589682006623889,0.06757166447877694,1.0101164795057747
MDA,Moldova,Europe & Central Asia,10158.3854676883,70.344,69.36947491168931,0.9745250883106849,0.6007688062443464,0.7222154967018497,0.9797443667908305
IRL,Ireland,Europe & Central Asia,59303.0319813561,80.8463414634146,79.89335049515294,0.9529909682616591,1.2829879821164383,0.037704717751935846,0.9657070110121923
DOM,Dominican Republic,Latin America & Caribbean ,15487.2776356321,72.817,71.88490253523204,0.9320974647679492,0.5680565308667411,0.5213225066373184,0.9368705612956413
BLZ,Belize,Latin America & Caribbean ,11843.4153404212,71.134,70.28489179918266,0.8491082008173407,0.4673635898254531,0.5391297376261122,0.8534517827901473
AUT,Austria,Europe & Central Asia,61376.6345930428,80.9365853658537,80.09834982830334,0.8382355375503607,1.1992460609918254,-0.0899651352072226,0.8497499155850262
COD,"Congo, Dem. Rep.",Sub-Saharan Africa ,1182.14074588327,57.35,56.53957876089578,0.8104212391042225,1.9361378500860695,1.3663615756362972,0.8329954529008217
MYS,Malaysia,East Asia & Pacific,25006.3587781537,75.552,74.74265527092989,0.8093447290701192,0.5771548276128868,0.21853881697659006,0.8145876511661053
UGA,Uganda,Sub-Saharan Africa ,2405.09455932767,61.579,60.77607670232233,0.8029232976776726,1.1470677070135835,1.091975335467339,0.8160649183680824
BEL,Belgium,Europe & Central Asia,56356.8251292137,80.3853658536585,79.5894070256013,0.795958828057195,1.0811905651270308,-0.10017977818972668,0.8061292287983357
DEU,Germany,Europe & Central Asia,58110.3768512245,80.5390243902439,79.77217064999478,0.7668537402491182,1.078828941360058,-0.14079849670429212,0.7769112453408229
COM,Comoros,Sub-Saharan Africa ,3330.52446059187,63.463,62.71782705010189,0.7451729498981123,0.8254809974315549,0.9118997903038988,0.7544664929914929
ARE,United Arab Emirates,"Middle East, North Africa, Afghanistan & Pakistan",73644.0549928884,81.913,81.18520205182048,0.7277979481795143,1.2642808485162647,-0.26887157430475384,0.7394263028791833
GMB,"Gambia, The",Sub-Saharan Africa ,2574.93509664061,61.9,61.18307834294134,0.7169216570586556,1.0008498483492119,0.9803336551381676,0.7280202107529565
PAK,Pakistan,"Middle East, North Africa, Afghanistan & Pakistan",4292.02110293486,64.883,64.23064056364035,0.6523594363596459,0.5682317211987282,0.7237829789649766,0.6588924557735245
CZE,Czechia,Europe & Central Asia,39347.0492956846,78.0756097560976,77.44639711058754,0.6292126455100657,0.640076591465629,-0.13192193658440488,0.635105103660195
MHL,Marshall Islands,East Asia & Pacific,4244.58812838612,64.776,64.16435519128868,0.6116448087113184,0.5339675997789612,0.6872441565461145,0.6178295362971058
TZA,Tanzania,Sub-Saharan Africa ,2822.4853515625,62.286,61.73059860910048,0.5554013908995188,0.7624354498342427,0.7843210430880276,0.5633697970520579
PNG,Papua New Guinea,East Asia & Pacific,3577.91014722774,63.639,63.14519202343867,0.49380797656133524,0.5240136597115637,0.6336119405128144,0.4995986849240517
MEX,Mexico,Latin America & Caribbean ,20898.935720908,74.128,73.67239857713268,0.45560142286731775,0.15898006311688562,-0.06778111450151414,0.4582288213826186
NER,Niger,Sub-Saharan Africa ,1411.52001409831,57.987,57.5973588223183,0.38964117768170325,1.2937578217296206,0.8789441347225377,0.3992236786762595
MUS,Mauritius,Sub-Saharan Africa ,20313.0328941469,73.8634146341464,73.50278923597358,0.36062539817281447,0.055447803931897965,-0.15207219395620086,0.3626724950797667
OMN,Oman,"Middle East, North Africa, Afghanistan & Pakistan",41964.0828578552,78.187,77.83048232214172,0.35651767785827815,0.4112403566694809,-0.4288132688045323,0.3600481720946991
BHR,Bahrain,"Middle East, North Africa, Afghanistan & Pakistan",54516.8406594787,79.622,79.39141673344699,0.23058326655301187,0.48743657644725147,-0.6530824687115171,0.23344711154960257
ARG,Argentina,Latin America & Caribbean ,28825.9666865361,75.802,75.59051560897146,0.21148439102854866,0.04313281862980034,-0.432734506582662,0.21301015113048177
BGR,Bulgaria,Europe & Central Asia,22618.8104278919,74.3146341463415,74.14410843539265,0.17052571094885138,-0.09991926114271621,-0.38257331473452894,0.17155744062733105
TLS,Timor-Leste,East Asia & Pacific,4297.91482449132,64.384,64.2388255513197,0.14517444868029372,0.060255014006671104,0.21608235845228307,0.14662655805564784
SVK,Slovak Republic,Europe & Central Asia,30894.3118010926,76.109756097561,76.00384205072599,0.10591404683501082,-0.027215352765750822,-0.5643433364288057,0.10672209909457202
VIR,Virgin Islands (U.S.),Latin America & Caribbean ,46422.4151236223,78.5170731707317,78.43272775224153,0.08434541849017307,0.2125122124072476,-0.7389254163744141,0.0852572575798202
DNK,Denmark,Europe & Central Asia,60161.7010660256,80.0512195121951,79.97909609860707,0.07212341358803087,0.41501207544241936,-0.8485645858536799,0.07309755613138383
MMR,Myanmar,East Asia & Pacific,4340.99945069174,64.251,64.29832117723437,-0.04732117723436602,-0.13796383780359633,0.019838663589510475,-0.04779042364908868
MRT,Mauritania,Sub-Saharan Africa ,5716.25195414285,65.808,65.93985743461847,-0.13185743461846755,-0.3584392809860759,-0.16811008805622407,-0.13289081830610253
BTN,Bhutan,South Asia,11143.9445354588,69.759,69.92178627171016,-0.1627862717101607,-0.5429401532327063,-0.4498900356023512,-0.16363106040854217
EST,Estonia,Europe & Central Asia,33765.4302075072,76.3268292682927,76.53389722793311,-0.2070679596404119,-0.29109368464737884,-0.9107174338341224,-0.20876900330601794
IDN,Indonesia,East Asia & Pacific,9708.61182531081,68.862,69.09935645831521,-0.2373564583152188,-0.6062359879274766,-0.47264929328291316,-0.2386525388126788
CUW,Curacao,Latin America & Caribbean ,32320.8770365245,75.96,76.27309607822907,-0.3130960782290799,-0.42183460691197183,-1.000315761563229,-0.31557556044105206
HTI,Haiti,Latin America & Caribbean ,3266.43832519352,62.273,62.60193544358967,-0.3289354435896641,-0.2345454258411337,-0.15490773484209086,-0.3331065529042304
AFG,Afghanistan,"Middle East, North Africa, Afghanistan & Pakistan",2985.31914452845,61.735,62.06515140051292,-0.3301514005129178,-0.16778035082981546,-0.12230769987073131,-0.3346702872898714
HUN,Hungary,Europe & Central Asia,28179.656464434,75.0634146341463,75.4552584662049,-0.39184383205859774,-0.5711377273075726,-1.0275418831534608,-0.39462072529055625
SYC,Seychelles,Sub-Saharan Africa ,24919.955210328,74.2756097560976,74.72200998614385,-0.44640023004625107,-0.6800035102488806,-1.0359055431521682,-0.4492848512842478
VCT,St. Vincent and the Grenadines,Latin America & Caribbean ,13397.9632982701,70.539,71.02052161242212,-0.4815216124221138,-0.8601296073147751,-0.8378428313691728,-0.4839536596529621
STP,Sao Tome and Principe,Sub-Saharan Africa ,4919.55294386577,64.505,65.04458243064323,-0.539582430643236,-0.6972812307241156,-0.5194350985219103,-0.5443840954013569
SDN,Sudan,Sub-Saharan Africa ,4145.931640625,63.427,64.02408187235963,-0.597081872359631,-0.6608805290227835,-0.5126456720194099,-0.6032440260173895
NOR,Norway,Europe & Central Asia,85925.8723352057,81.4512195121951,82.105205958541,-0.6539864463459111,0.04555780400401943,-1.7086138106362796,-0.6658119942831132
LAO,Lao PDR,East Asia & Pacific,5608.96956337059,65.126,65.82684844269592,-0.7008484426959143,-0.9194308507923381,-0.7299818249776848,-0.7064283408392616
TKM,Turkmenistan,Europe & Central Asia,10689.3537347285,68.961,69.67336868608291,-0.712368686082911,-1.0902390358828598,-0.9838227912894695,-0.7161131147517997
ROU,Romania,Europe & Central Asia,26767.4556487181,74.4121951219512,75.14859255023784,-0.7363974282866366,-0.9394343605494555,-1.3527763281093002,-0.741413381297048
MOZ,Mozambique,Sub-Saharan Africa ,1338.51594866104,56.46,57.28059979941193,-0.8205997994119301,0.14802957951145856,-0.3113418517388311,-0.8415594873962072
MNG,Mongolia,East Asia & Pacific,12078.9185320062,69.500243902439,70.40233437078847,-0.9020904683494706,-1.2839055438645062,-1.2194675066301102,-0.9066888408369409
LCA,St. Lucia,Latin America & Caribbean ,21309.2251296295,72.86,73.78836328248126,-0.9283632824812571,-1.2188740457460483,-1.4590512932275175,-0.9337776580307042
SGP,Singapore,East Asia & Pacific,102061.11936105,81.9951219512195,83.13165172457775,-1.136529773358248,-0.23933893685055807,-2.255820538418874,-1.1600087570892674
SYR,Syrian Arab Republic,"Middle East, North Africa, Afghanistan & Pakistan",7296.32886794228,66.206,67.39558901942246,-1.1895890194224563,-1.5012483967148285,-1.3175489583270235,-1.197295067873004
DMA,Dominica,Latin America & Caribbean ,17431.1288003063,71.391,72.59016055508476,-1.1991605550847595,-1.54260628001974,-1.6543649253608237,-1.2055100546769195
USA,United States,North America,61142.3637034265,78.7414634146342,80.07553938682594,-1.3340759721917408,-0.9765490445649192,-2.2608396467485363,-1.3523424597742917
LBY,Libya,"Middle East, North Africa, Afghanistan & Pakistan",20601.0026641,72.188,73.5867545709689,-1.3987545709689044,-1.6997529688463118,-1.916741759769522,-1.4067561317432609
EGY,"Egypt, Arab Rep.","Middle East, North Africa, Afghanistan & Pakistan",13076.8052394876,69.464,70.87580238726082,-1.4118023872608205,-1.791700276694172,-1.7590066732286687,-1.418938272710905
LVA,Latvia,Europe & Central Asia,27496.5454583635,73.7780487804878,75.30888520555307,-1.5308364250652744,-1.7216475985630098,-2.1573133432676173,-1.54148009421737
UKR,Ukraine,Europe & Central Asia,17848.740234375,71.09,72.73137657730793,-1.6413765773079234,-1.9797579627485504,-2.1054771879333174,-1.6501455710529849
ABW,Aruba,Latin America & Caribbean ,34058.3102329903,74.841,76.58541166852889,-1.7444116685288975,-1.8234294410684555,-2.451306417853459,-1.7588467404856027
GNB,Guinea-Bissau,Sub-Saharan Africa ,2180.74338832775,58.27,60.19199345192901,-1.921993451929005,-1.4868789129819575,-1.5961456957944478,-1.9560216495381806
KWT,Kuwait,"Middle East, North Africa, Afghanistan & Pakistan",64908.262639237,78.3950243902439,80.4320489542142,-2.0370245639702915,-1.6241157053499649,-2.986247409578553,-2.066350408605247
LTU,Lithuania,Europe & Central Asia,30932.0983180261,73.8634146341464,76.01113295099097,-2.147718316844575,-2.280202284140003,-2.8184350077711997,-2.1641203694767075
IRQ,Iraq,"Middle East, North Africa, Afghanistan & Pakistan",13357.0143882323,68.827,71.00226347949888,-2.1752634794988808,-2.5540523772180137,-2.5304344837871895,-2.1862506842681304
AZE,Azerbaijan,Europe & Central Asia,19523.3737161356,71.08,73.26628730245739,-2.1862873024573872,-2.502639960649873,-2.6840858908436473,-2.198444597297914
BFA,Burkina Faso,Sub-Saharan Africa ,2003.6646118745,57.457,59.68685524553304,-2.229855245533038,-1.711737171526103,-1.8721851025122547,-2.2720527161768445
BOL,Bolivia,Latin America & Caribbean ,9884.46163594645,66.586,69.20642682053293,-2.620426820532927,-2.991376766897318,-2.862464808505095,-2.634621949582627
TGO,Togo,Sub-Saharan Africa ,2333.19276737886,57.953,60.59503862360995,-2.642038623609949,-2.2702718869890504,-2.3415816599822037,-2.6863548332106735
DJI,Djibouti,"Middle East, North Africa, Afghanistan & Pakistan",4469.07409933135,61.719,64.47175448515688,-2.7527544851568777,-2.859762846488046,-2.696520489485458,-2.7793708535184103
BHS,"Bahamas, The",Latin America & Caribbean ,33667.5547098911,73.707,76.51658232042098,-2.8095823204209864,-2.8952819293660355,-3.5121410006918126,-2.832606347461486
KEN,Kenya,Sub-Saharan Africa ,4387.93790075409,61.537,64.36247016775224,-2.8254701677522363,-2.922221282343024,-2.762351545685469,-2.853227600425451
BMU,Bermuda,North America,96715.1659966888,79.847,82.81074145936002,-2.9637414593600226,-2.130124688967996,-4.0628157163715315,-3.022503626708678
BLR,Belarus,Europe & Central Asia,25879.1319400701,71.9658536585366,74.94728478866027,-2.981431130123667,-3.1992493755336824,-3.585128167060077,-3.001232905937226
BEN,Benin,Sub-Saharan Africa ,2779.7264808532,58.559,61.639545788059806,-3.0805457880598084,-2.8610512179616734,-2.8458900461011183,-3.1253092105159688
LUX,Luxembourg,Europe & Central Asia,128897.403218507,81.3926829268293,84.52407958926554,-3.131396662436245,-1.9395878301481702,-4.338406744032866,-3.2082528992489983
KNA,St. Kitts and Nevis,Latin America & Caribbean ,25114.0572603244,71.362,74.76828912195043,-3.4062891219504365,-3.636714793000266,-3.9987098996673325,-3.4284232014159253
MAC,"Macao SAR, China",East Asia & Pacific,164239.261923457,82.4707317073171,85.96937012829754,-3.4986384209804413,-1.9687577177716946,-4.796698029446617,-3.600315483172583
GHA,Ghana,Sub-Saharan Africa ,5339.71321903045,61.995,65.53341478974228,-3.5384147897422835,-3.7352878872102124,-3.5490626187408267,-3.56777562703643
FJI,Fiji,East Asia & Pacific,10140.693585539,65.812,69.35907771918644,-3.547077719186447,-3.9206675353223517,-3.7987323148393983,-3.5660881460901077
GUY,Guyana,Latin America & Caribbean ,11534.9985588659,66.443,70.12750568014476,-3.684505680144767,-4.065815540444717,-3.9845692291459045,-3.7034593564221256
SAU,Saudi Arabia,"Middle East, North Africa, Afghanistan & Pakistan",59471.7001909394,76.09,79.91029105424005,-3.8202910542400446,-3.4877562383331764,-4.736644515700178,-3.8713891024410017
PLW,Palau,East Asia & Pacific,18024.7540996872,68.863,72.78990879179753,-3.92690879179753,-4.263099084714071,-4.394696778969006,-3.9479703435311873
CYM,Cayman Islands,Latin America & Caribbean ,73982.6781335848,77.121,81.21256548956006,-4.091565489560068,-3.5504248770960345,-5.089958837110942,-4.157183109573806
SXM,Sint Maarten (Dutch part),Latin America & Caribbean ,53357.003462797,75.125,79.26314945341171,-4.138149453411714,-3.8993517451120567,-5.0137346852448275,-4.188605863836659
ZMB,Zambia,Sub-Saharan Africa ,3474.55252844092,58.704,62.97034788911273,-4.26634788911273,-4.215991641428289,-4.115529201632405,-4.3176574722581895
MLI,Mali,Sub-Saharan Africa ,2520.52931086804,56.696,61.0556998543061,-4.3596998543061005,-4.05720615288304,-4.08826334433062,-4.428383625104561
GIN,Guinea,Sub-Saharan Africa ,2762.90350938513,57.117,61.60333763046941,-4.486337630469414,-4.261851746369501,-4.2494008692081024,-4.551858997848023
TTO,Trinidad and Tobago,Latin America & Caribbean ,36903.6898574094,72.513,77.06400380107287,-4.551003801072866,-4.5814993340416805,-5.288048604005894,-4.5913304137601205
SUR,Suriname,Latin America & Caribbean ,24193.8412373922,69.957,74.54562922781612,-4.588629227816128,-4.834034133971201,-5.16702301409687,-4.617669652361536
QAT,Qatar,"Middle East, North Africa, Afghanistan & Pakistan",147077.406092637,80.499,85.31107496899138,-4.812074968991382,-3.440254060865527,-6.068663702794893,-4.941721526583234
KAZ,Kazakhstan,Europe & Central Asia,28881.2417563728,69.939,75.60194222513057,-5.662942225130578,-5.830356195193573,-6.307880969697749,-5.70385983446127
COG,"Congo, Rep.",Sub-Saharan Africa ,9079.68656400891,62.662,68.69987911390159,-6.037879113901589,-6.397441854708099,-6.248005920156253,-6.071955373389009
CMR,Cameroon,Sub-Saharan Africa ,4382.11120797355,58.17,64.35454445313067,-6.18454445313067,-6.280544364070437,-6.1209265317556145,-6.245371598244457
RUS,Russian Federation,Europe & Central Asia,35740.69921875,70.0721951219512,76.87300549190913,-6.800810369957929,-6.851102520689608,-7.52582277856429,-6.8594418498903185
CAF,Central African Republic,Sub-Saharan Africa ,1577.98053252253,51.336,58.26229554512945,-6.926295545129449,-6.152467354867973,-6.478881863895197,-7.0833740951240385
SOM,"Somalia, Fed. Rep.",Sub-Saharan Africa ,1114.8041489283,49.138,56.18975982123379,-7.051759821233794,-5.848883584014409,-6.473781805711873,-7.256209420822083
BRN,Brunei Darussalam,East Asia & Pacific,89718.4636049982,74.843,82.36283076085364,-7.519830760853637,-6.772238113334879,-8.590687814418885,-7.660497743192706
CIV,Cote d'Ivoire,Sub-Saharan Africa ,4234.21187719492,56.57,64.14975614201896,-7.579756142018958,-7.656003365826528,-7.503237092232986,-7.65656306655975
GAB,Gabon,Sub-Saharan Africa ,19450.402706679,65.438,73.24395175280881,-7.805951752808809,-8.12331431196938,-8.30234325993844,-7.849277736265851
SLE,Sierra Leone,Sub-Saharan Africa ,2792.92626459232,53.159,61.66780264930601,-8.508802649306013,-8.293188970708009,-8.275927015759983,-8.631956827543938
NRU,Naoero,East Asia & Pacific,9640.80144364362,60.533,69.05754951280089,-8.524549512800888,-8.892571651905683,-8.757208619458495,-8.571247649898714
ZWE,Zimbabwe,Sub-Saharan Africa ,5003.50873397069,55.386,65.14551552724781,-9.759515527247807,-9.925610998882611,-9.745726716436302,-9.845111466332131
ZAF,South Africa,Sub-Saharan Africa ,14563.7624041032,61.737,71.51817830666495,-9.781178306664948,-10.152835410840275,-10.16885059678463,-9.83078658361184
GRL,Greenland,Europe & Central Asia,62111.1033086807,69.959512195122,80.16930317095579,-10.209790975833783,-9.837892159896612,-11.142461523750626,-10.351448735706755
TCD,Chad,Sub-Saharan Africa ,2886.27474563619,50.765,61.86390256331791,-11.098902563317907,-10.909875741138862,-10.878380711871571,-11.255188721718799
AGO,Angola,Sub-Saharan Africa ,11516.8133246588,58.916,70.11809475770671,-11.202094757706718,-11.583366271664175,-11.501565443188554,-11.25974117187222
BWA,Botswana,Sub-Saharan Africa ,14957.6189142932,60.384,71.67734250832854,-11.293342508328536,-11.661953997672796,-11.691041727196904,-11.350820963512945
NAM,Namibia,Sub-Saharan Africa ,11266.6089486464,57.733,69.9870825776346,-12.254082577634598,-12.63467551399328,-12.545299838156147,-12.317487381545291
LSO,Lesotho,Sub-Saharan Africa ,2894.22705048142,48.235,61.880313978240636,-13.645313978240637,-13.458484744518628,-13.425826003045216,-13.837013803314129
NGA,Nigeria,Sub-Saharan Africa ,8265.90551181051,51.688,68.13979189633324,-16.451791896333233,-16.79406350404166,-16.6266346716003,-16.549806301012683
GNQ,Equatorial Guinea,Sub-Saharan Africa ,35711.4919273537,59.301,76.86812915135216,-17.567129151352162,-17.617919210620983,-18.291834363247148,-17.718474012419627
SWZ,Eswatini,Sub-Saharan Africa ,8645.84478287802,50.714,68.40784261847155,-17.69384261847155,-18.04500545054121,-17.88557188871566,-17.796451452553733
