iso3,rule_of_law,gov_effect,control_corrupt,reg_quality,g_gdp,g_gni,g_cons,init_gdp,life_exp_12,child_surv_12,school_sec_12,life_exp_12_r,child_surv_12_r,school_sec_12_r,income,country
AGO,-1.4266760625208914,-1.168875897979217,-1.5027636527490416,-1.2449883761559566,-2.3047532442247167,-2.282893578051212,-0.017059406244509554,-0.1492825885035483,-1.4744619349082184,-1.2873089711199308,-1.9266218840044733,-2.5206536098366152,-2.5556086967771354,-3.4188619914654206,Lower middle income,Angola
ALB,-0.4362422865716617,-0.4475750731744308,-0.8665731256272458,-0.20068657696821882,1.58197238389002,1.4633385836317492,1.2490414131920229,-0.07978545446137643,0.7726086309696932,0.34780782562633683,0.5802747746759208,1.5703840546354937,0.9277963592044992,1.2312091503065388,Upper middle income,Albania
ARG,-0.5549701896586956,-0.08604542517004872,-0.5511578548968085,-1.0299800025109997,-1.0067009690717523,-0.7824237096087261,-1.3951795401325078,0.6578461884129769,0.5050890654785942,0.19679619690095343,0.7685597916587921,-0.09483698558307224,-0.8639197765813619,0.39748216409446957,Upper middle income,Argentina
ARM,-0.3890079323326976,-0.05427358304808069,-0.6558942726730439,0.33766518017748814,1.4428652961562145,0.6909974134180817,-0.05088200153328351,-0.1281903092398264,0.3078504999636783,-0.013705514852069764,0.1840080387564945,0.7779934917049013,0.22291441327764497,0.556608633974445,Upper middle income,Armenia
AUT,1.7775977825927618,1.5256120004565241,1.3970600659112848,1.5650629240810978,-0.44622184996534614,-0.5014482886038479,-1.0101640785547445,1.3227078317112833,1.1070180952989876,1.2525751965716285,0.6725506188274131,-0.019716528496894113,0.16038258382490417,-0.8587782694849424,High income,Austria
BEL,1.3686996412348507,1.8236927098900213,1.5147571740765486,1.0959483904326242,-0.2448511960879077,-0.3787849094540907,-0.6424051839067717,1.2476437251613595,1.0423984614722233,1.1890241662097858,2.8871362428146337,-0.021955143477976235,0.1679615214572618,3.469485882996272,High income,Belgium
BEN,-0.46283657788573157,-0.6195169318323497,-0.7167779875673542,-0.7022355615821284,0.5700215706405144,0.5262789314987308,-0.42322663367190166,-1.399785984695455,-1.5163131552764577,-1.6010994395257883,-1.1016804678053131,-0.6236979699273164,-0.7798529320016462,0.1680607010846348,Lower middle income,Benin
BFA,-0.3938793346970267,-0.7444213303056305,-0.405099895878593,-0.37908268108960863,0.31823952033495606,0.1343723707221506,-0.6076282354217839,-1.6877888214878494,-1.6455009559649725,-1.6779155341295977,-2.090754039950066,-0.4103032896034698,-0.38094845115272197,-1.24569340677166,Low income,Burkina Faso
BGR,-0.24196720520503287,-0.30205229745470585,-0.3865958366985416,0.25374225495078995,1.140024388770598,1.1149804669242611,1.6396222789868877,0.4445152175933361,0.3307247066280155,0.4562258592632765,0.49840173346768346,-0.08384378731538979,0.13202032951954698,0.2288345913376821,High income,Bulgaria
BHR,-0.15795936393965082,0.2684292244809795,0.15341818047408248,0.7702541560164888,-0.5191327386818709,-0.6728988456608929,-1.1561594815477154,1.2184420853951254,0.9529088464496712,0.6325631490709228,0.6121889232525286,-0.14312788032289744,-1.0065408419290645,-0.8050384447371215,High income,Bahrain
BHS,0.6739635123236329,0.949673955318874,1.5101287612737886,0.5216371102777673,-0.7072634509313273,-0.493887878618427,-1.1992449209185365,0.7944320089246827,0.25949156779942834,0.10884889699316569,0.3799401982217269,-0.7697118218713301,-1.32851522413233,-0.561384885203786,High income,"Bahamas, The"
BIH,-0.1519040577641831,-0.7151397185220573,-0.43680104259851255,-0.3338638360044584,1.4858884734188873,1.110888881489508,0.6900340642981858,-0.06832629959633278,0.6498684972846887,0.7993097339559843,0.3284358770369005,1.3228262558332742,1.9049367547494862,0.7342851706664478,Upper middle income,Bosnia and Herzegovina
BLR,-0.7895120946970302,-1.2271460783784265,-0.3384506483787273,-1.2367715653698357,-0.678727535641842,-0.5879284528625537,0.9082061927818742,0.5629759071639028,0.05537644390604367,1.074243037313216,0.9511762145215038,-0.7857075022234222,1.266481754665033,0.8976292327696006,Upper middle income,Belarus
BLZ,-0.3611951330538053,-0.37207285107948007,-0.09577865903007415,-0.46820765225490557,-0.49402806941417526,-0.1313250169806042,-0.35160096998061,-0.12468164940569636,-0.042142017655697375,-0.0543481163270727,-0.11357357143230636,0.11815429178141507,0.1259857673199649,-0.01437073031938202,Upper middle income,Belize
BOL,-1.1669334984977071,-0.3502743437979303,-0.7389727095957882,-1.0606813140394706,0.0003603438514600491,-0.3227430655011512,-0.04814049898779194,-0.2837447300464507,-0.5753054636914205,-0.5829122716613422,0.18912574884901387,-0.6273304523830401,-0.7301786345434211,0.8175794794204363,Lower middle income,Bolivia
BRA,-0.060185695835425566,-0.0934147924251393,-0.029859849847069707,0.09819501594611472,-0.8957215710283496,-0.8129191392634278,-1.0201442015104927,0.28333671181076747,0.3331122019486003,-0.02916760789313089,0.4686015594190611,0.1752041784453972,-0.6243699625645107,0.43255627261457863,Upper middle income,Brazil
BRN,0.6535045690116368,0.7059682438716728,0.9793743544898755,0.97455308554864,-1.6896580883470986,-1.532800537498572,1.4374542122228002,1.6566967143495237,0.3926651989992055,0.4299928778983659,0.8615610132940398,-1.8827131278219498,-2.3209520955916143,-1.0391705050541125,High income,Brunei Darussalam
BTN,0.1838547864396106,0.4612176775664548,0.8209954832356237,-1.0285634922118558,0.4463344947065362,0.21938726962603944,2.901003249199219,-0.1782361782414637,-0.20333369274345445,-0.6659228191708517,-0.3600982876145308,-0.0985967473620873,-1.1224436591119398,-0.3961904526362631,Lower middle income,Bhutan
CAF,-1.5155345857303117,-1.5991807191937306,-0.9990807422008697,-1.3579958554843607,-2.5937981515471638,-1.3302468096154358,-1.611973739237164,-1.8978975027976182,-2.36306767830109,-1.7499960621380168,-2.445822931777841,-1.4198951471952852,-0.12545178327642253,-1.5808496640606136,Low income,Central African Republic
CAN,1.6711514090291149,1.9663750251854135,1.8804267454032046,1.7832121887031653,-0.3766084475751423,-0.19696810961472236,-0.3594793518330486,1.2106285445523242,1.1922531078819765,0.9569037126777951,1.069876135546091,0.31665841510453624,-0.2729025688048602,0.07704479244638704,High income,Canada
CHE,1.9524163893062407,1.9700012487168208,2.214817116233364,1.9154813834001643,-0.20003409711600237,-0.5585665622852013,-0.8562758862520572,1.517286840775339,1.313457810444639,1.1688223658004604,0.608477766625254,0.058872980703029834,-0.40950089535464745,-1.2947773313216864,High income,Switzerland
CHL,1.1812919592673738,1.2746586163645233,1.5080378016581817,1.5849605253530343,-0.2582277092283294,-0.07958162181171427,0.3654068527967163,0.589682675170563,0.905899492478624,0.6006054594092031,0.2811128807607239,0.7621279104647319,0.16492171934187316,-0.4184184026801718,High income,Chile
CIV,-1.1063183806619452,-1.2192156639574854,-0.8793886978700128,-0.9827499273906601,1.3164537051405265,2.7644660160614434,1.0770701769899824,-1.0295544056812072,-1.7494842401852202,-1.5336756537644936,-1.5288928000181357,-1.6443902141336542,-1.3620129453643033,-1.2415010758864304,Lower middle income,Cote d'Ivoire
CMR,-1.1759624479344146,-0.9709161135945342,-1.290936747139519,-1.098163547300631,-0.27181386616921993,-0.12310450708310473,-0.19691090127811683,-0.9993501243280655,-1.5619157455376482,-1.582980455013764,-1.0624008342007196,-1.3414465738619696,-1.5308646962378718,-0.40409727797037936,Lower middle income,Cameroon
COD,-1.7721757130371731,-1.7568045226176703,-1.4343317314467714,-1.6514633310078286,0.41981603538959406,0.38997821607763034,-1.0359278190849865,-2.1519814500712893,-1.6580445990445287,-1.5391907740583828,-1.5902261453732456,0.29944830162309316,0.8433321566140476,0.4549093217576579,Low income,"Congo, Dem. Rep."
COG,-1.2717691486281828,-1.19894634971703,-1.28021430045484,-1.3422891014245646,-2.879880834732106,-3.464454206624806,-1.3029495745320856,-0.3584555832529849,-1.0353171968145904,-1.0957887839838152,-1.1576903944714911,-1.3692969669836794,-1.7182582853993797,-1.6202794258560316,Lower middle income,"Congo, Rep."
COL,-0.4840344092817051,-0.1989104389805949,-0.44097574202145456,0.13377506572162448,0.21034890326573383,0.21224289746418637,0.7509141500533478,0.0994207189161136,0.48269807643004004,-0.02404374722019316,0.5663999591649225,0.7453480167291059,-0.24966469733306557,0.9154006370521964,Upper middle income,Colombia
COM,-1.0957299303539128,-1.7747611087717174,-0.822413787174009,-1.6693456513185376,-0.5989724935354988,-0.33356991612348613,-0.6727303605722131,-1.240750000465022,-0.9414157191816496,-1.0097564717381218,-0.8447692812727559,0.19984962130525025,0.21537881881493637,0.39923966680748973,Lower middle income,Comoros
CPV,0.6245758120713921,0.03104844982356452,0.8917458912541781,-0.14628614379318622,0.15728553751334162,0.5143943777031478,1.503350864459584,-0.5386727232413436,0.2135372866107737,-0.3292073175958282,0.2981006377939434,1.2500437514771197,0.33526743965905326,1.4363530338787218,Upper middle income,Cabo Verde
CRI,0.45708581817318594,0.3724590186076831,0.6734425082045724,0.6417883429304033,0.4659326910303202,0.24205988397045203,0.3240040012947373,0.3349738445317682,0.9884296301235549,0.4651471502617575,0.789129424590576,1.318732381759652,0.36819390514770733,0.9580558398513235,High income,Costa Rica
CYP,0.9976380391260988,1.4880860297429959,1.0186743494157753,1.0260932364879976,0.5968238850660935,0.0743515357978826,-0.18476459811731638,0.9280572457092596,1.1294576920366983,1.5659995997292535,0.49506150531856574,0.6455918176949262,1.6341152262210015,-0.558519466533479,High income,Cyprus
CZE,0.8607787164865482,0.6855046638670896,0.4052109536123934,0.9043757187573302,0.30722610045626114,0.3675601073326205,-0.03481622615386685,0.9315706345427368,0.7716250400831316,1.4486602750938324,0.6602318731825368,-0.02891167357266464,1.3673443959764102,-0.25042205184569943,High income,Czechia
DEU,1.6886046292413501,1.778073251855809,1.6909905280466342,1.5367853801366804,-0.3101917731193784,-0.23773274009821743,-0.5760514564196528,1.2745995797330059,1.060411899220393,1.2525751965716285,0.8324946644482879,-0.03085703774240559,0.2554291296461471,-0.47723086126515024,High income,Germany
DNK,2.0090758001028033,1.9991355962291788,2.311068299628089,1.885798715543301,-0.06444915520563047,0.27944345645421936,-0.3806803401462887,1.305119068052831,1.0032263825595467,1.2308768196739537,1.5756484019903014,-0.18596924019402047,0.14708471909156748,0.8852348900668012,High income,Denmark
DOM,-0.62982307608885,-0.618968934742416,-0.8243480769501197,-0.3116245805140879,1.3271287169994912,1.1428769027771597,0.90046808225052,0.11130435085639567,0.1551565926517164,-0.6484224475781978,-0.14396538240536166,0.11425170466883483,-1.6557314767181397,-0.4532661709429059,Upper middle income,Dominican Republic
DZA,-0.8759514825425377,-0.7872622892515249,-0.4861062478273541,-1.3003720895131365,-0.7838439670560507,-0.7437949403350383,-0.6803603193393082,0.06526011856031672,0.36523330665699705,-0.41229969015050505,0.7860648736761415,0.5797096081935749,-1.04190603285799,1.387871063993,Upper middle income,Algeria
ECU,-1.1465083179010074,-0.3973505298175772,-0.6510556603094586,-1.2020518446970219,-0.3248877863473441,-0.3852420501109854,-0.5156957874982372,-0.045351709531553784,0.4680442877856985,-0.039326560526739315,0.6151973640221828,0.9466242508929008,0.0025180095605916346,1.2419343916614476,Upper middle income,Ecuador
EGY,-0.580818019943301,-0.65230190545708,-0.5518794231635074,-0.6698190660726409,0.4001850763613336,0.2064769878104669,0.2259941023966343,-0.03752809283807225,-0.2379166339441007,-0.47600435974967825,-0.32732226370248785,-0.38549939506072456,-0.9798933257944823,-0.56119548075122,Lower middle income,"Egypt, Arab Rep."
ESP,1.1265213672910344,0.870129604834329,1.1222933471517855,0.8464137552042496,-0.10951312794002754,-0.10958046911289014,-0.6467541685182044,0.9685029256713404,1.2817198486978671,1.345159655608107,1.694107670034657,0.8663551605100863,1.065192122778897,1.6539670829875337,High income,Spain
EST,1.2004215351070013,1.0347574794861303,1.130776725011169,1.4878890606012303,0.5121083249659949,0.6774896290267667,1.1384434607730927,0.7969857891441731,0.5666149628539985,1.274822957429477,1.13122459832464,-0.199590499091112,1.2483056568736506,0.8616963137799885,High income,Estonia
ETH,-0.801000884079642,-0.5344658737075947,-0.6479592908219562,-1.1135915538552765,2.0126722379068167,1.9636442902938356,1.9325306513458462,-1.8985733349339304,-1.1782209436742095,-1.3208344392807896,-1.6855199371885459,0.7961965639027516,0.8261944204831889,-0.13541953496773254,Low income,Ethiopia
FIN,2.081175394949431,2.324192616232298,2.1365456276579273,2.0811079832921395,-0.5109687110788771,-0.29658883147151166,-0.8854995139831097,1.2093721619453022,1.0707052922193474,1.5659995997292535,1.0362466104099592,0.09141405070917553,1.0783267704629043,0.015188471690279225,High income,Finland
FRA,1.3421645661472974,1.5176436028878302,1.4966291637673357,1.1351867548731234,-0.42341149374022635,-0.299574406032319,-0.6396463329354037,1.1412234408279642,1.2279654630366668,1.2308768196739537,0.883109173693173,0.493047987929156,0.47089014960198405,-0.16565226359032828,High income,France
GBR,1.5629586300923206,1.5122101029905153,1.511126126216467,1.692072593483567,-0.1893841217856425,-0.06419162745912875,-0.3781753460079079,1.1082689235171392,1.1033010367160296,1.0923620218252406,0.3927300594806025,0.31204507352689725,0.22927850044990428,-1.0439920593599163,High income,United Kingdom
GEO,0.1829158463790176,0.5636792345225302,0.5183669055148666,0.6499250110716815,1.697396391121711,1.2373540077234622,1.8423796868262294,-0.02968169012805576,0.13815819782428068,0.27265610380759525,0.9283314547029374,0.305164116202163,0.6623956394955194,1.811481548935871,Upper middle income,Georgia
GHA,0.16111901603097983,-0.06399949693714886,-0.03676013003270238,-0.1272393464735343,0.4389710942707108,0.5121777871793909,0.7456881191635334,-0.8254782312859569,-1.1135098130207972,-1.1314785466841164,-0.9284035052041651,-0.7778034690715261,-0.8746000159042837,-0.4303790040495972,Lower middle income,Ghana
GIN,-1.532346945430707,-1.3831829713523909,-1.2078823418643077,-1.2534127695303585,0.90243379324951,0.518532399144667,-0.3030210461218041,-1.4051263352906733,-1.6853592610775818,-1.724396343697138,-1.6612583694006688,-0.9312878054313622,-1.0423237236793184,-0.886337127666701,Lower middle income,Guinea
GMB,-0.784399515054899,-0.6994624395283244,-0.8124428193902978,-0.5978430881208462,-0.2394265033159045,-0.27998883772282934,-0.4030941006788794,-1.4671104870855682,-1.1246466923904965,-1.2214359795019365,-1.3416866452408203,0.21484741176095795,0.19386386103481096,-0.17913480929338477,Low income,"Gambia, The"
GRC,0.35060915282759086,0.15325901555465937,-0.0417974934039962,0.04916216925476456,-0.07344486542429246,-0.1053625397303252,0.06155991973210668,0.7288847780784069,1.0715630749692577,1.2525751965716285,0.9007133756151702,0.8519569669815027,1.3335873409279642,0.5337924590203027,High income,Greece
GTM,-1.024111638264905,-0.8220018035133789,-0.8115113609831284,-0.6185341234736214,0.1705332427262705,0.061651206177383615,0.32673694449547536,-0.26243347271151923,-0.09044090502744785,-0.5692031072527488,-1.061819131383292,0.24544315671513897,-0.7419260844204105,-1.59324717143904,Upper middle income,Guatemala
HND,-1.268958954773705,-0.817646367203828,-1.1480446740484507,-0.5257788656721346,-0.131599288949942,-0.15684885176419797,0.4345085687691872,-0.7835121044245803,-0.12115524602598779,-0.2729787830665853,-0.6405090609387908,1.0110779120881688,0.9435011380734601,0.04874768275927692,Lower middle income,Honduras
HRV,0.2683790605152886,0.3382089352414464,0.07932809542926886,0.1168505157074777,1.0512750771950343,0.8836911124850776,0.9024186400945752,0.6403757044133225,0.6652599790939515,1.0220253236466106,0.6444138006780277,0.23219119267608673,0.9979365462359495,0.18986152634932524,High income,Croatia
HUN,0.5822586134090746,0.3710952326262708,0.37731309874989516,0.7313286982412359,1.167271470821329,0.799489015492115,1.5452075549265942,0.6378970771919036,0.4185044747024028,0.9413503930998574,0.7140846747655639,-0.22519344604198618,0.8241915658304921,0.32621789098809084,High income,Hungary
IDN,-0.4183686627050991,-0.3602849190988637,-0.8148040061155022,-0.3054512976869659,0.9062822700348705,0.8058815110532735,0.7720447971355099,-0.29953656566172887,-0.30848928005525006,-0.5150658845072491,-0.06621452861984278,-0.1035846079548978,-0.5487438464604865,0.35801929568649904,Upper middle income,Indonesia
IND,-0.15084258323841804,-0.18169569128788657,-0.5368972895985167,-0.518757406520429,1.6453918582332998,1.3819670019987793,1.9926499700072,-0.8314644676439685,-0.4006323030508699,-1.001347416029969,-0.4457728024370906,0.5643482871177806,-0.5746181841658744,0.4961376542917339,Lower middle income,India
IRL,1.593581202506497,1.3681286710204004,1.4295330101354506,1.557078548861918,3.1425388832035903,1.9764046906500339,-0.025221722021046767,1.2924724266626868,1.0964387747167228,1.2525751965716285,1.3237469912295958,0.008263269324402692,0.22011809058729662,0.4271274174699794,High income,Ireland
IRN,-1.0481645752892865,-0.6524329367070445,-1.0316111354708548,-1.4763553744992128,-0.3955725247124846,-1.3452822158678859,-1.7059047027116196,0.09247361135010417,0.4156423395935328,-0.04436233141807157,0.030237023103999474,0.630963056266962,-0.28093174270559235,-0.09192085486704604,Upper middle income,"Iran, Islamic Rep."
ISL,1.7654810698135175,1.4752295830106454,1.8634902097390609,1.1878284292411174,-0.08555705082406104,0.46882182403323275,0.08415711506282242,1.276010330095248,1.3391912929420124,1.631121210698069,1.1674565841380427,0.4880817311564094,1.0908726008130414,0.15681368574114923,High income,Iceland
ISR,0.9032829248304761,1.2917536853123257,0.7614776529262037,1.1022749515422312,0.2922111009786266,0.4891659025319255,0.05753899453513109,0.9292974015896708,1.1970852840398152,1.1890241662097858,0.597383095484195,0.7700600818798309,0.7969122146573238,-0.3661434394532822,High income,Israel
ITA,0.5612846046241621,0.3444099493592015,0.1454388483721829,0.41876460995630804,-0.3230508460505426,-0.28512164739653884,-0.8388916013796704,1.1026966650838024,1.2597034247834384,1.2976486463684496,0.6851405362567629,0.6132346593762668,0.6948624752466273,-0.47950314704136576,High income,Italy
JPN,1.4050662928009376,1.3071153222261844,1.5190997856118673,1.4559287869511133,-0.2765347861088403,-0.1908094175542377,-0.8890585851845121,0.9972059602829677,1.360178377556542,1.4765591140489684,0.7072710260954967,0.9676932737184882,1.2994475433114208,-0.2670753692650742,High income,Japan
KAZ,-0.6895522644824178,-0.7453005659076193,-0.9596069561758581,-0.4763315107111475,-0.00926346443535308,0.36565957328888965,0.14085285362517228,0.6595315030069139,-0.18223223709560346,0.01805961654971953,0.6322940698458251,-1.3824190294117396,-1.2630334906000258,0.13589770571967083,Upper middle income,Kazakhstan
KGZ,-0.9961913452320162,-1.0346467428282982,-1.214374496602352,-0.6557526086044192,0.30606960247451864,1.1775024517448316,0.584648424030546,-0.8844697467916498,-0.174795260653865,-0.39225152897851046,0.19932047371973363,1.0702646138972307,0.8788504521869611,1.8072268663167423,Lower middle income,Kyrgyz Republic
KOR,1.0585274658761583,1.3270906384151104,0.5238186858809569,0.9077786061130054,0.5302179482459529,0.4320183438740466,0.03799795720086342,0.979234481500697,1.0932935713003857,1.2976486463684496,0.5713725682430915,0.49714896482728593,0.9387843307823674,-0.49621283019743434,High income,"Korea, Rep."
KWT,0.3310511796689541,-0.05759954873543965,-0.15812613848141563,0.05582736588417789,-2.082828440937316,-2.1174977476792107,-1.7710992156523784,1.3719252027203668,0.8090701163926478,0.4473942309979658,0.6203804183166075,-0.6544583300421252,-1.7198019489790766,-1.037380418453479,High income,Kuwait
LBN,-0.5596999148345381,-0.36348441575791784,-0.986197510040584,-0.5055775544319011,-3.049317322824677,-3.377504783567647,-1.9881308530000605,0.20986417855205058,0.7558446967605664,0.2373606117386883,-0.3570696024572933,1.0815372174173996,0.11097316476948854,-1.017289835747751,Lower middle income,Lebanon
LSO,-0.22297688741852795,-0.5575989899715758,0.13159713509376877,-0.6722531251985174,-1.4435787400556421,-0.48214938602210033,-1.3670772024983946,-1.3642750216056652,-2.726598866989915,-1.395138365939052,-0.8418674864766388,-2.94236962322864,-0.3939428243871665,0.6042676356066047,Lower middle income,Lesotho
LTU,0.6020246322090077,0.6609210794101802,0.5594419418744265,0.9888625985790893,1.412896834030813,0.8506229198663882,1.2247336350153686,0.7198831497580863,0.2778281037167353,1.00528692011876,0.8963934936361068,-0.6176809940803015,0.8037906551775728,0.5401253040750289,High income,Lithuania
LUX,1.8571817615361386,1.9319934861765,2.2199336912154104,1.8090615856840306,-0.6625731654868899,-1.1195672131835392,-0.6620411520446773,1.9754598670564685,1.160486553376876,1.5979572893909733,0.6910342283121491,-0.9507941048809342,-0.36445265508292973,-1.8779789011739831,High income,Luxembourg
LVA,0.588851283174726,0.5594470842959428,0.38035583537595047,0.9089683740385587,0.8996217728610922,0.8596882282581348,1.1283430711563345,0.6163084468481886,0.2678206383010798,0.8125241125318687,0.9027157666426575,-0.47279126420800416,0.5815782520137415,0.7194277078526116,High income,Latvia
MAR,-0.3620952617687783,-0.3009750826523658,-0.5368402531131702,-0.11524137942746036,-0.10812598909186595,-0.018976003130802565,-0.5509227565871309,-0.5116433604189728,0.02116234928785886,-0.44153956534686445,-0.485379005275561,0.8477129834006233,0.03312393798120107,-0.09567126208960597,Lower middle income,Morocco
MDA,-0.39237305480369816,-0.6843159697196707,-0.7604346210846432,-0.4233785719452185,1.4243777070982557,1.0510421490068396,1.3792030615793793,-0.25969672460783116,-0.1347539618879367,0.023467262019464696,0.23286314093319033,0.15827889758429087,0.5650423754851798,0.86182496210345,Upper middle income,Moldova
MDG,-0.8834401790110233,-1.051885256512904,-0.6497151481936364,-0.9339914488249599,-0.866756514233954,-0.6241031135533807,-1.1502755233080533,-1.8759783486641668,-0.994872740156208,-1.2279888779943806,-1.7160557090708526,1.1032695684950609,0.987145847472464,-0.22992300534484944,Low income,Madagascar
MDV,-0.5717417395972988,-0.1281885763985216,-0.7512609264143656,-0.3871986566627524,0.2997831055834209,-1.8678808233699264,0.4264910493063181,0.21325231281497284,0.7055528941331859,0.27988856945563023,-0.3657901269153851,0.9821670516529751,0.1984507727443819,-1.0393285676016182,Upper middle income,Maldives
MEX,-0.6388786360145603,0.12275525885744937,-0.49045215984645496,0.204477739083911,-0.6885461643453356,-0.6755918761741059,-0.708073905522064,0.37494260771834,0.3088455279535714,-0.06422169903134713,0.32505172074824273,-0.014854735365450062,-0.8829757412011393,0.011896106672138952,Upper middle income,Mexico
MKD,-0.21271060283307902,-0.1893617090489697,-0.14998033822879292,0.12010833611722871,0.7223086588887647,0.9571048206977503,1.239541146755165,0.20306829083241495,0.3996332542043361,0.412929436595152,0.14554275759232502,0.42634821935039213,0.5131692428105225,-0.05150652644277371,Upper middle income,North Macedonia
MLI,-0.8017473451091053,-1.0531155709862543,-0.705183800603924,-0.6849825581055118,-0.2179345254257798,-0.019835307742190687,-0.2527530770725749,-1.4858975735564268,-1.7347132212317242,-1.7642964528460265,-1.5727100112679946,-0.895973318393156,-0.9710980674459241,-0.5876625691538134,Low income,Mali
MLT,1.3040253194382536,1.049693556607594,0.9179293510724984,1.2403181391404752,1.2402792213298093,1.209701226847596,0.13753453151963585,0.9223578705441758,1.0847157438012485,0.7862911311669577,0.5030761380601063,0.5709507866025901,-0.08116650818241095,-0.5340886326891647,High income,Malta
MNE,-0.09182966927216493,-0.18636114647387086,-0.3663522162854785,-0.0843304051054471,0.6366436391802431,1.1442775127592604,1.218269587087507,0.31743184757889403,0.5634697594376499,0.9727372872782565,0.39589570143409847,0.5519946019100904,1.526829885852814,0.2393679510182309,Upper middle income,Montenegro
MNG,-0.25900275643769877,-0.6675088512272559,-0.6430062960673234,-0.5288834077993998,0.4709720813405689,1.340239911325838,1.181114337988045,-0.10736001392581365,-0.2336677500562031,-0.27684138100305944,0.3429180835542755,-0.26725537387486803,-0.4009126258765991,0.8248434216569508,Upper middle income,Mongolia
MOZ,-0.723868751417489,-0.6792422487443223,-0.6208880008664514,-0.6623186122881656,-0.28193797968101153,-0.3505077379003464,-0.2885720838051538,-2.0426880640648517,-1.7623795741922406,-1.4485386174841992,-2.0758190140414183,-0.06823288241545125,0.8281382768791711,-0.6440944375717127,Low income,Mozambique
MRT,-1.0536965067877608,-0.7776102196944215,-0.7757990950676793,-0.8524184986377449,-0.5042704459727583,-0.5666611582239507,-1.0384671069949718,-0.7655318997150191,-0.6665106442138014,-1.026336956384125,-2.0234353106382206,-0.036842576117306416,-0.760215297577378,-2.6074221443814354,Lower middle income,Mauritania
MUS,1.0689574102279658,0.9623918378306141,0.4367366589913102,0.9514714564115208,0.3122702547426247,0.236792500148612,-0.4544042600655178,0.34992688180761744,0.2778281037167353,0.09109597772937403,0.37730772999220547,-0.033327752343351356,-0.4896260653436116,0.1515711896099116,Upper middle income,Mauritius
NAM,0.25683473619910524,0.3346336388355315,0.4885179490369966,0.08676768204883842,-1.4874025931594892,-0.5859193495646478,0.07873041782697762,-0.1686056090710072,-1.6131453906382667,-1.0114286694181422,-0.28198707782325316,-2.7493957652745733,-1.9065390014136776,-0.26335864607536746,Lower middle income,Namibia
NER,-0.7391740949659659,-0.7133674545549257,-0.46684895636432644,-0.9020964279293868,0.2725877910086821,-0.0024429990236286927,-0.09710025361929833,-1.9959691932607908,-1.583368892112964,-1.808553906009509,-2.475939386245829,0.19262714427670855,-0.061360578881444736,-1.479657846461243,Low income,Niger
NIC,-0.8886197581847551,-0.8873897923873827,-0.8878379363502829,-0.5511570414188431,-0.011474117885553754,-0.2422547524637615,-0.033391674665779136,-0.6833773613319966,0.11037461455460972,-0.18767614657504048,-0.3873286654998754,1.2857490441143224,0.934556140950728,0.36797556843632007,Lower middle income,Nicaragua
NLD,1.8475511836524061,1.9502551045926102,2.107045697339936,1.8189720120071335,-0.009438388577309907,-0.05946226179205021,-0.5528861384515555,1.324200204167747,1.1267470985469763,1.2097013464606614,1.091077094688488,0.014808832835185137,0.062496728476385974,-0.06611896570928467,High income,Netherlands
NOR,2.07541795796312,1.9818470042045055,2.1768763017846737,1.88531676482937,-0.26416972079266715,0.5600095812521902,0.18098554719790907,1.6186995651452738,1.167348815376171,1.5053728303544949,1.117957173820034,-0.37445542442638374,0.13537805864467403,-0.4907254409447064,High income,Norway
NPL,-0.6387882865677083,-1.2646830833024676,-1.0223440989936359,-0.97705903321542,1.148887765601838,1.2615481524147913,1.2599053662748196,-1.2444620892433702,-0.4841002831690381,-0.8485384488368687,-0.6918604928835974,1.0606461026543241,0.5797046989080139,0.6957143707692244,Lower middle income,Nepal
NZL,1.9138584218196435,2.0055918825634635,2.234731616529354,2.0726455988005785,0.024871254354023528,0.26811665208633034,0.4149499947697526,1.0033779989723168,1.1622021188766947,0.8962769433030365,1.2895801911559963,0.5878356123287551,0.0023098840674506548,0.8291614416261682,High income,New Zealand
OMN,0.31801277631605934,-0.03332608925314265,-0.04420385550095875,0.8003478286393895,-1.1049024427644447,-1.5266494114223113,-0.4262170072181052,0.9882194624489087,0.78468335281263,0.332254506048399,1.0653185792203312,-0.09397761715976652,-1.2166807442625405,0.4276181347112347,High income,Oman
PAK,-1.1322090191245227,-0.7772304943149686,-1.3024110852856274,-0.9943399552363466,0.5560482957859315,0.5841560209982565,1.135045676430681,-1.017624741265908,-0.7749486801819302,-1.4015918070540843,-1.891814505816929,0.15862242298041554,-1.0931032304772086,-1.9502077010296723,Lower middle income,Pakistan
PAN,-0.3042528937792632,0.15816467701588233,-0.4915705081477436,0.4079733809313484,0.43660220215606577,0.5987020359294118,0.21436910057129077,0.5978914251280112,0.6311116478199302,-0.06422169903134713,-0.2023540280584761,0.23545699405103135,-1.3234514209096553,-1.350113356968096,High income,Panama
PER,-0.52641219150792,-0.20406521896401866,-0.38993902048881834,0.16787379038139524,0.0005345467260524034,-0.07849298176342248,0.1455958881852269,-0.016470465501204994,0.2913782118895162,-0.09319376106496678,0.5370731389789416,0.5707354964501281,-0.17382255827352278,1.0468742499168002,Upper middle income,Peru
PHL,-0.5267361452870872,0.14955332448784853,-0.6715933331994158,0.03561992351264486,1.0565358821840174,0.6614975077277949,0.9690948149745147,-0.6261561122697841,-0.2645279141222254,-0.47600435974967825,-0.011909005929216947,0.49450146442969706,0.18304770240679044,0.9887330557338527,Upper middle income,Philippines
PLW,1.3411371698762238,-0.38714834120697794,-0.24705736454968394,-0.6594944599333633,-1.3743738393519505,-0.9566190220243846,-0.5169430078730246,0.24478395939101608,-0.3083720497460948,-0.14842070377283925,0.8958480525701122,-0.9631304846946616,-0.8122692743346721,1.306461077893178,High income,Palau
POL,0.9024489542087171,0.549325105907994,0.8209522675261115,0.8254638985230471,1.3813512685120335,1.231417638963844,1.1487650321396334,0.661712017158817,0.6157945071823189,0.9888614023395148,0.689385796716722,0.10601631671218477,0.8823465121999102,0.2408322502820642,High income,Poland
PRT,0.9209112694070988,0.880233122139287,0.805345826825854,0.6664594678569017,0.08299617386919021,0.15881977272033215,-0.01440313140149875,0.8236531944216726,1.040968823555705,1.3210830915601537,1.0469757769027765,0.6450736332763304,1.2980551761635521,0.6585771031086562,High income,Portugal
PRY,-0.8111668271373877,-0.8982659166253288,-0.7998474512998179,-0.592010521018794,0.11130030645854089,0.16878512881897162,0.03956015284291389,-0.05407242482571083,0.18891892168828062,-0.3292073175958282,0.033716638618976655,0.4385849344651203,-0.6221480259693202,0.1513879357975036,Upper middle income,Paraguay
PSE,-0.7868016112914639,-0.5893323184548913,-0.4605575122962357,-0.5015975743426663,-1.0511794826711427,-0.3671772065880555,-0.9123340619584837,-0.7215775584107311,0.2612500224367494,-0.1747848696741849,0.22578694219507542,1.6281426329437148,1.0385732407098427,1.5944042739957185,Lower middle income,West Bank and Gaza
ROU,0.14122846434970446,-0.28952316360182145,-0.38810807711111145,0.22768615125754363,1.2622012006292322,1.5715913612078287,1.8932156748985716,0.5926668413595708,0.3421618099601775,0.34780782562633683,0.5744343032511309,-0.296470993587192,-0.4007546755785861,0.13398083425521934,High income,Romania
RUS,-1.0282608761332073,-0.9697926399865376,-1.1205795951217725,-0.5820425058552712,-0.4519467741713963,-0.509174234808268,-0.7715027196391102,0.8470009553355657,-0.1666177317713616,0.4562258592632765,0.5038690976539334,-1.6493400352743366,-0.6631629819004389,-0.4108670791752565,High income,Russian Federation
RWA,-0.35279221377736,-0.18296749014887828,0.4224297837799613,-0.279533363416933,1.1837847617397685,0.7069086360747524,-0.6122381504017249,-1.661831730691956,-0.8563065147353148,-1.0377599163258644,-1.5584279449519953,1.0240648414294695,0.9852926464529138,-0.2763653100736748,Low income,Rwanda
SAU,-0.20896714862712235,-0.09494674401885414,-0.21930235875084858,0.15269967835323775,-0.15401821954753006,-0.8465938227713353,0.5039047059993215,1.2949709941354512,0.5388513945151568,0.3797655152880565,0.4108005399287109,-1.038070874437635,-1.717518166635368,-1.3112217173699299,High income,Saudi Arabia
SEN,-0.22558797591457608,-0.34211709147220165,-0.28720795603011084,-0.3786681728199727,0.3600589457158026,0.6334519642594878,-0.32690911772837894,-1.2212664686156036,-0.7343869932143924,-1.0912238925977267,-1.3091802128266827,0.5561070320649624,-0.0035112210631383024,-0.5144657060367144,Lower middle income,Senegal
SLB,-0.4273471258385585,-0.94244190894637,-0.4318810526816932,-1.2616568419538645,-1.7008367530598405,-0.7763670602757665,-1.4593743123286902,-1.4112269877650667,-0.2968834794489311,-0.3989851988299182,-1.211963470081883,1.6740489856235456,1.9046439226111205,-0.02296329488816621,Lower middle income,Solomon Islands
SLE,-0.7931880234723931,-1.257332601523091,-0.8113596418693042,-1.1467879073691551,-0.5463486263908194,-0.3749392587556079,1.0008481234241047,-1.3956183728693519,-2.1493568247120125,-1.8970148822262065,-1.3779622776031408,-1.8137309577605294,-1.44334504995168,-0.36352001406452056,Low income,Sierra Leone
SLV,-0.8657030785228231,-0.366509593110338,-0.44390595277858824,0.1431483611491018,0.21846575758161718,-0.09141465713769185,-0.41052178153181107,-0.3504621616878048,-0.008614149237443747,-0.00324420539901947,-0.4080514927252096,0.5374581032481607,0.6852175522550955,-0.2091101744954785,Upper middle income,El Salvador
SRB,-0.23755417640226587,-0.39798542131538106,-0.4231525107614259,-0.41236695064694157,0.8927214976982407,0.7970385207749316,0.46748339063433036,0.24327260290686115,0.39191320945511904,0.748354033454269,0.4533461050094699,0.3484123942654447,1.176483419684298,0.4682865189638766,Upper middle income,Serbia
STP,-0.6214307799720442,-0.9201698854959189,-0.18232177880229644,-0.915988038671087,-0.08123619898858957,1.6183664712730976,-0.32962477471287205,-0.8975762432701142,-0.8192617370424191,-0.5296390147859257,-0.9429437420452783,-0.11383806514273147,0.6005217063506778,-0.3415494648040541,Lower middle income,Sao Tome and Principe
SVK,0.33912152042276184,0.46303004664491176,0.16477854878962625,0.958094173059788,0.3997798592226427,-0.06232135710237131,0.6869030708406203,0.7188078129787295,0.5411674079399239,0.8125241125318687,0.4858126608102406,-0.12368003948531431,0.3790722307188127,-0.2381133450964063,High income,Slovak Republic
SVN,0.8263739837005936,0.8262831534544952,0.6876486155204719,0.5952579831696109,0.4834982395959935,0.3473757445374004,0.20545868008058696,0.8784316323157431,1.0118042100586706,1.5351634668447693,0.598918046052465,0.5040279130778318,1.6638778230588285,-0.2810700070985533,High income,Slovenia
SWE,2.025929495463982,2.0342366930820273,2.2191484854958023,2.103971519330179,-0.2341566069091919,-0.13453989014389667,-0.35405372836733634,1.245087824504674,1.1970852840398152,1.5053728303544949,0.7832081366526583,0.27126286359734303,0.8735155707327347,-0.5231930173723385,High income,Sweden
SWZ,-0.6561055093005721,-0.28615337936690344,-0.1330710315558452,-0.562938667117637,-0.06513192614863561,-0.7193761649626421,-1.083246356454886,-0.4015281220393549,-2.435984930595333,-1.1657751773478897,-0.46817756155734913,-3.919756103460039,-1.7881345714571197,-0.24085010061611953,Lower middle income,Eswatini
SYC,0.13272741232132204,0.6662134687306103,0.4054408529357884,0.08836188567117964,-0.3250332180439322,-0.20418804330043036,-0.00611384969217024,0.5297500678567565,0.32614986529514706,0.13309152730178023,0.09648769730120456,-0.2270264043354763,-0.7519067213760047,-0.6723465591349737,High income,Seychelles
TCD,-1.6503249165549272,-1.4865039235511381,-1.4378047686458104,-1.440350524912253,-1.7050842252915028,-1.616150562945524,-1.3684535460204899,-1.3666955454677863,-2.4300061848284416,-1.8672452734968703,-2.206321577970678,-2.3840780410283293,-1.4345672018392321,-1.9838599511092556,Low income,Chad
TGO,-0.9747226758550831,-1.388095635293369,-0.8627484837653627,-1.0735462887419776,0.7025799454634881,0.6370866949784243,0.43389669479044407,-1.553840618473872,-1.5873547226242248,-1.411183966023875,-1.0746345317879242,-0.5131750363127147,-0.05495218979257571,0.4682659060586634,Lower middle income,Togo
TJK,-1.3045206653424,-1.1443688103087244,-1.369821300577342,-1.1515366875295454,1.5992108688218556,0.7400775236003001,-0.22270418459901387,-1.4253558253678635,-0.27707155720178167,-0.6534582184695297,0.16462136809536812,1.7334033709772685,1.3690674806039724,2.6149391672610793,Lower middle income,Tajikistan
TLS,-1.177771119748233,-1.4217436114988269,-0.8511361441411361,-1.2480484675813006,0.37122701735420655,-3.73967812551361,-0.19653861054117008,-1.0164175353008933,-0.8334466044501411,-1.209516193810307,-0.4376941549624489,0.04735605596865419,-0.6701670213127952,0.810217539809448,Lower middle income,Timor-Leste
TON,0.020681897368002296,-0.4211586426906894,-0.24998881298823764,-0.5759164108422574,-0.04312066203115899,0.26427422008670115,0.21144885341053116,-0.7365023415633949,0.006156869716053097,0.2443072061406113,0.4660852654770163,1.1748300390830817,1.9960733926534595,2.0750023845616323,Upper middle income,Tonga
TUN,-0.1974612149373674,0.05226734275810522,-0.016416773125372437,-0.29523289150055476,-0.6960070074932942,-0.9005005844014252,-0.3861879418986887,-0.08170197989604147,0.3640610035654508,-0.08843093306002726,0.19742470629930492,0.809647574753705,-0.03439937887788219,0.507008977109706,Lower middle income,Tunisia
TZA,-0.4712146747297482,-0.7255106032358487,-0.6559767847675778,-0.6400542848501588,0.4243551624094382,0.5221504275583648,-0.6644861189698118,-1.3863565804009423,-1.0793957930567697,-1.151647226477729,-1.8270130888582026,0.1718897899851945,0.18885615162405095,-1.2315359739465943,Lower middle income,Tanzania
UKR,-0.7220973132523151,-0.825876190683382,-1.2715003012912345,-0.8662850374318097,-2.2155618409345146,-0.5548189744636778,-1.3281899227385818,0.2361510278283256,-0.047300151258505244,0.387939896240996,0.6492547218264106,-0.4614309852347755,0.3924729069705458,0.8519544273955317,Upper middle income,Ukraine
USA,1.4427931295203338,1.5345583049328475,1.28464878566198,1.4698868547767199,0.13375390645862054,0.14872091619331787,0.21157794415282377,1.31934351375567,0.8496832703251858,0.760818634155591,0.5277862797344743,-0.49547982359334974,-0.9218882307659017,-1.1283513712221613,High income,United States
VUT,0.3822606992098172,0.005521015974197982,0.40502179463567445,-0.716634304469882,-1.042780700273907,-0.3904700366820763,3.4406294295273683,-1.121175882702759,-0.18703867977094712,-0.14842070377283925,-0.9834889583171893,1.4212580478709231,1.886431247566787,-0.05741848373016367,Lower middle income,Vanuatu
WSM,0.8654475425590993,-0.1320893820148748,0.1668590912532982,-0.218871293433374,-0.6981840415981188,-0.42922267422835286,0.3266898418198127,-0.6782084509278057,-0.0392112599268284,-0.10732928757052473,0.018286086965504968,0.997939757649343,1.1022595178683736,1.1301683450799898,Upper middle income,Samoa
ZAF,-0.002314929300334066,0.24805922306948838,-0.04820228846195277,0.5938643551283513,-1.1199899901783712,-0.7610021479155661,-1.1827329495338865,0.05721609885351833,-1.1437552327827176,-0.8363897813896705,0.3792666478918673,-2.2285792391725443,-1.9650944836390514,0.6280738836866152,Upper middle income,South Africa
ZWE,-1.7433949440733207,-1.5279250766775903,-1.3887437992167986,-1.9473680407073106,-0.7790458991119484,-0.09839482530859588,-2.9425330105318914,-0.8826895945588743,-1.888284926224423,-1.2370816085096217,-0.22225952824548317,-2.135848493807816,-0.995410014540044,1.003481090486292,Lower middle income,Zimbabwe
