iso3,country,region,in_estimation_sample,g_gdp_actual_pct,g_gdp_predicted_pct,g_gdp_gap_pp,g_gdp_residual_sd,g_gni_actual_pct,g_gni_predicted_pct,g_gni_gap_pp,g_gni_residual_sd,g_cons_actual_pct,g_cons_predicted_pct,g_cons_gap_pp,g_cons_residual_sd
AFG,Afghanistan,"Middle East, North Africa, Afghanistan & Pakistan",False,-33.61814693287564,12.77629154318311,-46.39443847605875,-3.120428089051329,,12.09945122728351,,,,16.62817425674904,,
AGO,Angola,Sub-Saharan Africa ,True,-24.01549470645563,-6.550697656153437,-17.464797050302195,-1.2181238194315134,-29.66284706327932,-9.549422917260948,-20.11342414601837,-1.237357307971418,18.360028752497932,4.563278306516143,13.79675044598179,0.8156324793289456
ALB,Albania,Europe & Central Asia,True,55.564361142548435,23.286906551415964,32.27745459113247,1.3691793632641982,59.87073965321945,24.10167901112722,35.76906064209223,1.2460208970441193,44.547692689396,22.823974148920307,21.723718540475694,1.0717535591626817
AND,Andorra,Europe & Central Asia,False,9.869418360292293,17.905901127228585,-8.036482766936292,-0.415644824688946,,17.938127030286022,,,,19.68089149696896,,
ARG,Argentina,Latin America & Caribbean ,True,-3.4723530633472666,7.650925798995869,-11.123278862343136,-0.6421486506526312,-2.2747825481598927,6.303022447536298,-8.57780499569619,-0.4139264248467726,-4.782073741805637,13.519278200304749,-18.301351942110387,-1.156958066885347
ARM,Armenia,Europe & Central Asia,True,51.62565916239896,20.441480799694805,31.184178362704156,1.3556691384004602,34.975168229035454,20.837600305922056,14.137567923113398,0.5443477253107767,17.72972384152802,21.16926931791461,-3.439545476386588,-0.18951103306448408
ATG,Antigua and Barbuda,Latin America & Caribbean ,False,8.567415388712995,16.992964152373087,-8.425548763660093,-0.4400684254645193,,16.89631819516462,,,,19.141722028334733,,
AUT,Austria,Europe & Central Asia,True,7.034964666494492,17.384522386658606,-10.349557720164114,-0.543440633861616,3.9324638052754324,17.343009172602596,-13.410545367327163,-0.597072307978561,1.184981549635955,19.373186737785623,-18.188205188149666,-1.087857023661923
AZE,Azerbaijan,Europe & Central Asia,False,7.825852925013919,0.39865216854332414,7.427200756470595,0.4202041379047541,,-1.831893267687578,,,,9.012110276846927,,
BDI,Burundi,Sub-Saharan Africa ,False,2.8913829054435514,30.661364257775354,-27.769981352331804,-1.4068008603083113,,32.610336828776845,,,-5.516468022518495,27.03955206995471,-32.556020092473204,-1.9484373176911591
BEL,Belgium,Europe & Central Asia,True,11.083133060533278,22.81595339583174,-11.732820335298463,-0.5911820887553656,6.764508894325871,23.560690632764242,-16.79618173843837,-0.7188229286370571,7.23344396974086,22.55121422167497,-15.31777025193411,-0.8786922865368845
BEN,Benin,Sub-Saharan Africa ,True,29.08914686743143,15.45781537068528,13.631331496746151,0.6570661962415335,30.189269068459048,15.147060654125944,15.042208414333103,0.6040543588923157,11.008829050782953,18.23108953914448,-7.222260488361528,-0.41480540549469325
BFA,Burkina Faso,Sub-Saharan Africa ,True,23.23417575871469,17.72410444608364,5.510071312631052,0.26932321935370385,19.473519594631526,17.73057630044145,1.742943294190077,0.0723019617891812,7.823797423698762,19.57366449861499,-11.749867074916226,-0.6806941960660708
BGD,Bangladesh,South Asia,False,71.77876163462527,17.105113167133215,54.67364846749206,2.2558231606407797,,17.02423659343351,,,59.04493719298127,19.208050638608597,39.836886554372676,1.8973927892145668
BGR,Bulgaria,Europe & Central Asia,True,43.39241606166753,13.771520001731874,29.62089605993566,1.3623935736730166,48.118942072001914,13.22936636744566,34.88957570455625,1.321469984114958,53.741132433560004,17.22492974652308,36.51620268703692,1.7845900559143832
BHR,Bahrain,"Middle East, North Africa, Afghanistan & Pakistan",True,5.605895874686806,6.794867241279641,-1.1889713665928348,-0.06591778035238756,0.0994619440922273,5.33863086596094,-5.239168921868712,-0.2509902178839248,-1.1204787718881226,12.994023799182616,-14.114502571070737,-0.8781127576698925
BHS,"Bahamas, The",Latin America & Caribbean ,True,2.0060079432124174,8.593272922804996,-6.587264979592579,-0.3684449912192197,4.104825014715963,7.365877267790544,-3.261052253074581,-0.15174806791036108,-1.790762017256109,14.095456844308558,-15.886218861564666,-0.9867138592201116
BIH,Bosnia and Herzegovina,Europe & Central Asia,True,52.83305359991277,25.483843161457724,27.34921043845505,1.1608917127748575,47.98617492981297,26.629169809106457,21.35700512070651,0.7667867897631427,32.33802088981403,24.090636901264336,8.247383988549696,0.4234647099853807
BLR,Belarus,Europe & Central Asia,True,2.544043477277147,11.777840158208255,-9.233796680931107,-0.507651222317816,1.981085249101966,10.96729370106067,-8.986208451958705,-0.41547158936832795,36.97550202223401,16.027264166358975,20.948237855875036,1.092283534556695
BLZ,Belize,Latin America & Caribbean ,True,6.095785901153117,15.47064033910422,-9.374854437951104,-0.498543050784868,12.71489647710078,15.161660768531956,-2.446764291431176,-0.10565507578832083,12.271184147115166,18.23871810798279,-5.967533960867625,-0.34081611025858966
BOL,Bolivia,Latin America & Caribbean ,True,16.21993491423406,11.375276732737838,4.8446581814962215,0.25069654115089635,8.083956998185759,10.51122544203117,-2.4272684438454117,-0.10926379100702742,17.780688182848188,15.784348582936373,1.9963395999118152,0.11250062045051569
BRA,Brazil,Latin America & Caribbean ,True,-1.4771140973178887,12.382015002831645,-13.859129100149534,-0.774922506168518,-2.925772006354699,11.652205592400389,-14.577977598755087,-0.6883489806901586,1.0256845783801927,16.391149497951233,-15.365464919571039,-0.9317403624660295
BRB,Barbados,Latin America & Caribbean ,False,3.8035461578336482,21.436375567002802,-17.632829409169155,-0.9237382093733564,,21.97764866170066,,,,21.749676213947293,,
BRN,Brunei Darussalam,East Asia & Pacific,True,-14.89173348846544,-2.029210185635653,-12.862523302829787,-0.8286789688135237,-17.09471640450073,-4.537002847973888,-12.557713556526842,-0.6938941530436942,48.91178756860698,7.4729631582695575,41.438824410337425,2.1461410042606315
BTN,Bhutan,South Asia,True,26.17894842097659,11.764590800519157,14.414357620457432,0.7142268889754154,21.720514769094557,10.9522796639262,10.768235105168356,0.4557120090792972,87.61716803091724,16.01927505509783,71.5978929758194,3.1631091415590435
CAF,Central African Republic,Sub-Saharan Africa ,True,-27.958445136634214,13.095624253801063,-41.054069390435274,-2.6553403810507703,-13.331309117040357,12.461846910841665,-25.79315602788202,-1.281723884747029,-7.985784714682442,16.819891052097134,-24.805675766779576,-1.5708057579639474
CAN,Canada,North America,True,8.417444533852313,19.682356363458563,-11.26491182960625,-0.5820215383278052,11.104869769323455,19.968615918228043,-8.863746148904587,-0.3776256883764104,12.131633153749144,20.725054694298812,-8.593421540549668,-0.4859509419704186
CHE,Switzerland,Europe & Central Asia,True,12.004723076448618,15.67660712230252,-3.6718840458539024,-0.18992490147838786,2.639477775184318,15.396167503257956,-12.756689728073638,-0.5763522156247326,3.6732951320008977,18.361183002594707,-14.687887870593809,-0.8719495910947106
CHL,Chile,Latin America & Caribbean ,True,10.809539279307879,22.327103709663223,-11.517564430355344,-0.5822191924703504,14.000432504352055,22.99945470136079,-8.999022197008735,-0.37379821421920456,25.72673057694481,22.2676251589628,3.459105417982009,0.18359798907339162
CHN,China,East Asia & Pacific,False,75.96519906722872,21.407006828570978,54.558192238657746,2.185182593272682,,21.9439760855844,,,89.7477774714245,21.732571538425834,68.01520593299867,2.921074745356163
CIV,Cote d'Ivoire,Sub-Saharan Africa ,True,48.13297349105588,5.278474764574823,42.854498726481054,2.0106901819352405,112.62605578959766,3.633028805700531,108.99302698389712,3.5357870906553432,40.676162577624986,12.059254786861228,28.616907790763758,1.4967205968882404
CMR,Cameroon,Sub-Saharan Africa ,True,10.532347358410664,6.5775212175736995,3.954826140836965,0.2145253352071216,12.91815766572968,5.093953697427329,7.824203968302351,0.35328670678555274,15.046689641783463,12.860385582379111,2.1863040594043515,0.1262652455908779
COD,"Congo, Dem. Rep.",Sub-Saharan Africa ,True,25.563595027377595,23.280270945257296,2.2833240821202985,0.10805267469562999,26.357620294669726,24.09405459359495,2.263565701074775,0.08893284399074089,0.7742673466822448,22.820134069486645,-22.0458667228044,-1.3019589678189116
COG,"Congo, Rep.",Sub-Saharan Africa ,True,-31.659479678517787,0.547823509468493,-32.20730318798628,-2.273458080201404,-45.71020226916874,-1.6653831715001237,-44.044819097668615,-2.9225822154671572,-3.3855318151766567,9.106166086891724,-12.491697902068381,-0.8001952886007175
COL,Colombia,Latin America & Caribbean ,True,20.80726669474093,16.316364661339332,4.4909020334016,0.22304546277402493,21.53006915645026,16.124949913891122,5.405119242559138,0.22382798195140166,33.61606616123924,18.74099210601769,14.87507405522155,0.7767212210438561
COM,Comoros,Sub-Saharan Africa ,True,4.062896645250369,14.772841396441757,-10.709944751191388,-0.5767648645241679,7.827785208319238,14.367611114489028,-6.53982590616979,-0.28969285048839327,6.721299972002015,17.823134725340672,-11.101834753338657,-0.6512750844846287
CPV,Cabo Verde,Sub-Saharan Africa ,True,19.63124341481761,24.1672400430996,-4.535996628281989,-0.21911623598868743,29.850599890490198,25.11371000219088,4.7368898882993165,0.18282899171290581,50.46901137544752,23.332664821475664,27.13634655397186,1.3087632635639541
CRI,Costa Rica,Latin America & Caribbean ,True,26.635656138774277,21.99127644310872,4.644379695665556,0.21999498675790208,22.326871170966434,22.61408367931646,-0.2872125083500272,-0.01153780869055486,24.90763048556179,22.07253140681201,2.835099078749778,0.15109253173272336
CYP,Cyprus,Europe & Central Asia,True,29.72856650609501,27.67063374235971,2.0579327637353018,0.09414905337375924,17.912158394658828,29.151213262631913,-11.239054867973085,-0.4479220714399812,15.26750656188256,25.342252524637598,-10.074745962755038,-0.5514328298331137
CZE,Czechia,Europe & Central Asia,True,22.9842200237929,21.527512571497258,1.4567074522956425,0.07015530107956112,25.73829757691355,22.082148659876317,3.656148917037232,0.14517754402262276,18.028699845984608,21.802744370653418,-3.7740445246688097,-0.20713548261087775
DEU,Germany,Europe & Central Asia,True,9.753081220270856,19.482619280186476,-9.72953805991562,-0.5000963347329319,10.116632885796939,19.74010237490286,-9.623469489105922,-0.41220150903204,8.362641400296589,20.607979070340534,-12.245337670043945,-0.7045686465238642
DMA,Dominica,Latin America & Caribbean ,False,0.6865429985130956,12.11168429985415,-11.425141301341055,-0.6328402795128937,,11.345685511642166,,,,16.22843503759181,,
DNK,Denmark,Europe & Central Asia,True,14.839620597504968,21.164806131645697,-6.325185534140729,-0.31567475534056166,23.333260799750953,21.66632608238172,1.6669347173692337,0.06694854339996933,11.756957632061106,21.591445014409718,-9.834487382348613,-0.5550370542821456
DOM,Dominican Republic,Latin America & Caribbean ,True,48.42478208153986,5.4010220268590325,43.02376005468083,2.0154276163131177,49.027328738616774,3.7707386505584815,45.25659008805829,1.7807156907557653,36.80827354319151,12.135006835798583,24.673266707392926,1.308796543504379
DZA,Algeria,"Middle East, North Africa, Afghanistan & Pakistan",True,0.5760194281925868,8.681411617712206,-8.10539218951962,-0.45634489425814656,-1.4438986464722192,7.465354093756292,-8.909252740228512,-0.4257757860820826,6.592827697024206,14.149240054066553,-7.556412357042347,-0.45073161339249906
ECU,Ecuador,Latin America & Caribbean ,True,9.456134428600649,16.33725093546548,-6.8811165068648315,-0.3589755875640555,6.6135207058563905,16.14875217586606,-9.53523147000967,-0.4214404758994961,9.400088571706888,18.753377020256572,-9.353288448549684,-0.5398815482059147
EGY,"Egypt, Arab Rep.","Middle East, North Africa, Afghanistan & Pakistan",True,25.1099980108908,7.386148433736671,17.723849577154127,0.8994322012782693,21.376586152982572,6.0046215672362555,15.371964585746316,0.6662219507363943,22.98984057308402,13.357005569471662,9.632835003612358,0.5367384544676557
ESP,Spain,Europe & Central Asia,True,13.88952120849023,24.073750708491065,-10.184229500000836,-0.5042737098139711,13.25335230220437,25.006186394288704,-11.752834092084335,-0.485764887333939,7.1598458534247955,23.278714974434422,-16.118869121009627,-0.922161487151893
EST,Estonia,Europe & Central Asia,True,27.71825915249093,24.750499687191187,2.9677594652997428,0.13842794572690936,34.57616318686985,25.784784780330934,8.791378406538914,0.33237431566025816,42.045792246505,23.66886254102403,18.376929705480972,0.9117359328200282
ETH,Ethiopia,Sub-Saharan Africa ,True,68.41992556457602,28.32459477966734,40.09533078490868,1.600876692075916,78.39819728493529,29.906624559703214,48.491572725232075,1.5605848267726836,61.017244220526656,25.714799955856332,35.30244426467033,1.628753150989122
FIN,Finland,Europe & Central Asia,True,5.764959196334507,27.835326386742825,-22.07036719040832,-1.1158765415669665,8.705300375665836,29.341403541012628,-20.636103165346793,-0.8551418896494568,3.196098626120648,25.43614955479932,-22.240050928678674,-1.2843739831967982
FJI,Fiji,East Asia & Pacific,False,19.5018680802008,12.545610855339229,6.956257224861572,0.35311131938844026,,11.837752834347965,,,,16.489539628406426,,
FRA,France,Europe & Central Asia,True,7.486011619230348,20.91049667999879,-13.424485060768442,-0.6929338346142885,8.634192180674894,21.374879543725868,-12.740687363050974,-0.5455993652695551,7.280158364575273,21.443135602092433,-14.16297723751716,-0.8160521460839476
GBR,United Kingdom,Europe & Central Asia,True,12.224844291757142,19.460101670011337,-7.235257378254195,-0.367857931929952,14.385609824521595,19.714344002452645,-5.32873417793105,-0.22401595154350556,11.801161962120466,20.594775260130845,-8.79361329801038,-0.4982691336865867
GEO,Georgia,Europe & Central Asia,True,58.910050659291315,25.33857957156454,33.57147108772678,1.3972893454474358,52.14535478033331,26.461855083435477,25.68349969689783,0.9096573375624902,58.741865824548725,24.007172382451905,34.73469344209682,1.6250966149844075
GHA,Ghana,Sub-Saharan Africa ,True,26.00778098615619,14.134174806685332,11.87360617947086,0.5827088277823814,29.78753218374912,13.641448515100421,16.1460836686487,0.6536032450884623,33.505874389622825,17.44183926662862,16.064035122994206,0.8436909995902234
GIN,Guinea,Sub-Saharan Africa ,True,37.247307967213914,9.133504102126086,28.113803865087828,1.3495564817980465,29.96841927392344,7.975782853019961,21.99263642090348,0.9120626467963612,13.135533303196745,14.424825040748038,-1.2892917375512933,-0.07457220580385034
GMB,"Gambia, The",Sub-Saharan Africa ,True,11.194278334783636,21.583878607222534,-10.389600272438898,-0.525930025927301,9.10151637920631,22.146784934207265,-13.045268555000956,-0.5556700558924872,11.362210654409965,21.835557395696377,-10.473346741286411,-0.5915222723366932
GRC,Greece,Europe & Central Asia,True,14.649329838755353,21.475914980667195,-6.826585141911842,-0.3405374262393212,13.358097524474012,22.02298419291441,-8.6648866684404,-0.3623838334544851,19.83821772417791,21.77270166423461,-1.934483940056701,-0.10538422427694565
GRD,Grenada,Latin America & Caribbean ,False,24.427742252695772,22.413783645067127,2.013958607628645,0.09607815849867983,,23.0989466317626,,,,22.317944090238083,,
GTM,Guatemala,Latin America & Caribbean ,True,19.923770622621937,9.212319403803129,10.711451218818809,0.5508764229938938,17.58440109060395,8.064798839064533,9.519602251539418,0.4153594033213307,24.96153323512644,14.472819986835079,10.48871324829136,0.5769411759526439
GUY,Guyana,Latin America & Caribbean ,False,221.35417437280788,10.176850004202858,211.177324368605,6.3026322972583655,,9.154898500467139,,,,15.05900418485601,,
HND,Honduras,Latin America & Caribbean ,True,13.426745335113633,23.028976212018136,-9.602230876904503,-0.4784581244911398,12.086120178232807,23.805355686770856,-11.719235508538048,-0.48924445439738745,27.105796820010063,22.674643934702512,4.431152885307551,0.23351867865256365
HRV,Croatia,Europe & Central Asia,True,41.06542999454707,19.72805377050122,21.337376224045848,0.9656036067625995,40.7976416316898,20.020904615947895,20.776737015741904,0.7854910305882038,36.85040783678785,20.75182865434617,16.098579182441682,0.8236107525225559
HUN,Hungary,Europe & Central Asia,True,44.114500430761325,19.09721553864036,25.017284892120966,1.1226143675309257,38.223098523063406,19.29932566265122,18.923772860412186,0.724364930376235,51.46658574113581,20.381843092898837,31.084742648236972,1.51161714254698
IDN,Indonesia,East Asia & Pacific,True,37.34471657421341,13.651080970059654,23.693635604153755,1.1149181631233043,38.41689167416467,13.092553400633616,25.32433827353105,0.9941208080180679,34.062537627827474,17.15282919690232,16.909708430925154,0.8872885329067495
IND,India,South Asia,True,57.393828108419534,18.03010335541477,39.36372475300476,1.6945747854363107,57.04483225981056,18.07995028386601,38.96488197594455,1.4029884243489084,62.55273306328735,19.75410839849034,42.798624664797,2.010883828137124
IRL,Ireland,Europe & Central Asia,True,107.42190133749236,18.461261032685485,88.96064030480687,3.2981599114868403,78.89782359139032,18.572441638410076,60.325381952980244,2.0234855898800714,18.207610729059766,20.00802451495422,-1.8004137858944524,-0.09947823889184823
IRN,"Iran, Islamic Rep.","Middle East, North Africa, Afghanistan & Pakistan",True,8.039069483782214,11.09369867575857,-3.054629191976357,-0.16415798801404227,-13.616440568608256,10.19236129090757,-23.808801859515825,-1.1976382525396467,-9.340179581372588,15.614219448693675,-24.954399030066263,-1.6001199687505387
ISL,Iceland,Europe & Central Asia,True,14.39361271872015,23.226477670778483,-8.832864952058333,-0.4379265757788671,28.560084108583684,24.032247404860183,4.527836703723501,0.17639988916247262,20.26649242019143,22.78900026420606,-2.52250784401463,-0.13660306085768004
ISR,Israel,"Middle East, North Africa, Afghanistan & Pakistan",True,22.644262755810395,23.18167211449237,-0.5374093586819733,-0.025743105300333812,29.134591802408004,23.980769803546114,5.15382199886189,0.20037896638008415,19.762170887393005,22.763063910720188,-3.0008930233271833,-0.16286715032332807
ITA,Italy,Europe & Central Asia,True,9.49320755758638,16.294020612713748,-6.800813055127367,-0.35479342970296,8.978850215471535,16.099487023120915,-7.12063680764938,-0.31139474488267027,3.9582115459811273,18.727741744643577,-14.76953019866245,-0.8742379164932799
JAM,Jamaica,Latin America & Caribbean ,False,12.89651115766448,21.55298097002186,-8.65646981235738,-0.434982423793234,,22.11135335332435,,,,21.81757137956044,,
JOR,Jordan,"Middle East, North Africa, Afghanistan & Pakistan",False,-16.074258890068084,19.724222820782433,-35.79848171085052,-2.091689889419066,,20.016520990257515,,,,20.749584278038146,,
JPN,Japan,East Asia & Pacific,True,10.436191087618706,26.14793628543795,-15.711745197819244,-0.7831793586332915,11.254941129736839,27.394421437744214,-16.139480308007375,-0.6664596668077343,3.138132322765297,24.471692187395718,-21.33355986463042,-1.2372763565908502
KAZ,Kazakhstan,Europe & Central Asia,True,16.01392271137496,1.825999649409659,14.1879230619653,0.7680319369698195,25.685933207613655,-0.23721145076039918,25.923144658374053,1.1364390724430151,21.347771359099355,9.909700150195649,11.438071208903706,0.6515223113179434
KGZ,Kyrgyz Republic,Europe & Central Asia,True,22.958002085870444,23.923905137650216,-0.9659030517797724,-0.04607116622842876,50.16258690448056,24.83387047133956,25.328716433141004,0.9088661243916405,30.1545066803532,23.19220810824028,6.962298572112921,0.3617966022507672
KNA,St. Kitts and Nevis,Latin America & Caribbean ,False,18.459035822465975,12.351940592806192,6.107095229659782,0.31164655411679076,,11.618099936340464,,,,16.373055558413128,,
KOR,"Korea, Rep.",East Asia & Pacific,True,28.145367564320267,22.809317915517358,5.336049648802909,0.25042214542066793,27.527256726421957,23.553070487155043,3.9741862392669134,0.15575894370738094,19.39328230384212,22.547368050267433,-3.154085746425313,-0.17159594036150327
KWT,Kuwait,"Middle East, North Africa, Afghanistan & Pakistan",True,-20.842306926340694,-0.1359602725777659,-20.706346653762928,-1.3681333914121914,-27.06635023178402,-2.4283579689337644,-24.637992262850258,-1.4318550937661005,-10.268484268968214,8.674543251837036,-18.943027520805252,-1.2604832615536297
LAO,Lao PDR,East Asia & Pacific,False,45.891910666905325,10.717889252404028,35.1740214145013,1.624328457653866,,9.766965965344234,,,,15.386874000209724,,
LBN,Lebanon,"Middle East, North Africa, Afghanistan & Pakistan",True,-33.76117903155872,14.683782918800034,-48.44496195035875,-3.231881132345257,-44.66569197339258,14.266317431815697,-58.93200940520828,-3.5675682935570254,-13.290849260855286,17.770018663884876,-31.060867924740162,-2.014913920476248
LBR,Liberia,Sub-Saharan Africa ,False,-5.3910117664403785,21.806978312463407,-27.197990078903786,-1.4877585701965217,,22.4026602569565,,,,21.965370546068442,,
LCA,St. Lucia,Latin America & Caribbean ,False,7.048718614926552,12.830615173877117,-5.781896558950565,-0.3097196437072982,,12.161090326423803,,,,16.660804412185662,,
LKA,Sri Lanka,South Asia,False,15.735669667091168,24.92961685156213,-9.193947184470963,-0.45007270198818355,,25.990958892669582,,,,23.771975486340892,,
LSO,Lesotho,Sub-Saharan Africa ,True,-10.941837101241036,13.305391726564967,-24.247228827806005,-1.4177639899677115,4.3730041999143765,12.699980975115368,-8.326976775200992,-0.37763820502780643,-4.358701337050164,16.945705052143808,-21.30440638919397,-1.3234597117135514
LTU,Lithuania,Europe & Central Asia,True,50.79027050010054,19.65305412529142,31.13721637480912,1.3618093944802832,39.780887159883015,19.9350886776577,19.845798482225316,0.7533530209991912,43.994060854403095,20.7078843550476,23.286176499355495,1.1608681794669578
LUX,Luxembourg,Europe & Central Asia,True,2.8498860042136087,10.877355077475764,-8.027469073262155,-0.44249240725483324,-9.23556199914387,9.947447483479783,-19.183009482623653,-0.9433057196877235,6.9015439632154285,15.483382094750183,-8.581838131534756,-0.5081693252104178
LVA,Latvia,Europe & Central Asia,True,37.17617674173674,19.068054312527824,18.108122429208915,0.8335401990225979,40.0588872789587,19.26598289391196,20.79290438504674,0.7906521779276634,41.81947484491209,20.364720246340735,21.454754598571352,1.079461124998052
MAR,Morocco,"Middle East, North Africa, Afghanistan & Pakistan",True,13.918649149679553,19.28351669150938,-5.3648675418298275,-0.27094788961592764,15.524801271082822,19.512368519605687,-3.987567248522865,-0.1669530418132171,8.793375220001852,20.491193689704733,-11.69781846970288,-0.6720862935892951
MDA,Moldova,Europe & Central Asia,True,51.10976138546064,17.98859665258539,33.12116473287524,1.456749469539603,46.05776415641458,18.03255252285343,28.02521163356115,1.0481317624758317,47.548661989565865,19.729643895515792,27.819018094050072,1.3749012742690125
MDG,Madagascar,Sub-Saharan Africa ,True,-0.9496145345736617,27.383949936841244,-28.333564471414906,-1.481234460145271,1.1757314896394755,28.82022802482762,-27.644496535188146,-1.1884318809930288,-1.0285872780139593,25.17868288687599,-26.207270164889948,-1.5459354396587768
MDV,Maldives,South Asia,True,22.815584236289844,16.007828490220188,6.807755746069656,0.33575883720315913,-22.965073318958694,15.773408684518664,-38.73848200347736,-2.0042257143950946,26.945018230572405,18.55793099123046,8.387087239341945,0.4498225668885362
MEX,Mexico,Latin America & Caribbean ,True,2.3585968948809377,11.295833202328346,-8.937236307447408,-0.4928645169356799,0.04039725104609815,10.421250570012562,-10.380853318966464,-0.4857287906411431,6.127489541849918,15.736367168266497,-9.608877626416579,-0.5703948794302335
MKD,North Macedonia,Europe & Central Asia,True,32.764625948316976,17.719358573146014,15.045267375170962,0.7081508167980218,43.081421577680175,17.72515871506258,25.356262862617594,0.9596699078129739,44.33106250737586,19.57086436704969,24.76019814032617,1.238535720020177
MLI,Mali,Sub-Saharan Africa ,True,11.63571665257117,12.080787835908275,-0.44507118333710416,-0.02342689547546871,15.503045996339157,11.310659567665619,4.192386428673538,0.18189579957658464,14.036922584802936,16.209827714750542,-2.1729051299476065,-0.12421610338540409
MLT,Malta,"Middle East, North Africa, Afghanistan & Pakistan",True,46.06727950359024,17.432407360420843,28.6348721431694,1.2847430247679568,51.22603795622383,17.397650996838024,33.8283869593858,1.2457472014758537,21.284218623823392,19.401471113790393,1.8827475100329991,0.10295997364887605
MMR,Myanmar,East Asia & Pacific,False,23.254488506021563,9.813750253223397,13.440738252798166,0.6798371313420684,,8.744368879152205,,,,14.838587215346188,,
MNE,Montenegro,Europe & Central Asia,True,30.684394575538242,22.222139788539096,8.462254786999146,0.39415851744812197,49.07308314126419,22.87898961597112,26.194093525293074,0.9506937741415388,43.84719351566062,22.206672105763033,21.640521409897588,1.0729424347981795
MNG,Mongolia,East Asia & Pacific,True,26.753358807308516,11.807339312660913,14.946019494647603,0.7387177790986467,55.61514688983144,11.000722746628007,44.614424143203436,1.662165030840088,43.00590273300261,16.045050171283957,26.96085256171865,1.37480669523011
MOZ,Mozambique,Sub-Saharan Africa ,True,10.326240837659363,26.864479873949815,-16.538239036290452,-0.8223933080816427,7.428240413341025,28.220752505563123,-20.792512092222097,-0.8704692686440895,13.393895373795653,24.881901674037856,-11.488006300242203,-0.6350666858426522
MRT,Mauritania,Sub-Saharan Africa ,True,5.895643330776945,10.070223102666652,-4.174579771889707,-0.22764832693893208,2.4575464345284237,9.034323589793349,-6.576777155264925,-0.30608404415516527,0.7338775003768339,14.994308744107249,-14.260431243730416,-0.8713192291538375
MUS,Mauritius,Sub-Saharan Africa ,True,23.098636943463944,17.411127831650333,5.687509111813611,0.2785178806038603,22.185731446433408,17.37336841259497,4.812363033838437,0.19769028613802467,10.463787182744944,19.388902460944696,-8.925115278199751,-0.5113289801645038
MWI,Malawi,Sub-Saharan Africa ,False,9.341071895737386,28.575885217098612,-19.234813321361226,-0.9541006612954709,,30.19704320994852,,,,25.857742957043357,,
MYS,Malaysia,East Asia & Pacific,False,28.484207025296083,19.0175895278288,9.466617497467283,0.4506206703129377,,19.208284495426263,,,49.06362224591423,20.335084253873834,28.728537992040398,1.408932551234921
NAM,Namibia,Sub-Saharan Africa ,True,-11.658445150608499,4.8737843181796645,-16.532229468788163,-1.01003346196855,2.0260012014924778,3.1784278528152923,-1.1524266513228145,-0.05526018317876514,20.16350317602944,11.808834242656975,8.354668933372466,0.4742405480565719
NER,Niger,Sub-Saharan Africa ,True,22.201384112433423,21.29201999656885,0.9093641158645731,0.04397798695092304,15.944171099411042,21.812149615122404,-5.867978515711362,-0.2428990629293277,16.873841914849528,21.665585252522945,-4.791743337673417,-0.26442928673486815
NGA,Nigeria,Sub-Saharan Africa ,False,-6.214000947919562,-7.050636110367893,0.8366351624483315,0.05275883107500444,,-10.101569268036377,,,,4.2379693354081756,,
NIC,Nicaragua,Latin America & Caribbean ,True,15.966651923493846,22.790509492533502,-6.823857569039657,-0.33664685100007696,10.007551017239646,23.531471324099154,-13.523920306859509,-0.5704406927365873,18.055246651125145,22.53646551476936,-4.481218863644216,-0.24517911558459515
NLD,Netherlands,Europe & Central Asia,True,16.010181576051608,19.85375301307452,-3.843571437022913,-0.19190866339611118,14.504236533711135,20.164748995677876,-5.660512461966741,-0.23739168152259113,8.759659101363049,20.82545334112392,-12.065794239760873,-0.6923572826035703
NOR,Norway,Europe & Central Asia,True,10.68822180767588,17.639866888592216,-6.951645080916336,-0.3586288379579356,31.155296151244432,17.6344206800232,13.520875471221231,0.5352808384477893,22.119037518747664,19.523956123491384,2.5950813952562797,0.141355016490949
NPL,Nepal,South Asia,True,43.62690956643396,21.632125530041122,21.994784036392836,0.9786570491388772,52.954271909792936,22.202114196141917,30.75215771365102,1.1043208870738972,44.795816919515765,21.863638881905047,22.93217803761072,1.1346976246893654
NRU,Naoero,East Asia & Pacific,False,24.67168167646172,11.525930312192196,13.145751364269524,0.656057112029096,,10.681875174839503,,,,15.875299270854736,,
NZL,New Zealand,East Asia & Pacific,True,16.7462819885005,23.934237963004875,-7.187955974504376,-0.35178421842406543,23.027464834447176,24.845751827579626,-1.8182869931324497,-0.07218081985680422,26.713937766807906,23.19817472533272,3.5157630414751857,0.18517344033434494
OMN,Oman,"Middle East, North Africa, Afghanistan & Pakistan",True,-5.204142284615454,6.943383713665447,-12.147525998280901,-0.7099142165432643,-16.982872398803583,5.505863734803977,-22.48873613360756,-1.1793826086616463,10.9564354667828,13.085275661636423,-2.1288401948536233,-0.12506765400839184
PAK,Pakistan,"Middle East, North Africa, Afghanistan & Pakistan",True,28.757038946600023,10.714059333614113,18.04297961298591,0.8889180202714748,31.851236035857,9.762631760964338,22.08860427489266,0.9020735121762997,41.96961849188527,15.384555432187849,26.585063059697422,1.3645084652973232
PAN,Panama,Latin America & Caribbean ,True,25.952763799992407,7.820990340412632,18.131773459579776,0.9151670913954535,32.27225706967328,6.494737911870098,25.777519157803184,1.0664583932646754,22.764332825948273,13.623416492238968,9.140916333709304,0.5092125842986771
PER,Peru,Latin America & Caribbean ,True,16.223667359734726,17.108096582953912,-0.8844292232191862,-0.04463484338979338,14.027636062570604,17.027639747034293,-3.000003684463689,-0.12776488147633702,21.43866810832089,19.20981476507693,2.2288533432439586,0.12190696963535065
PHL,Philippines,East Asia & Pacific,True,41.20230809611307,23.370673725685947,17.831634370427125,0.794853811114703,34.10529816280008,24.197933824843744,9.907364337956338,0.3775918324403113,38.29851982319117,22.87244344943745,15.42607637375372,0.7783127439849968
PLW,Palau,East Asia & Pacific,True,-9.79834155089333,8.017695960619124,-17.816037511512455,-1.0612589652183197,-5.935466299719039,6.716539492635197,-12.652005792354235,-0.6208599125041077,9.378550056172628,13.743782509063388,-4.36523245289076,-0.2575357386676673
PNG,Papua New Guinea,East Asia & Pacific,False,15.319562305134692,17.297846639565304,-1.9782843344306116,-0.10014740124094713,,17.24411099028544,,,,19.321977385618457,,
POL,Poland,Europe & Central Asia,True,49.915890971818854,20.574128367327248,29.341762604491606,1.282418820337932,51.94753023857685,20.989524220005716,30.958006018571137,1.1208941029711186,42.277438737614176,21.246769731203305,21.03066900641087,1.0526278867454133
PRT,Portugal,Europe & Central Asia,True,18.004004693236993,24.46839586233673,-6.464391169099738,-0.31401540793245963,20.115396125508767,25.460152059699716,-5.34475593419095,-0.21418671670062725,18.40967275469312,23.50633702936645,-5.09666427467333,-0.2773342042858669
PRY,Paraguay,Latin America & Caribbean ,True,18.621353637701944,10.300258587560222,8.321095050141722,0.4282208249509324,20.37802892134053,9.294470938756973,11.083557982583557,0.4752136061490635,19.422731030478158,15.133849090709425,4.288881939768732,0.24069254041556337
PSE,West Bank and Gaza,"Middle East, North Africa, Afghanistan & Pakistan",True,-4.260619806123667,26.82436794140474,-31.08498774752841,-1.6554920169625291,7.036471278631606,28.174477213159182,-21.138005934527577,-0.8866678289374818,2.759848437110346,24.85896394894433,-22.099115511833983,-1.2819015400568579
QAT,Qatar,"Middle East, North Africa, Afghanistan & Pakistan",False,-21.98657383040824,-5.344457197830815,-16.642116632577427,-1.1384847209331974,,-8.215498861766603,,,-18.591166751206366,5.34518751131631,-23.936354262522677,-1.6962936881980268
ROU,Romania,Europe & Central Asia,True,46.6587881966948,10.098713377459918,36.560074819234885,1.6882156344895713,63.709166972178586,9.066539098821357,54.64262787335723,1.998112022414111,60.02096515036217,15.011597673546456,45.00936747681572,2.173498459459474
RUS,Russian Federation,Europe & Central Asia,True,6.9220587217893925,1.6261903276861303,5.2958683941032625,0.29909333132253435,3.7566235304791418,-0.46063674759989776,4.217260278079039,0.20414798591586059,5.070088938114314,9.784368626568373,-4.7142796884540585,-0.288840732942773
RWA,Rwanda,Sub-Saharan Africa ,True,44.553893389475974,30.793140718014822,13.760752671461152,0.5889880168135522,35.446685927957475,32.763011158581236,2.683674769376239,0.0984580188753619,7.745355692683864,27.113961224178517,-19.36860553149465,-1.0879170698574478
SAU,Saudi Arabia,"Middle East, North Africa, Afghanistan & Pakistan",True,12.958919976741058,-0.5204314792908163,13.479351456031875,0.7481735480654262,-3.6395923006130815,-2.857031732706536,-0.7825605679065455,-0.03979357645293693,28.505962536637664,8.431310577897868,20.074651958739796,1.1178275809301939
SDN,Sudan,Sub-Saharan Africa ,False,-24.454201855452226,9.013855213485323,-33.46805706893755,-2.1592660883783212,,7.8406657705746365,,,-10.879816790019825,14.351936515399322,-25.231753305419147,-1.6405949299474583
SEN,Senegal,Sub-Saharan Africa ,True,24.187926664896686,21.31900421651566,2.868922448381028,0.1376123897486647,33.28351200567348,21.843084044001966,11.440427961671514,0.4415288409378935,12.709680876702901,21.68130746500159,-8.97162658829869,-0.5040344924270538
SLB,Solomon Islands,East Asia & Pacific,True,-15.066945875595817,30.66063108295239,-45.727576958548205,-2.5361091179778454,-2.1449718598097633,32.609487443786854,-34.75445930359662,-1.4952461229980065,-5.742175441169161,27.039137986062205,-32.78131342723137,-1.964155576966031
SLE,Sierra Leone,Sub-Saharan Africa ,True,5.077362786456496,6.7175530438257764,-1.6401902573692801,-0.09119480417698317,6.8545338411074335,5.251586369537685,1.602947471569748,0.07436276850602984,38.99353318252214,12.946499166497643,26.047034016024497,1.365631106764483
SLV,El Salvador,Latin America & Caribbean ,True,20.988174097449686,21.033533524853205,-0.04535942740351828,-0.002206967630349189,13.705160198919831,21.515872775498064,-7.810712576578233,-0.3268551958271777,11.231703557700712,21.51490513082917,-10.283201573128459,-0.5818962603262413
SRB,Serbia,Europe & Central Asia,True,37.00178759239727,19.364356683562317,17.637430908834954,0.8114167544793056,38.14888195449967,19.604826950442128,18.544055004057544,0.7091399831333313,27.769198190408105,20.538620944720154,7.23057724568795,0.38337441253078874
STP,Sao Tome and Principe,Sub-Saharan Africa ,True,14.484770697980377,18.047031454593863,-3.5622607566134867,-0.18040976564202926,65.39610431771474,18.09928167004042,47.296822647674325,1.6570894698782836,12.661370469969956,19.764084969430368,-7.1027144994604114,-0.40234041921229285
SUR,Suriname,Latin America & Caribbean ,False,-22.531576560609352,2.33833624610132,-24.869912806710673,-1.6392443074793472,,0.33596273488824335,,,,10.230596049477684,,
SVK,Slovak Republic,Europe & Central Asia,True,25.10065226092866,17.039835927345663,8.060816333582995,0.3921523619088628,14.432507130086481,16.94977854746732,-2.51727141738084,-0.10705285745261364,32.27262399626294,19.169446775216624,13.10317722104632,0.6865149819149243
SVN,Slovenia,Europe & Central Asia,True,27.04640053618821,24.42645133443956,2.61994920174865,0.12268746510815488,25.18328164818604,25.41189301779078,-0.22861136960474226,-0.008976487552662752,22.59176388322739,23.48215879121084,-0.890394907983449,-0.04762519013862692
SWE,Sweden,Europe & Central Asia,True,11.302358513816735,25.061401044257526,-13.75904253044079,-0.686248336975109,12.635504747973902,26.14267675370514,-13.507172005731237,-0.5572048156740571,12.22771945126062,23.847800550558627,-11.620081099298007,-0.6483761930133127
SWZ,Eswatini,Sub-Saharan Africa ,True,14.825166532502765,1.597382176778769,13.227784355723996,0.7206244390181172,-0.9150235023047903,-0.49284468463147557,-0.4221788176733148,-0.020917811589472732,0.024273841626110126,9.766290036131533,-9.742016194505423,-0.6116360983237977
SYC,Seychelles,Sub-Saharan Africa ,True,9.453199862397721,11.865786555182261,-2.41258669278454,-0.12837018716339665,10.9291964407078,11.06696004322187,-0.13776360251407027,-0.0061061895633454195,18.564727808975732,16.08028411742626,2.4844436915494725,0.13936438854432345
SYR,Syrian Arab Republic,"Middle East, North Africa, Afghanistan & Pakistan",False,-37.2363853217473,10.983993306021098,-48.2203786277684,-3.356105070972578,,10.06815985303953,,,-87.01781451392516,15.547886678544062,-102.56570119246922,-14.386633050881558
TCD,Chad,Sub-Saharan Africa ,True,-15.133425387642795,3.2612147711411126,-18.394640158783908,-1.1550767412893221,-18.59547297801951,1.3694522470575996,-19.96492522507711,-1.0791226706364454,-4.379480247845047,10.806936169104102,-15.186416416949148,-0.9700428950972447
TGO,Togo,Sub-Saharan Africa ,True,32.28263136143068,16.40394772841215,15.878683633018532,0.7528979113949551,33.38973163015404,16.224764731474142,17.164966898679896,0.6777044253137416,27.093519487481068,18.792919916548872,8.300599570932196,0.4444855960709336
THA,Thailand,East Asia & Pacific,False,16.20954376050523,16.330076101062854,-0.12053234055762374,-0.006103646686830118,,16.14057557572363,,,23.310038422802943,18.749122670564862,4.560915752238081,0.24802741190085686
TJK,Tajikistan,Europe & Central Asia,True,56.05952624518922,30.52397637931946,25.535549865869758,1.0520346978148554,36.434924787045105,32.45118438377725,3.983740403267852,0.145792651448995,14.579175781012044,26.96194086374338,-12.382765082731336,-0.6753442652361406
TLS,Timor-Leste,East Asia & Pacific,True,24.443876750083124,11.825853231732024,12.6180235183511,0.6294762657106378,-48.88820871603219,11.021703735981223,-59.909912452013415,-3.8163734063992596,15.053451511085992,16.05621181403047,-1.002760302944477,-0.05710833589462022
TON,Tonga,East Asia & Pacific,True,15.292055996169188,31.887703783509856,-16.595647787340667,-0.7918043164764529,22.923900909074614,34.03199573369433,-11.108094824619716,-0.4256306914764472,22.707749383481634,27.730809415225956,-5.023060031744322,-0.2640238572062374
TUN,Tunisia,"Middle East, North Africa, Afghanistan & Pakistan",True,2.217906595573371,18.33940748841747,-16.1215008928441,-0.8622674009193161,-4.771372110731198,18.43322825536547,-23.20460036609667,-1.07286373324138,11.659829293378209,19.936302204575398,-8.276472911197189,-0.47056186878315853
TUR,Turkiye,Europe & Central Asia,False,48.864178240531444,12.370664820040924,36.49351342049052,1.6558331022899866,,11.639333852170294,,,61.93128785313362,16.384321023189663,45.546966829943955,2.1735142725553
TUV,Tuvalu,East Asia & Pacific,False,35.7664767002831,25.379196087284946,10.387280612998154,0.46863091784114563,,26.50863445900932,,,,24.03051361203625,,
TZA,Tanzania,Sub-Saharan Africa ,True,25.668710913510196,19.705488717404197,5.963222196105999,0.28623341599755886,30.071520803312296,19.99508447765768,10.076436325654615,0.3967050015902998,6.860289512827,20.738608399559148,-13.878318886732147,-0.803569776667902
UKR,Ukraine,Europe & Central Asia,True,-22.7557748462421,12.39456732208307,-35.15034216832517,-2.208179122031005,2.723816633354792,11.666440836585693,-8.942624203230901,-0.4106702002309559,-3.769743163144579,16.398700863120254,-20.168444026264833,-1.2522046083825835
URY,Uruguay,Latin America & Caribbean ,False,14.420513540522318,15.396148175752117,-0.9756346352297989,-0.0499909076721201,21.024408082884882,15.076861104659475,5.947546978225407,0.2479206142399592,,18.194403596125117,,
USA,United States,North America,True,19.113391565915983,11.320963897152689,7.792427668763294,0.3983583208958226,19.849829536344398,10.449711704710845,9.400117831633553,0.4018488885251372,22.710250127084052,15.751546875904134,6.958703251179918,0.38419400052741587
UZB,Uzbekistan,Europe & Central Asia,False,54.64550134691704,17.51456774469454,37.1309336022225,1.6166302885098773,,17.491412036803133,,,75.09425607535132,19.449989800355024,55.6442662749963,2.51672580208543
VCT,St. Vincent and the Grenadines,Latin America & Caribbean ,False,25.653602265910692,20.634951854726317,5.018650411184375,0.23998580385647886,,21.059194486494246,,,,21.282294395279514,,
VUT,Vanuatu,East Asia & Pacific,True,-4.112267685471416,33.44359777540297,-37.55586546087439,-1.9459214168818666,6.491430435449375,35.83838880075626,-29.34695836530689,-1.1974962697045999,104.30090829257144,28.603963432974407,75.69694485959702,3.0460284201009546
WSM,Samoa,East Asia & Pacific,True,2.176890376527907,27.203595230877642,-25.026704854349735,-1.2899181717307444,5.5907805507037,28.612056973009686,-23.021276422305988,-0.9703380714988796,24.960604016384423,25.07570106144852,-0.1150970450640969,-0.006058692122947401
ZAF,South Africa,Sub-Saharan Africa ,True,-5.467444627394213,5.674496707994028,-11.141941335388243,-0.6560141002625433,-1.8148853413624932,4.078131581344695,-5.893016922707188,-0.28676413762509095,-1.5344227793349985,12.303921021505527,-13.838343800840526,-0.8654048402525717
ZWE,Zimbabwe,Sub-Saharan Africa ,True,0.6650221898442554,4.9912481149777275,-4.326225925133472,-0.24775020903578127,13.53134129959468,3.3103529490662518,10.220988350528428,0.46414453111953485,-25.41878742901088,11.881561940193357,-37.30034936920424,-2.6689135919835776
