region,observed,predicted,residual,mean_ci_low,mean_ci_high
Angola,-27.464074420417006,-10.926902151107608,-16.537172269309398,-22.060362818635067,2.156526828277924
Albania,44.1889358021859,23.234648677317704,20.9542871248682,17.13278840484272,29.673180465202286
Argentina,-3.53407219226316,9.632144984855689,-13.166217177118849,3.25827255392045,16.996791346419286
Armenia,41.62445285866987,18.79631767291228,22.82813518575759,15.191549012554065,22.518066576301358
Austria,6.798536767934138,14.329886881772548,-7.5313501138384105,10.293649654182847,19.622892626639764
Belgium,10.510868149506614,25.343115020374842,-14.832246870868229,19.2596294086163,32.57710243894551
Benin,25.53330406887291,14.114124085448669,11.41917998342424,7.711870644336909,20.79643764316082
Burkina Faso,20.89162272818026,13.44241216264485,7.4492105655354095,5.031352537358948,21.695364685488805
Bulgaria,36.041485417963415,13.770750800937247,22.270734617026168,9.559731810901217,18.15442618920086
Bahrain,5.454401587216928,7.0396056048781865,-1.5852040176612583,0.7298771438676608,14.111457718409316
"Bahamas, The",1.9861526965602394,8.773172612972585,-6.787019916412346,4.405319541879725,13.274413064635018
Bosnia and Herzegovina,42.41759867218242,24.063726465936625,18.353872206245796,17.895054981246314,30.650489145022437
Belarus,2.5122212760242846,13.768999644534581,-11.256778368510297,6.277723435022532,21.75256609137633
Belize,5.917214066353971,14.909530765690167,-8.992316699336197,11.575865029000125,18.136430753808813
Bolivia,15.031420063663248,11.714429773976297,3.3169902896869505,7.372209311288696,16.193461934009882
Brazil,-1.4881320608113313,14.020746040633666,-15.508878101444997,10.843421199574829,17.362748964129814
Brunei Darussalam,-16.124601633049096,-0.8798000191546618,-15.244801613894435,-8.809935420911188,8.292564293784356
Bhutan,23.253093896023636,11.786389699382735,11.466704196640901,8.129490905530567,15.592693664387834
Central African Republic,-32.79270825794684,8.288372198716921,-41.08108045666376,0.48207806299466344,16.64288624406411
Canada,8.08188175040847,17.720964407156668,-9.639082656748197,13.196348621915662,23.70948347347905
Switzerland,11.337085474329456,12.84315543740292,-1.5060699630734646,7.6694192900282925,19.165183845635646
Chile,10.264267919775882,19.18489049626931,-8.920622576493429,14.732088539644641,24.369865620878265
Cote d'Ivoire,39.29401539280324,3.760317443776036,35.5336979490272,-2.877686835661394,11.424745129048148
Cameroon,10.01380284060236,5.87444022985818,4.139362610744179,-0.0341536006634311,12.53561528545351
"Congo, Dem. Rep.",22.7642177523669,20.292663615537325,2.4715541368295746,12.431143278924516,28.221742458608034
"Congo, Rep.",-38.06673256120163,-0.29766118147956444,-37.76907137972207,-8.059530962714474,8.268646961420412
Colombia,18.90262524611881,17.511116216867517,1.3915090292512922,13.721735981117197,21.544516223206166
Comoros,3.9825305785416987,16.475676205043648,-12.49314562650195,10.96629231986794,22.094556954464153
Cabo Verde,17.92438539785195,25.689379061426443,-7.764993663574494,19.420516012751452,31.888822111689596
Costa Rica,23.61439281338864,22.6071786531068,1.0072141602818405,18.457530356879975,27.278759914002045
Cyprus,26.027413170795022,20.385825967610558,5.641587203184464,16.482228016699704,25.41200342957982
Czechia,20.688586866465286,17.324649948057555,3.363936918407731,13.685108672366615,21.789593524009018
Germany,9.306294047305919,16.043888765867763,-6.737594718561844,12.023644671481701,21.582138611388178
Denmark,13.836636551066306,20.060000099147672,-6.223363548081366,14.744565256731324,26.746389164648008
Dominican Republic,39.4908125961674,7.514743281849173,31.97606931431823,2.4549647155902146,12.958135562442392
Algeria,0.5743667796318519,14.284240764546063,-13.70987398491421,8.704496610687205,20.0303105212778
Ecuador,9.035368418175338,17.937326291613047,-8.90195787343771,12.081672488463244,24.05454975285523
"Egypt, Arab Rep.",22.402314844233473,8.098064303921486,14.304250540311987,3.4917203695255967,13.174716745293127
Spain,13.005868030733403,24.585312347411985,-11.579444316678583,19.08199977464448,31.12662607120705
Estonia,24.465655157839983,21.558624895495083,2.9070302623449003,17.336737821525052,26.59583208749513
Ethiopia,52.129023165056495,22.191394812443107,29.937628352613388,14.443646209201564,30.37365621350936
Finland,5.604908005540743,21.587010130383547,-15.982102124842804,15.693051699429004,28.553725554139042
France,7.219052864042652,18.152338893079133,-10.93328602903648,14.40807110438391,23.22364277519189
United Kingdom,11.533421121409049,15.569031756260296,-4.035610634851247,11.600705116496636,20.822136567688936
Georgia,46.316813702874704,23.90216272546336,22.414650977411345,19.261003706857196,28.845160647015152
Ghana,23.117347291507784,12.19015948213693,10.927187809370853,6.151466748551129,18.159613664929573
Guinea,31.661428012695936,7.508868071374499,24.152559941321435,1.4252031821888933,14.54222557599083
"Gambia, The",10.610874068070864,17.768692435138014,-7.157818367067151,11.665427811507605,24.329100347621605
Greece,13.67079780196736,20.17941085649978,-6.508613054532418,14.657886950881673,25.999246187947637
Guatemala,18.16861101289966,7.687671576022364,10.480939436877296,2.7764782226983438,13.060991171239205
Honduras,12.598702701343,19.461702361656585,-6.862999660313584,14.333815847861125,24.389107199608812
Croatia,34.40536392701645,17.35516189132141,17.050202035695044,13.198277299095567,21.820551425296767
Hungary,36.54379395103682,17.154183692246765,19.389610258790054,13.95245639920244,20.867314053997546
Indonesia,31.732375893464315,13.59789345743251,18.134482436031803,10.202708118917649,17.251261689166956
India,45.35809377170157,17.71020393098483,27.64788984071674,13.218671209766518,22.404883056596905
Ireland,72.95847037378493,17.69656538921167,55.26190498457326,13.814454913465847,23.014757900918525
"Iran, Islamic Rep.",7.732273019821712,11.835624615433161,-4.10335159561145,5.616643726201453,18.325627659641707
Iceland,13.447505852057162,20.82349955533474,-7.3759937032775795,16.331531251008855,26.569639937158694
Israel,20.41178062542759,18.64130789875437,1.7704727266732192,15.045062546577247,23.362676787765114
Italy,9.069232990686693,14.945329164913595,-5.876096174226902,9.599294642325257,20.79479954083126
Japan,9.926771195701356,21.86725170561499,-11.940480509913634,17.258059727626463,27.46065139776979
Kazakhstan,14.854002128996768,4.056144478383918,10.797857650612851,-3.5369025070076536,12.443668551700679
Kyrgyz Republic,20.667266462187506,24.17756723224336,-3.510300770055853,17.89733427284047,30.774965208020756
"Korea, Rep.",24.79951176264379,17.607068495461295,7.192443267182494,14.074556424326742,22.195305459222556
Kuwait,-23.37282082546892,2.072149433435344,-25.444970258904263,-6.142527432651282,11.246882326639836
Lebanon,-41.190347545897055,12.772665922744112,-53.963013468641165,7.863388091506483,17.847738876755038
Lesotho,-11.588051398796573,11.145032276554216,-22.73308367535079,3.3450696131558373,18.98948255787731
Lithuania,41.071974827420554,17.018643563814425,24.05333126360613,13.931728301561552,20.89810107096596
Luxembourg,2.810032174092214,7.217672991696436,-4.407640817604222,0.7420393283220975,14.783561059762627
Latvia,31.60958753180889,17.29003507595721,14.319552455851682,14.302227812156127,21.075543595391938
Morocco,13.031440371973169,17.539968363951616,-4.508527991978447,13.91447883266935,21.073820945657346
Moldova,41.28362833579153,18.010650929355087,23.272977406436446,13.73880965920208,22.35744990498272
Madagascar,-0.9541521226406502,22.725785240219466,-23.679937362860116,15.147933999336923,30.541872521686866
Maldives,20.551372913452326,13.162880500147079,7.388492413305247,8.781389191067138,17.748214062654466
Mexico,2.3312117656605125,10.885686583480673,-8.55447481782016,6.817865170898291,15.589384742815627
North Macedonia,28.340764470011415,16.310511292606353,12.030253177405061,12.907033863513735,20.00581642171535
Mali,11.007085444640818,10.612097757960804,0.3949876866800146,3.7419802480765774,18.138422575319108
Malta,37.88971480937402,15.837747050513418,22.051967758860602,12.684886714971993,19.924434634141566
Montenegro,26.761502870351883,19.38627228101756,7.375230589334322,14.401243494003209,24.4412942678837
Mongolia,23.707295559804287,13.988300770451096,9.718994789353191,10.068038980039306,17.877590762030525
Mozambique,9.827161621652447,19.457452530064835,-9.630290908412388,10.86468119350463,28.099958334985825
Mauritania,5.7283926309155575,5.722368358795923,0.006024272119634411,0.14469852993104806,12.125839566342416
Mauritius,20.781577438279975,15.86567966803095,4.915897770249025,12.498531033745921,19.665595117354247
Namibia,-12.395957923437706,3.863238267101632,-16.25919619053934,-3.0066115236762267,11.044655063359826
Niger,20.0500187300916,15.422643372645169,4.627375357446432,6.5338507876180225,24.08807222528744
Nicaragua,14.813248036883842,21.117060789133824,-6.303812752249982,15.932779931186332,26.32824537118729
Netherlands,14.850777347385957,17.440054142373796,-2.589276794987839,12.731559134565245,23.75461639232814
Norway,10.154725066459314,14.94130022506998,-4.786575158610667,10.032541865620768,21.295790402250077
Nepal,36.20488455941597,21.644944290407153,14.55994026900882,16.043908557771733,27.591510631646717
New Zealand,15.483286413091513,22.501880847474553,-7.01859443438304,16.25028348686839,29.07462558403854
Oman,-5.344447266716301,10.529677698724829,-15.87412496544113,5.597550067545995,16.056074016837723
Pakistan,25.27570234912293,7.220673528454697,18.055028820668234,1.7985618890611175,13.46097703568913
Panama,23.073676019813405,6.670450407704047,16.40322561210936,1.668830822964229,12.424165825685323
Peru,15.03463154848319,17.990875409433603,-2.956243860950412,14.344830254866903,21.853359767051202
Philippines,34.50234852272036,20.425966708496304,14.076381814224057,16.185114212442944,24.82559507323462
Palau,-10.31223727348074,13.0882909859367,-23.40052825941744,10.225272855237028,16.360682679941558
Poland,40.49042239875291,18.740473268681665,21.749949130071247,15.443577381269453,22.793752477129367
Portugal,16.55483759799683,21.917789427789053,-5.362951829792223,17.492734484676806,27.14812729946242
Paraguay,17.076633190434976,12.485021943571233,4.591611246863742,7.9000062699895715,17.351191890485605
West Bank and Gaza,-4.354047589180787,26.290887057491922,-30.64493464667271,20.147814040992007,32.88696909857462
Romania,38.29385339725864,11.45207029657556,26.841783100683077,7.080245546452697,16.798729880311154
Russian Federation,6.692995988391459,2.214025829372222,4.478970159019237,-7.285802273659018,12.619709123922068
Rwanda,36.848221666342695,24.37281515366832,12.475406512674375,15.264440005105799,33.26914988264773
Saudi Arabia,12.185402659871336,0.1662680615781138,12.019134598293222,-8.478447209270904,9.530601948031162
Senegal,21.662576996894778,17.910234909215053,3.7523420876797253,12.075509660279709,24.00115529823843
Solomon Islands,-16.330683835287196,26.02269811214812,-42.35338194743532,18.602655491548106,33.28137946890975
Sierra Leone,4.9526681316520715,6.677283433611819,-1.7246153019597479,-0.09230434185948921,14.41451415505874
El Salvador,19.052262010047905,17.438431483005868,1.6138305270420368,13.909484698080686,20.920718606722076
Serbia,31.48237878745963,18.152738106560975,13.329640680898656,13.203585343271753,23.29693280039134
Sao Tome and Principe,13.527162115544833,15.979371346476679,-2.452209230931846,11.55791676366551,20.613442659757972
Slovak Republic,22.394844538747805,14.444250366215421,7.950594172532384,11.344900768924697,18.05283222729782
Slovenia,23.93821922959809,19.617717778848107,4.320501450749983,15.734388784953666,24.54610406267628
Sweden,10.708026266921955,19.81998596980142,-9.111959702879464,14.275998767844994,26.40133788943234
Eswatini,13.824049453843656,-0.434747150332359,14.258796604176016,-8.258051830191874,8.001989769465172
Seychelles,9.03268733907705,10.20152541120655,-1.1688380721294997,6.727655677977903,14.184217194549761
Chad,-16.4089873226839,-0.7361402445742042,-15.672847078109694,-9.47197086832398,9.089183131029905
Togo,27.977059428802775,16.001880348581363,11.975179080221412,9.906507042194454,22.35732429914556
Tajikistan,44.50673269736889,30.023439523328904,14.483293174039986,21.69071693719196,39.08209993684735
Timor-Leste,21.8684639124735,14.7176117359964,7.150852176477102,9.886742135400494,19.86786912744824
Tonga,14.229834035449684,29.81751921537315,-15.587685179923465,22.806552425393033,37.552458688915316
Tunisia,2.193668774078361,18.19903983120665,-16.00537105712829,14.816604061389892,21.54692266574542
Tanzania,22.847897987576182,15.019235976580196,7.828662010995986,8.886102729985298,21.480045695350334
Ukraine,-25.81980282957126,13.180389219792778,-39.00019204936404,6.991917566498353,19.6993556444852
United States,17.490572373253066,9.17830211204507,8.312270261207996,4.464661467648636,14.88751735281136
Vanuatu,-4.199213392340795,26.984193663658345,-31.18340705599914,19.452173606769428,34.624815990957586
Samoa,2.1535344651784527,26.055545256707727,-23.902010791529275,19.647950222364265,32.47223537352179
South Africa,-5.622590951792539,6.325734483983793,-11.948325435776333,1.5003101940916568,11.855481196094425
Zimbabwe,0.6628206722762542,6.714495479960292,-6.051674807684038,0.2585161695536299,13.672890100089978
