pref,region,jobchg,hat,res,urban,precar
沖縄県,九州,6.7,5.160276492653112,1.5397235073468885,-0.37226871251609234,2.613030442345034
千葉県,関東,5.8,4.955145442080879,0.8448545579191205,0.739931768948345,0.057941994828721574
岡山県,中国,5.2,4.605938429554196,0.5940615704458043,-0.11644933100860626,-0.45306375821373673
埼玉県,関東,5.6,5.027054146886144,0.5729458531138558,0.9750118011019411,0.08117495472192643
静岡県,中部,5.1,4.615985665790276,0.48401433420972406,0.06431076537488166,-0.6563073955512608
福岡県,九州,5.5,5.036190440117186,0.46380955988281425,0.2831995372889535,1.0915998220122511
鹿児島県,九州,5.1,4.647887340825529,0.4521126591744711,-0.7516252962454723,0.6386466275507945
三重県,近畿,4.9,4.521525507143085,0.37847449285691503,-0.03340411077720477,-0.9815091517521031
島根県,中国,4.6,4.260008425407061,0.33999157459293894,-0.49545738760296576,-1.6144730236578801
宮城県,東北,5.1,4.770589998752076,0.32941000124792374,-0.2472249821227901,0.5341281491833838
群馬県,関東,5.1,4.781244626662874,0.318755373337126,0.11453503937896359,0.08117495472192643
岩手県,東北,4.7,4.401321644828515,0.2986783551714849,-0.961673990575394,-0.2730530807694168
栃木県,関東,5.0,4.713702720765672,0.28629727923432835,-0.03038923952756299,-0.04657648353868842
福井県,中部,4.5,4.274799430940944,0.22520056905905594,-0.2939414193260639,-1.823509980392701
北海道,北海,4.9,4.759386174890794,0.14061382510920595,-0.9478198497331659,1.457414496298188
神奈川県,関東,5.3,5.202528013348682,0.09747198665131762,1.7140693293927616,-0.09304240332509722
佐賀県,九州,4.7,4.609431588730916,0.09056841126908388,-0.28724484643823617,-0.19756088169250757
広島県,中国,4.8,4.7106577525797855,0.08934224742021435,0.1919023958215523,-0.3717782397395303
大分県,九州,4.7,4.630712869738698,0.06928713026130229,-0.6120799595264772,0.3599107911363598
鳥取県,中国,4.5,4.44995491050913,0.05004508949086972,-0.46281666348346845,-0.7317995946281703
石川県,中部,4.4,4.428181490273793,-0.028181490273792242,-0.08562722381744287,-1.3647634665339474
富山県,中部,4.3,4.329338744188156,-0.029338744188156518,-0.36091501662053704,-1.4634886255040611
新潟県,中部,4.5,4.5380587479427215,-0.03805874794272146,-0.5038066451939684,-0.244026801478916
岐阜県,中部,4.5,4.538612636426009,-0.03861263642600932,0.026410812823629157,-0.9815091517521031
宮崎県,九州,4.7,4.740965513626161,-0.040965513626161076,-0.9207911079639958,1.3296630580375726
奈良県,近畿,5.1,5.141817479641437,-0.04181747964143767,0.6862406070399847,1.0451339022258432
東京都,関東,5.7,5.74859188851493,-0.048591888514930126,4.174682378266571,-0.8595510328887852
愛知県,中部,4.7,4.762975411958114,-0.06297541195811363,0.8118114529847116,-0.9815091517521031
滋賀県,近畿,4.6,4.6711108260680785,-0.07111082606807884,0.2531310832166999,-0.6505140761539643
山口県,中国,4.6,4.707233858921827,-0.1072338589218278,-0.165338144120774,0.11020123401242779
山梨県,中部,4.5,4.623286472323924,-0.1232864723239242,-0.2179523611281843,-0.22658716098300768
福島県,東北,4.4,4.555686190131532,-0.15568619013153207,-0.6376164075791998,0.028915715538221476
山形県,東北,4.1,4.265116460123229,-0.16511646012322956,-0.8561159927454408,-1.0860276301195135
香川県,四国,4.5,4.6873236834384695,-0.1873236834384695,-0.05201176583382618,-0.14530164250880193
熊本県,九州,4.5,4.712461844875213,-0.2124618448752127,-0.5089344532987261,0.6154136676575896
長野県,中部,4.1,4.336463613994331,-0.23646361399433147,-0.40669331231301875,-1.3647634665339474
高知県,四国,4.5,4.804550449131189,-0.304550449131189,-0.4028790047875373,0.9173824639652279
長崎県,九州,4.3,4.655785496077691,-0.35578549607769094,-0.4702340352720354,0.28441859205945064
秋田県,東北,4.0,4.374194061727941,-0.3741940617279411,-1.1273558592926245,-0.1743279217993033
愛媛県,四国,4.3,4.724239181784624,-0.42423918178462383,-0.41362980044884984,0.5399214685806804
茨城県,関東,4.4,4.835377123748149,-0.4353771237481485,0.10436436032957046,0.3599107911363598
京都府,近畿,4.7,5.189175359094647,-0.4891753590946468,1.4884535478113328,0.15666715379883633
兵庫県,近畿,4.6,5.120655126540706,-0.5206551265407064,0.6828795196969031,0.9464087432557284
大阪府,近畿,5.1,5.62401297522804,-0.5240129752280405,1.974874209209947,1.6026055750547095
徳島県,四国,4.1,4.805881307203714,-0.7058813072037147,-0.3607855204956208,0.8651232247815228
青森県,東北,3.7,4.512592315253056,-0.8125923152530561,-1.000628609964395,0.3250911924485626
和歌山県,近畿,3.7,4.831970119556748,-1.1319701195567475,-0.1820975589270641,0.743165105918205
