pref_cd,pref,dens,inflow,wage_f,sep,unemp,jobchg,wage_m,did,svc,offer,ldens
1,北海道,230.2,0.12,241.0,4.9,4.6,4.9,330.6,75.2,70.6,1.0,5.438948496287782
2,青森県,380.5,0.53,222.4,3.6,5.3,3.7,296.0,46.6,65.1,0.94,5.941486177301741
3,岩手県,322.7,0.91,226.7,3.9,4.0,4.7,299.9,31.9,62.9,1.04,5.776723099057916
4,宮城県,722.6,1.28,246.7,4.0,4.9,5.1,340.0,64.1,70.5,1.25,6.58285581871354
5,秋田県,296.8,0.31,222.5,3.8,4.3,4.0,294.0,35.0,64.7,1.25,5.693058511293225
6,山形県,371.7,0.58,231.4,3.5,3.6,4.1,310.6,43.7,60.2,1.12,5.918087077303206
7,福島県,433.3,1.31,236.2,3.9,4.4,4.4,330.0,42.6,60.2,1.27,6.071430328745864
8,茨城県,737.2,2.98,257.1,4.1,4.5,4.4,360.6,38.2,61.7,1.18,6.602859225795668
9,栃木県,643.3,2.98,252.5,3.9,4.3,5.0,351.2,45.2,60.1,1.0,6.466611178416954
10,群馬県,854.6,3.13,253.0,4.0,4.3,5.1,345.1,39.9,61.2,1.07,6.750633523209925
11,埼玉県,2821.6,3.63,271.0,4.0,4.3,5.6,365.0,80.2,67.9,0.85,7.945059378921842
12,千葉県,1778.4,3.09,272.0,4.1,4.1,5.8,362.0,74.3,72.3,0.84,7.483469362649987
13,東京都,9873.3,21.5,323.6,3.5,3.9,5.7,427.9,98.4,72.1,1.15,9.197589423050749
14,神奈川県,6267.5,3.6,295.1,4.1,3.9,5.3,403.8,94.4,72.1,0.74,8.74313283003245
15,新潟県,483.8,0.35,247.2,4.1,3.7,4.5,326.8,48.7,63.9,1.31,6.181671598175927
16,富山県,561.7,0.84,249.0,3.5,3.1,4.3,332.2,37.8,62.1,1.23,6.330967899538387
17,石川県,812.1,1.2,253.9,3.4,3.4,4.4,352.8,51.5,65.5,1.16,6.699623485288365
18,福井県,711.9,1.01,245.9,3.1,3.3,4.5,335.9,44.0,63.8,1.55,6.5679374521098275
19,山梨県,849.8,1.41,243.5,3.7,4.4,4.5,340.9,31.2,62.9,0.95,6.745001027680711
20,長野県,630.4,0.52,245.2,3.4,3.4,4.1,342.2,34.2,60.1,1.16,6.44635453854367
21,岐阜県,895.1,2.5,250.3,3.7,3.4,4.5,351.0,38.2,61.8,1.25,6.796935443876893
22,静岡県,1309.4,1.02,251.7,3.6,4.0,5.1,348.7,59.9,60.9,1.0,7.177324296006991
23,愛知県,2517.7,2.67,269.9,3.7,3.4,4.7,390.2,77.5,61.3,1.08,7.831101065329969
24,三重県,857.6,1.87,251.6,3.7,3.4,4.9,373.1,43.5,62.1,1.06,6.754137790316538
25,滋賀県,1087.8,3.3,254.1,3.9,3.5,4.6,362.2,49.7,61.1,0.76,6.99191258698886
26,京都府,2189.8,7.85,283.0,4.0,4.4,4.7,373.6,83.6,67.7,1.0,7.691565494439325
27,大阪府,6624.7,7.56,285.5,4.6,5.3,5.1,386.6,95.7,68.5,1.08,8.798560366810248
28,兵庫県,1973.3,2.59,268.9,4.5,4.6,4.6,375.5,77.7,69.0,0.87,7.58746254717538
29,奈良県,1551.1,4.25,265.3,4.4,4.9,5.1,347.6,64.8,71.6,1.01,7.346719635630705
30,和歌山県,821.3,2.03,242.8,4.4,4.5,3.7,353.4,37.2,66.7,0.93,6.710888450746147
31,鳥取県,611.9,1.58,236.2,3.6,3.9,4.5,294.3,37.0,66.9,1.24,6.4165688704684944
32,島根県,528.0,1.42,239.0,3.5,2.9,4.6,317.8,24.2,67.3,1.55,6.269096283706261
33,岡山県,847.5,1.39,249.8,3.7,4.1,5.2,337.7,46.7,64.4,1.36,6.742290839254605
34,広島県,1217.9,1.26,259.8,4.0,3.7,4.8,353.0,64.5,67.7,1.24,7.104883343093065
35,山口県,782.5,1.16,250.3,4.2,4.0,4.6,343.0,49.2,67.5,1.31,6.662493922414308
36,徳島県,708.2,0.68,244.0,4.2,5.0,4.1,323.3,32.7,65.3,1.1,6.562726539677803
37,香川県,945.6,1.25,251.7,4.0,4.0,4.5,338.4,32.6,66.6,1.31,6.851819646651834
38,愛媛県,801.2,0.67,237.7,4.3,4.4,4.3,318.1,52.9,64.8,1.31,6.686110603791663
39,高知県,595.5,0.42,247.5,4.3,4.9,4.5,317.8,43.5,68.7,0.96,6.3894013887953545
40,福岡県,1858.3,1.51,252.9,4.2,5.3,5.5,349.6,72.4,72.1,0.98,7.527417370279605
41,佐賀県,608.0,4.92,226.8,3.9,4.1,4.7,309.9,31.4,65.0,1.09,6.410174881966167
42,長崎県,786.8,0.68,234.7,4.1,4.4,4.3,322.3,48.0,69.9,0.99,6.667974086514904
43,熊本県,632.8,0.81,237.2,4.3,4.5,4.5,318.7,47.8,67.5,1.24,6.450154416453444
44,大分県,626.1,1.02,230.0,4.1,4.5,4.7,321.9,47.2,66.5,1.16,6.439510102751265
45,宮崎県,570.1,0.76,215.4,4.8,4.6,4.7,298.4,46.1,66.5,1.26,6.3458117840375365
46,鹿児島県,483.0,0.57,231.0,4.2,4.7,5.1,316.2,40.2,69.7,1.18,6.180016653652572
47,沖縄県,1302.6,0.15,230.8,4.8,6.3,6.7,292.4,67.8,73.5,0.71,7.172117546112301
