code,name,r_47,r_46_excl_okinawa
#L04306,標準価格対前年平均変動率(工業地),0.5937848665893674,0.3562143081815478
#A03501,15歳未満人口割合,0.53605325325996,0.31290227158757744
#A03404,老年化指数,-0.5142784647687609,-0.37966129418555594
#L04302,標準価格対前年平均変動率(住宅地),0.5062144516887516,0.20384326568374433
#I06102,悪性新生物(腫瘍)による死亡者数（人口10万人当たり）,-0.48912430172513394,-0.3670596682421782
#A05201,自然増減率,0.4880144824633551,0.3300330417434325
#A05101,人口増減率,0.48479714093438064,0.3764216298757539
#C0460101,郵便貯金残高(人口１人当たり),-0.48430152385725767,-0.26116276961255336
#A05307,転入超過率,0.4798395139615884,0.4458168693392249
#A05202,粗出生率(人口千人当たり),0.47743744481271033,0.22041001264093654
#I0910105,一般診療所数（人口10万人当たり）,-0.47128648652242644,-0.4032011144380365
#L04304,標準価格対前年平均変動率(商業地),0.4583139529286818,0.18688075963806916
#A02104,人口性比(65歳以上人口),0.4551097454408658,0.3797282111770965
#I06105,心疾患(高血圧性を除く)による死亡者数（人口10万人当たり）,-0.4542924962046421,-0.35195349395265885
#A03503,65歳以上人口割合,-0.44665951287503863,-0.3130932766856813
#A0520401,粗死亡率(男)(人口千人当たり),-0.4444562457172023,-0.37038340951151283
#I0520502,平均余命(65歳・女),0.4360229012060017,0.2919775831950377
#I07201,"2,500g未満の出生率（出生数千当たり）",0.4277258657390239,0.2874216713162234
#I06101,生活習慣病による死亡者数（人口10万人当たり）,-0.42175196518655383,-0.3080910693313665
#A05204,粗死亡率(人口千人当たり),-0.4194412312110312,-0.3344126499827624
#A06304,65歳以上世帯員の単独世帯の割合,-0.4174213167551202,-0.39092912319062956
#A02101,人口性比(総数),0.4127228788261948,0.3979341321860852
#A0160103,外国人人口(アメリカ)(人口10万人当たり),0.4088935782156811,-0.05037359626325678
#L04111,消費者物価指数対前年変化率(教育),-0.4086846890759133,-0.4372127314862592
#A03402,老年人口指数,-0.4032096089671155,-0.30574628739207116
#A0520402,粗死亡率(女)(人口千人当たり),-0.39289220573594613,-0.3003387000887407
#I1520302,全国健康保険協会管掌健康保険受診率（被扶養者千人当たり）,-0.39264567681531864,-0.17762037061548738
#D0311101,商工費割合(都道府県財政),-0.3912864654647466,-0.43166935783017024
#I0520501,平均余命(65歳・男),0.38995481271557547,0.3662553787779021
#L02420,その他の消費支出割合(二人以上の世帯),-0.38895749427361914,-0.3428172693286014
#F03402,大学新規卒業者の無業者率,0.3822124913607186,0.11003152578530295
#I04104,通院者率（人口千人当たり）,-0.3798878431268494,-0.20637767081070832
#I1520301,全国健康保険協会管掌健康保険受診率（被保険者千人当たり）,-0.37959962012075404,-0.21645178165793588
#A06301,65歳以上の世帯員のいる世帯割合,-0.3776671252485872,-0.25221585589271234
#I0420102,一般病院の１日平均外来患者数（人口10万人当たり）,-0.3726399680405975,-0.33526541729972165
#A06302,夫65歳以上、妻60歳以上の夫婦のみの世帯の割合,-0.37173602167147446,-0.18437260654597507
#F02301,雇用者比率,0.3694468541723394,0.4964094153243746
#A06601,婚姻率(人口千人当たり),0.36930197018885835,0.216246502097642
#A05218,年齢別死亡率(65歳以上)(人口千人当たり),-0.3603170250967263,-0.3054700521073932
#A0430702,死別者割合(60歳以上・女),-0.3593376800562013,-0.23575731553806278
#J01200,身体障害者手帳交付数（人口千人当たり）,-0.355978249582089,-0.4446943000246526
#I0930302,一般病院看護師・准看護師数（100病床当たり）,0.35412356602347095,0.2544891871682794
#I11101,救急告示病院・一般診療所数（人口10万人当たり）,-0.3535490307267783,-0.275340122507134
#I15102,国民健康保険受診率（被保険者千人当たり）,-0.35083521618716645,-0.07347272833743725
#A03401,年少人口指数,0.3505050974382897,0.12428352079614186
#J05101,民生委員（児童委員）数（人口10万人当たり）,-0.34789872709083763,-0.2676119342764185
#J05202,福祉事務所生活保護申請件数（被保護世帯千世帯当たり）,0.3407387357555511,0.3465625771028558
#E09211,小学校長期欠席児童比率(年度間30日以上)(児童千人当たり),0.340711677761545,0.16615952220912206
#I0520202,平均余命(20歳・女),0.3367072595980706,0.29475276884220725
#I0520102,平均余命(０歳・女),0.33251562699490694,0.2987395691013323
#E0510301,小学校児童数(教員１人当たり),0.33121599117114403,0.30796761418822505
#E0110103,高等学校数(15～17歳人口10万人当たり),-0.33062110571601666,-0.30381381108939
#D0210301,国庫支出金割合(都道府県財政),0.32886182504843314,0.021643264629425795
#D0310601,児童福祉費割合(都道府県財政),0.3277860345823819,0.17114534373578177
#A05308,転入率,0.32520075305148555,0.322655814289775
#I14101,薬局数（人口10万人当たり）,-0.3235443414741205,-0.20864031144225395
#E0510302,中学校生徒数(教員１人当たり),0.31843478886303217,0.3354201815442076
#I15106,１人当たりの国民医療費,-0.31842527826942846,-0.29442706818622816
#L02412,住居費割合(二人以上の世帯),0.31836424987870887,0.1918007987882745
#I14102,医薬品販売業数（人口10万人当たり）,-0.314220404715713,-0.2656614126120319
#F08201,労働災害発生の頻度,0.3110903458485046,0.08387920611486012
#I0210105,平均身長（高校２年・男）,-0.3110871075285334,-0.15828292799633736
#A0430701,死別者割合(60歳以上・男),-0.3101552486050871,-0.15632202732505468
#I0210104,平均身長（中学２年・女）,-0.30966041615508255,-0.11971360265742576
#E10105,幼保連携型認定こども園教育費（在園者１人当たり）,-0.3078503154892196,-0.3343190663106472
#C02206,従業者１～４人の事業所割合(民営),-0.3077590208558338,-0.4743054293664876
#E09401,中学校卒業者の進学率,-0.3064382943697906,-0.2499325502271522
#D0331603,生徒１人当たり公立中学校費(都道府県・市町村財政合計),-0.3043601571164943,-0.2750669462765371
#A03403,従属人口指数,-0.3042308001795168,-0.2568886441913557
#I10204,精神科病院病床利用率,0.3030466412330756,0.23528194480446277
#L02602,平均消費性向(二人以上の世帯のうち勤労者世帯),0.30276484116068514,0.2317431664280331
#A03502,15～64歳人口割合,0.30235009814201164,0.24078728511108044
#E0110102,中学校数(12～14歳人口10万人当たり),-0.3003880382405612,-0.29804061844321156
#D0331503,児童１人当たり公立小学校費(都道府県・市町村財政合計),-0.29717849792326306,-0.30929281660845337
#C02208,従業者10～29人の事業所割合(民営),0.2970597193612303,0.4883888950162198
#C02207,従業者5～9人の事業所割合(民営),0.2968494938544137,0.4075007747953199
#E0110101,小学校数(６～11歳人口10万人当たり),-0.29499865954330273,-0.25248261719664666
#E10102,小学校教育費(児童１人当たり),-0.2943054473371953,-0.2772762756436361
#C04105,耕地面積比率,0.29371764767247244,0.260065667022499
#A06602,離婚率(人口千人当たり),0.292319596462425,-0.044422578538737365
#C03206,従業者１～４人の事業所の従業者割合(民営),-0.2921993176956216,-0.4056470927162778
#I0210205,平均体重（高校２年・男）,-0.2780937446239159,-0.23029156571073162
#F0620310,新規学卒者所定内給与額（高専・短大）（女）,0.2762844530758706,0.27916052856597245
#D03312,人口１人当たり警察費(都道府県財政),-0.27535985656279455,-0.28500304975154445
#E10101,幼稚園教育費(在園者１人当たり),-0.27188726467612806,-0.19166836658835304
#F01201,第１次産業就業者比率,-0.27132637380471697,-0.28361614751030034
#E0510206,中学校生徒数(１学級当たり),0.2704461664686805,0.29635160656049564
#I0210106,平均身長（高校２年・女）,-0.2657102715557447,-0.06216787028335549
#E0110106,認定こども園数(０～５歳人口10万人当たり),-0.26522727611583286,-0.2785579180624421
#I1520502,全国健康保険協会管掌健康保険医療費（被扶養者１人当たり）,-0.2640796542167308,-0.19338595684917098
#I07101,死産率（出産数千当たり）,0.26285982871524227,0.09923929311998497
#I10207,精神科病院在院患者数（常勤医師１人１日当たり）,-0.261636733896589,-0.17346156299135415
#I0910206,介護療養型医療施設数（65歳以上人口10万人当たり）,-0.2599031030117834,-0.3024653620821623
#A0521901,年齢調整死亡率(男)(人口千人当たり),-0.2598492563545735,-0.33140175911225134
#E0510205,小学校児童数(１学級当たり),0.25938102750564385,0.2790453248769492
#E0510303,高等学校生徒数(教員１人当たり),0.2585339075211463,0.30628176603023777
#E09503,最終学歴が短大・高専卒の者の割合,0.25632898792864234,0.23825332079993425
#E10103,中学校教育費(生徒１人当たり),-0.2541221070870569,-0.2086031405883973
#C01121,県内総生産額対前年増加率(平成27年基準),0.2508761509989254,0.15827861696087417
#E08201,専修学校生徒数(人口千人当たり),0.24920075433968192,0.16521058806604985
#C01126,県民総所得対前年増加率(名目)(平成27年基準),0.24622423075901628,0.16037720559129684
#A02103,人口性比(15～64歳人口),0.24381904000321492,0.30382657580161876
#L02736,土地家屋借金純減率(二人以上の世帯のうち勤労者世帯),-0.24121413880613823,-0.1966745018063164
#I0920101,医療施設に従事する医師数（人口10万人当たり）,-0.2359797192729836,-0.2692572745214431
#I0520201,平均余命(20歳・男),0.2342125921789288,0.3323068475419209
#I0520101,平均余命(０歳・男),0.23150620417088494,0.3289621163130721
#I04102,一般病院年間新入院患者数（人口10万人当たり）,-0.22818609501966172,-0.2636876489154666
#I0910106,歯科診療所数（人口10万人当たり）,-0.22451140076380272,-0.15198714919012335
#I0210203,平均体重（中学２年・男）,-0.22401113692006924,-0.2890100827753435
#D0311501,教育費割合(都道府県財政),0.22350163803261153,0.25851051302236977
#I0910103,一般病院数（人口10万人当たり）,-0.22325036837725706,-0.2071811957257685
#I11102,救急自動車数（人口10万人当たり）,-0.22076092705740327,-0.2242965998865313
#L04114,消費者物価指数対前年変化率(総合：食料(酒類を除く)及びエネルギーを除く),-0.22073082773462277,-0.012230613354153324
#J03501,児童福祉施設等従事者数（人口10万人当たり）,0.22016486189287213,-0.1298435426481547
#I0910203,一般病院病床数（人口10万人当たり）,-0.21760245939773828,-0.22417817570041876
#A0521902,年齢調整死亡率(女)(人口千人当たり),-0.2170555364672592,-0.2346775342404866
#C0410102,就業者１人当たり農業産出額(個人経営体),0.21527862602994333,0.2169061960449353
#F01203,第３次産業就業者比率,0.21406785725434543,0.08012834207383178
#I10106,一般病院外来患者数（常勤医師１人１日当たり）,-0.21200309713063675,-0.06699409082908332
#E09402,高等学校卒業者の進学率,-0.21158783701140083,-0.08022454826181655
#A0160101,外国人人口(韓国・朝鮮)(人口10万人当たり),-0.21031465382165682,-0.1808307793052236
#D0331703,生徒１人当たり公立高等学校費(都道府県・市町村財政合計),-0.20952608508170287,-0.17988372556869872
#I0210103,平均身長（中学２年・男）,-0.20911961920884434,-0.15713399489306526
#E0510304,幼稚園在園者数(教員１人当たり),0.20790582167004307,0.2223528397554977
#D0330403,65歳以上人口１人当たり老人福祉費(都道府県・市町村財政合計),-0.20749630102163288,-0.32678465821587854
#J05109,訪問介護利用者数（訪問介護１事業所当たり）,-0.20719251115226278,-0.006729335062676758
#L04109,消費者物価指数対前年変化率(保健医療),0.20660935548817802,0.2666140047163971
#D0330703,人口１人当たり衛生費(都道府県・市町村財政合計),-0.20622220160958238,-0.19151845315094027
#A0440502,離別者割合(40～49歳・女),-0.1986396378053801,-0.320502291883444
#I04105,有訴者率（人口千人当たり）,-0.1986036438071852,-0.0532184827525552
#E09213,不登校による小学校長期欠席児童比率(年度間30日以上)(児童千人当たり),0.19801656834291861,0.022972556829573235
#C01125,県民所得対前年増加率(平成27年基準),0.19771653375385828,0.11756664811361926
#J0110806,生活保護介護扶助人員（月平均人口千人当たり）,-0.1952877675313364,-0.4063355106739134
#C02209,従業者100～299人の事業所割合(民営),0.1952240825550692,0.2871454874486358
#C03209,従業者100～299人の事業所の従業者割合(民営),0.19279351089346852,0.24677264256835893
#A02102,人口性比(15歳未満人口),0.19227328554297535,0.2212844698029538
#A05203,合計特殊出生率,0.18952094775382208,-0.023301416491091853
#E08101,専修学校数(人口10万人当たり),0.1889160466218135,0.06826105680433976
#L02414,家具・家事用品費割合(二人以上の世帯),-0.18727288316390844,-0.23959351698370296
#F0350406,高齢一般労働者割合(65歳以上),0.18548452904443233,0.2239979780622615
#D0320101,人件費割合(都道府県財政),0.18521117171905105,0.25071521613490877
#D03313,人口１人当たり消防費(東京都・市町村財政合計),-0.18442259401139843,-0.16917819218311525
#A0410801,未婚者割合(45～49歳・男),0.18403225435179124,0.0939935024431188
#D0130201,地方債現在高の割合(都道府県財政),-0.1838512770259837,0.0013092046866058432
#J02204,有料老人ホーム数（65歳以上人口10万人当たり）,0.17918796432438328,-0.036205088736871935
#A0410501,未婚者割合(30～34歳・男),-0.1787785995288909,-0.13933884108770542
#A0410602,未婚者割合(35～39歳・女),-0.17827523222547484,-0.24941287848403104
#E09501,最終学歴が小学・中学卒の者の割合,-0.17821396301652864,-0.20295515152087124
#A0410502,未婚者割合(30～34歳・女),-0.17583659794396533,-0.23448263377169237
#A05205,年齢別死亡率(０～４歳)(人口千人当たり),-0.1727578388370401,-0.1929625001068948
#I0420202,一般病院の１日平均在院患者数（人口10万人当たり）,-0.1727366504888108,-0.19965701036581132
#L02417,交通・通信費割合(二人以上の世帯),0.1711605759733347,0.2933596697480741
#F0310201,県外就職者比率,0.17009868250112445,0.27060600518122657
#J04204,有料老人ホーム在所者数（65歳以上人口千人当たり）,0.17000887156780078,0.018657261024546682
#D0330503,17歳以下人口１人当たり児童福祉費(都道府県・市町村財政合計),-0.16988841134987812,-0.23441209386710743
#F08102,労働者災害補償保険給付平均支給額,-0.1695569090962998,-0.16310433434998758
#D0110101,財政力指数(都道府県財政),0.16766004527049472,0.2663413817466628
#L04108,消費者物価指数対前年変化率(被服及び履物),0.16741195081857654,0.25519138606556213
#J04203,有料老人ホーム定員数（65歳以上人口千人当たり）,0.16655512138267775,0.029959930548182957
#L04113,消費者物価指数対前年変化率(諸雑費),-0.16645421298372196,0.002392267009384953
#D0210201,地方交付税割合(都道府県財政),-0.16519002790511894,-0.24350871360898677
#I06106,脳血管疾患による死亡者数（人口10万人当たり）,-0.16504696401412045,-0.07992154106164241
#I0210206,平均体重（高校２年・女）,-0.16440546608217946,-0.12542191199553585
#E0610102,大学数(人口10万人当たり),-0.16409330875657188,-0.16661811214113306
#A01302,昼夜間人口比率,-0.163574349567581,-0.20681372324608277
#D0320201,扶助費割合(都道府県財政),0.16340182211455842,0.02296207258906285
#J05207,知的障害者更生相談所取扱実人員（人口10万人当たり）,-0.16324260435223617,-0.1873858757259998
#D02207,納税義務者割合(都道府県民１人当たり),0.1629621644494016,0.390887454593242
#L02418,教育費割合(二人以上の世帯),0.1620172148004076,0.215823280740153
#E0620403,私立大学学生数割合,0.16069171853722578,0.21667750060327898
#A05309,転出率,0.16042185901821235,0.18064120045581195
#F02701,他市区町村への通勤者比率,0.1597356201911933,0.15474530138327827
#I1520501,全国健康保険協会管掌健康保険医療費（被保険者１人当たり）,-0.15805373054766578,-0.10815084486371769
#I09402,公立一般病院病床数の割合,-0.15453319079204525,-0.16684843435891766
#E0620401,国立大学学生数割合,-0.1544001620160509,-0.19468215224294785
#I07105,妊娠、分娩及び産じょくによる死亡率（出産数10万当たり）,-0.15436078409416137,-0.1245325766595193
#I0930202,一般病院常勤医師数（100病床当たり）,0.1538323104943837,0.06868224211586782
#E0610101,短期大学数(人口10万人当たり),-0.15127425895193194,-0.07752766917699497
#F0620312,新規学卒者所定内給与額（大学）（女）,0.1501811251734982,0.09106152144914746
#C03207,従業者５～９人の事業所の従業者割合(民営),-0.14945424758007536,-0.2444892813319999
#I10104,一般病院病床利用率,0.14869474688968584,0.003098174083283602
#I0920301,医療施設に従事する看護師・准看護師数（人口10万人当たり）,-0.14794026291903814,-0.16476117742092986
#A01401,人口集中地区人口比率,0.14769234474620474,0.10121364505787402
#E05204,公立幼稚園在園者比率,0.14766231514767927,0.003382335817968193
#L04115,消費者物価指数対前年変化率(総合：生鮮食品及びエネルギーを除く),-0.1471272481783972,-0.0015577237966279388
#L02211,消費支出(二人以上の世帯)（１世帯当たり１か月間）,0.14470699912271323,0.4576243947665479
#F02501,県内就業者比率,-0.14461439462178474,-0.1786963125697211
#L02416,保健医療費割合(二人以上の世帯),-0.14427956321468782,-0.07384241575327444
#F03403,大学卒業者に占める就職者の割合,-0.1439919926031649,0.10283870879240083
#A01601,外国人人口(人口10万人当たり),0.14116024576789543,0.19848423647623709
#D0210101,地方税割合(都道府県財政),0.14019474903151882,0.2519087279116871
#L02413,光熱・水道費割合(二人以上の世帯),-0.1394415747714524,-0.2530471552078516
#C02210,従業者300人以上の事業所割合(民営),0.1357456158570337,0.19895549384017147
#F08101,労働者災害補償保険給付率,-0.13549774736293002,-0.045494156807669765
#F08202,労働災害の重さの程度,0.1337094651498749,0.10285282500365418
#F0110102,労働力人口比率(女),0.13311479698391165,0.22367932874255755
#F0610103,月間平均実労働時間数(男),-0.13307569914945583,0.0016723610709435616
#D0311001,農林水産業費割合(都道府県財政),0.13305328133873984,0.08963257981474533
#J02501,児童福祉施設等数（人口10万人当たり）,0.13291765290201243,-0.1031696579124004
#J042011,老人ホーム定員数（65歳以上人口千人当たり）,0.13222698817040243,0.04419463515562101
#L02415,被服及び履物費割合(二人以上の世帯),-0.1321888983988294,0.05195065030775901
#J022011,老人ホーム数（65歳以上人口10万人当たり）,0.13012418238093443,-0.048913440758269575
#J042021,老人ホーム在所者数（65歳以上人口千人当たり）,0.12991767068176893,0.030010781355919874
#E0940302,出身高校所在地県の県内大学への入学者割合(対大学入学者数),0.12988436853713697,0.07095284253074158
#L04107,消費者物価指数対前年変化率(家具・家事用品),-0.12756299889942707,-0.008532650679051025
#J04101,生活保護施設定員数（被保護実人員千人当たり）,-0.1274971156035854,-0.06492415835245659
#L04103,消費者物価指数対前年変化率(総合：生鮮食品を除く),-0.1266624259439139,0.01855379567192656
#C03210,従業者300人以上の事業所の従業者割合(民営),0.12614437996301642,0.1665006916046008
#F07102,雇用保険基本手当平均支給額,0.12580010215494444,0.18584041512297797
#I15202,全国健康保険協会管掌健康保険加入者数（人口千人当たり）,-0.12427857398696757,-0.2486238717772182
#J04102,生活保護施設在所者数（被保護実人員千人当たり）,-0.1241187676756903,-0.06337266641159554
#E01304,公立幼稚園割合,0.12378901242238045,-0.005002070455524351
#A0440501,離別者割合(40～49歳・男),-0.12327117984719718,-0.23723027181628048
#J03101,保護施設従事者数（生活保護被保護実人員千人当たり）,-0.12316362631997362,-0.060203460187080546
#I0210204,平均体重（中学２年・女）,-0.1223951031587452,-0.11428198028065699
#J0110804,生活保護医療扶助人員（月平均人口千人当たり）,-0.12167842100034669,-0.2737808931662513
#D0330203,人口１人当たり民生費(都道府県・市町村財政合計),-0.1210628256991461,-0.20625192841514967
#D0330103,人口１人当たり歳出決算総額(都道府県・市町村財政合計),-0.12026585596592,-0.17157311973069883
#D0310401,社会福祉費割合(都道府県財政),0.12002830454295631,0.02408415539045138
#I15103,国民健康保険診療費（被保険者１人当たり）,-0.11581614387113516,-0.01954594229346941
#J05210,児童相談所受付件数（人口千人当たり）,0.11511664132012758,0.06183529719899638
#I0910107,精神科病院数（人口10万人当たり）,-0.11418630496719193,-0.0988521635380284
#A05305,流出人口比率,0.1141099305902534,0.2013920037443391
#F0350303,高齢就業者割合(65歳以上),-0.11306924593308904,0.0796513395031915
#I06104,高血圧性疾患による死亡者数（人口10万人当たり）,0.11097864476386471,0.09432039656180238
#J032011,老人ホーム従事者数（65歳以上人口10万人当たり）,0.10970985062206987,0.044564190629633876
#D0331903,児童１人当たり幼稚園費(都道府県・市町村財政合計),-0.10775087150239035,-0.2335781440422572
#J02101,保護施設数（生活保護被保護実人員10万人当たり）1),-0.10745137633934962,-0.03729575220148483
#D03114,消防費割合(東京都・市町村財政合計),-0.10737703268085182,-0.047790426268570114
#E10104,高等学校教育費(全日制)(生徒１人当たり),-0.10681641036148344,-0.08256687310255001
#J01101,生活保護被保護実世帯数（月平均一般世帯千世帯当たり）,-0.10631575641299006,-0.3271870300043394
#I05101,標準化死亡率(基準人口＝昭和５年)（人口千人当たり）,-0.10601887453362147,-0.2419950779933076
#I0950102,一般病院数（可住地面積100k㎡当たり）,-0.10551282917345313,-0.11297174864690251
#C04605,国内銀行預金残高(人口１人当たり),-0.10520101334445295,-0.0794168298337097
#A0160102,外国人人口(中国)(人口10万人当たり),0.1051056791744088,0.2091281285609588
#E08102,各種学校数(人口10万人当たり),-0.10317516481339019,-0.13546589101084566
#A0410402,未婚者割合(25～29歳・女),-0.1028080965838122,-0.07785806210987681
#J05208,後期高齢者医療費(被保険者１人当たり),-0.10273523466800498,-0.18241822531634955
#J0610101,国民年金被保険者数(第１号)（20～59歳人口千人当たり）,-0.10189501378867978,-0.4976851519075998
#D0330303,人口１人当たり社会福祉費(都道府県・市町村財政合計),-0.10158539266922924,-0.41443822284042137
#A01101,全国総人口に占める人口割合,0.09850377953895993,0.15320100015145238
#A0410701,未婚者割合(40～44歳・男),0.09849104479872119,0.0638095384733542
#F03103,有効求人倍率,-0.09828552677157092,0.07625970160207576
#D0310801,衛生費割合(都道府県財政),0.09635258195745793,0.12412542176120513
#E09212,中学校長期欠席生徒比率(年度間30日以上)(生徒千人当たり),0.09320091762774001,-0.05620736452984579
#J05206,身体障害者更生相談所取扱実人員（人口千人当たり）,0.09271845701475079,-0.31862338902482856
#I15101,国民健康保険被保険者数（人口千人当たり）,-0.09121191691285953,-0.4090607218612697
#I06201,自殺者数（人口10万人当たり）,-0.0907573876468848,0.01467308741917538
#L04101,消費者物価指数対前年変化率(総合),-0.09074241071068617,0.04951338952485999
#A06202,核家族世帯割合,0.09009056983871352,0.03459791137306103
#E09502,最終学歴が高校・旧中卒の者の割合,-0.08999875124450998,-0.005625066522481256
#J01107,生活保護被保護実人員（月平均人口千人当たり）,-0.08989146039124292,-0.2766800856361704
#L04104,消費者物価指数対前年変化率(食料),0.08962803955812028,0.06402048617084524
#I09401,公立一般病院数の割合,-0.08907418269009082,-0.0775781209701306
#L04102,消費者物価指数対前年変化率(総合：持ち家の帰属家賃を除く),-0.08867291138693723,0.05757612266750206
#E0620402,公立大学学生数割合,-0.0885217295482821,-0.14910338212671234
#A0440601,離別者割合(50～59歳・男),-0.08835149179682592,-0.23512777407344376
#A0410401,未婚者割合(25～29歳・男),-0.08740921498356194,-0.027099703380319192
#I10108,一般病院在院患者数（看護師・准看護師１人１日当たり）,-0.08731375925950445,-0.11831832567931669
#E09504,最終学歴が大学・大学院卒の者の割合,0.08395417914055354,0.14412873581511418
#D0331403,人口１人当たり教育費(都道府県・市町村財政合計),-0.08377676524305326,-0.20758318915641324
#I11201,年間救急出動件数（人口千人当たり）,-0.08315704974626023,-0.17200997904915044
#A06102,一般世帯の平均人員,0.083029243521572,0.06190581332000611
#L02419,教養娯楽費割合(二人以上の世帯),-0.08280315241550065,0.17413646068331853
#F03303,高等学校卒業者に占める就職者の割合,-0.082365383852606,-0.022764305203051272
#I0420203,精神科病院の１日平均在院患者数（人口10万人当たり）,-0.08186845376367265,-0.08893150453283989
#I10105,一般病院平均在院日数,-0.08172015099601783,-0.10248581927060998
#I0420103,精神科病院の１日平均外来患者数（人口10万人当たり）,0.08146426348365009,0.015629765621427084
#A0410302,未婚者割合(20～24歳・女),-0.07969702822230298,0.10180607034897014
#C04106,土地生産性(耕地面積１ヘクタール当たり),-0.07928557318036332,-0.09063190970911514
#A0610101,全国一般世帯に占める一般世帯割合,0.07866760741886898,0.13178523851444152
#I04103,精神科病院年間新入院患者数（人口10万人当たり）,-0.07769342639194904,-0.10490609658426653
#I07104,乳児死亡率（出生数千当たり）,-0.07765084151190668,-0.06354743967732084
#I0950103,一般診療所数（可住地面積100k㎡当たり）,-0.07737295115829247,-0.07121968337302659
#A0410301,未婚者割合(20～24歳・男),-0.07708484030570122,0.030361322391897212
#E09214,不登校による中学校長期欠席生徒比率(年度間30日以上)(生徒千人当たり),-0.0759628799494303,-0.10178639719665449
#D0312301,災害復旧費割合(都道府県財政),0.07573455990523015,0.11676262413582864
#D0310701,生活保護費割合(都道府県財政),0.07565103605718633,-0.0564395990596982
#E0410202,中学校教員割合(女),-0.07522674939019502,-0.2492112621242764
#D0331804,児童・生徒１人当たり特別支援学校費(都道府県・市町村財政合計),-0.07491111928177717,-0.05232060056486615
#E08202,各種学校生徒数(人口千人当たり),-0.07042118585515318,-0.055270101372665026
#D0332003,人口１人当たり社会教育費(都道府県・市町村財政合計),0.06993341691349879,0.04474694377161374
#D0310901,労働費割合(都道府県財政),0.06989746897991193,0.09090427784642544
#F03304,高等学校新規卒業者の求人倍率,-0.06978211044276823,-0.01633602241568303
#I14202,医薬品販売業数（可住地面積100k㎡当たり）,-0.06967329906200842,-0.0686662430555791
#J0110803,生活保護教育扶助人員（月平均人口千人当たり）,0.06947950099556327,-0.08886219715123694
#C0410701,耕地面積(農家１戸当たり),0.06797476464132578,0.07828682060202526
#F0620103,きまって支給する現金給与月額(男),-0.0665627564386596,0.06629675318154078
#D0140201,投資的経費の割合(都道府県財政),0.06588840476863937,-0.07974112661688237
#I10107,一般病院在院患者数（常勤医師１人１日当たり）,-0.063925100493803,-0.029733472468787804
#D0311201,土木費割合(都道府県財政),-0.06325060658148506,-0.18872209187423847
#F03602,障害者就職率,-0.06282163219261455,-0.08367399758005784
#F01202,第２次産業就業者比率,-0.06210369523110985,0.12656093692621728
#I12201,保健師数（人口10万人当たり）,-0.06169908429849733,-0.09112871732497296
#I0910205,精神病床数（人口10万人当たり）,-0.0604723261283925,-0.10173495294147086
#D0332103,人口１人当たり災害復旧費(都道府県・市町村財政合計),0.05995001015329981,0.0987408875948259
#D01401,経常収支比率(都道府県財政),0.05922599767214913,0.08484111474292606
#D0140301,一般財源の割合(都道府県財政),0.05896603859172528,0.1722584784188925
#D02206,課税対象所得(納税義務者１人当たり),0.05820451222899568,0.11830549520463114
#A0410702,未婚者割合(40～44歳・女),-0.05714196299622053,-0.16237397879748502
#J0110805,生活保護住宅扶助人員（月平均人口千人当たり）,-0.056300123717548736,-0.22845440558303756
#F02702,他市区町村からの通勤者比率,0.05566166875656711,0.026517687304880456
#J05201,民生委員（児童委員）１人当たり相談・支援件数,0.0549640502870631,0.03128290932831514
#F03401,短大新規卒業者の無業者率,-0.054609567015706774,-0.06368787417193618
#L02411,食料費割合(二人以上の世帯),-0.05418790778898695,-0.2670773127469074
#E0110203,高等学校数(可住地面積100k㎡当たり),-0.05397975073381686,-0.07279917937233536
#F03301,高等学校新規卒業者の就職率,0.05347957603087386,0.1575754004903238
#J02205,介護老人福祉施設数（65歳以上人口10万人当たり）,-0.05230580098397,0.0686208132462891
#C03208,従業者10～29人の事業所の従業者割合(民営),-0.051809666798102054,-0.034204701207372096
#I0210102,平均身長（小学５年・女）,-0.0511580325213247,-0.07273757983050412
#F06206,女性パートタイムの給与(１時間当たり),0.05073423982351218,0.04988435924894126
#I0920201,医療施設に従事する歯科医師数（人口10万人当たり）,-0.05062142194441673,0.04570754039936574
#I06103,糖尿病による死亡者数（人口10万人当たり）,-0.05030141257908493,-0.08308468915325411
#L01201,実収入(二人以上の世帯のうち勤労者世帯)（１世帯当たり１か月間）,0.049539450596478754,0.33213107761776983
#E01303,公立高等学校割合,0.04937918265051021,-0.12723969803025437
#E0610201,短期大学収容力指数,0.04891235026622278,0.0900040201309653
#E0610202,大学収容力指数,-0.04811582855953486,-0.02832647142060532
#I0210101,平均身長（小学５年・男）,-0.047834303998247944,-0.01548950900080142
#F03302,高等学校卒業者に占める県外就職者の割合,-0.046636424948503064,-0.11094567161776371
#F0610104,月間平均実労働時間数(女),-0.04650010140371688,0.025750550231631898
#I0821101,病気による小学校長期欠席児童比率(年度間30日以上)(児童千人当たり),0.04510399671870857,-0.013662619634600465
#L04112,消費者物価指数対前年変化率(教養娯楽),0.04395070725075746,0.11495163979210521
#E0110201,小学校数(可住地面積100k㎡当たり),-0.04323293691915181,-0.06851493818740444
#E0410201,小学校教員割合(女),-0.043213362263030124,-0.1802914811149261
#I10206,精神科病院外来患者数（常勤医師１人１日当たり）,0.04239506168597721,0.02473743917326515
#I14201,薬局数（可住地面積100k㎡当たり）,-0.04141746598584428,-0.0330532064443534
#D03113,警察費割合(都道府県財政),0.0413380953555,0.11550167376312104
#I0950104,歯科診療所数（可住地面積100k㎡当たり）,-0.040638321288506966,-0.03259913618316529
#D02204,国税徴収決定済額(人口１人当たり),-0.040549223082621114,-0.0200355442528187
#D0320301,普通建設事業費割合(都道府県財政),0.0403514416642767,-0.16304272583593155
#C04404,製造品出荷額等(１事業所当たり),0.039527151084348344,0.19439869982682936
#F0110101,労働力人口比率(男),0.03949418893561333,0.23538672214032746
#E0110202,中学校数(可住地面積100k㎡当たり),-0.03748131702040793,-0.07062728881770877
#D0310501,老人福祉費割合(都道府県財政),-0.03747021143379119,0.10604864622289249
#D02202,人口１人当たり固定資産税(都道府県・市町村財政合計),0.037314632439597206,0.09658958070564305
#D01102,実質収支比率(都道府県財政),0.03668406447573014,0.07068449153647281
#D0220103,人口１人当たり住民税(都道府県・市町村財政合計),0.03553899369176692,0.15229651784636433
#D0310301,民生費割合(都道府県財政),0.03451541897242798,0.01384090042265188
#F0620311,新規学卒者所定内給与額（大学）（男）,-0.03084899846439819,0.1347841758757233
#A0440602,離別者割合(50～59歳・女),-0.029836090972469476,-0.3005273793541869
#D0331103,人口１人当たり土木費(都道府県・市町村財政合計),0.029775184287451458,-0.008031817437941149
#C04507,商業年間商品販売額(卸売業＋小売業)(１事業所当たり),0.029639715823304668,0.08295105157633294
#I10208,精神科病院在院患者数（看護師・准看護師１人１日当たり）,0.029243086131917,0.0859553377103551
#D0330603,被保護実人員１人当たり生活保護費(都道府県・市町村財政合計),-0.02827045510582746,-0.01797852117538734
#I0210201,平均体重（小学５年・男）,-0.027785129120962225,-0.04931143628802139
#L04110,消費者物価指数対前年変化率(交通・通信),0.02633919001476586,0.04706784505435357
#L04105,消費者物価指数対前年変化率(住居),-0.02631437318665835,0.014907473855956168
#C04401,製造品出荷額等(従業者１人当たり),-0.026175031375962023,0.12621169946219382
#J0110902,生活保護被保護高齢者数（月平均65歳以上人口千人当たり）,-0.02588650047750469,-0.28055953597463146
#A0410802,未婚者割合(45～49歳・女),-0.024395806186952265,-0.15566063920377884
#F01503,共働き世帯割合,-0.023469113254997433,0.07926925932838336
#A0410601,未婚者割合(35～39歳・男),-0.02299399117207767,-0.03311318745956938
#D0120101,自主財源の割合(都道府県財政),0.022096658992801752,0.17342892125684145
#L04106,消費者物価指数対前年変化率(光熱・水道),-0.02196665825760891,0.07443340620151664
#J0610102,国民年金被保険者数(第３号)（20～59歳人口千人当たり）,-0.021099505301606886,0.139299757278857
#C01321,１人当たり県民所得(平成27年基準),-0.01926647096088402,0.09190421983165045
#F0620307,新規学卒者所定内給与額（高校）（男）,-0.0180196303913578,0.08970191208333879
#I0821102,病気による中学校長期欠席生徒比率(年度間30日以上)(生徒千人当たり),-0.01725908494898557,-0.05026876374897382
#F0620309,新規学卒者所定内給与額（高専・短大）（男）,0.016493159464686727,0.13680721330209059
#A01402,人口集中地区面積比率,-0.0162866089912601,-0.010035210484699186
#F06207,男性パートタイムの給与(１時間当たり),-0.014358167851754498,0.09994056552667392
#L01204,世帯主収入(二人以上の世帯のうち勤労者世帯)（１世帯当たり１か月間）,-0.013820421202810513,0.26540308139939894
#A06205,単独世帯割合,0.01276206137643345,-0.003940728233461144
#A01201,総面積１k㎡当たり人口密度,0.012604782864783972,0.01566527295352978
#F0620308,新規学卒者所定内給与額（高校）（女）,0.011386207480732,0.09133213302283327
#I07102,新生児死亡率（出生数千当たり）,0.010814248218095658,0.024877370747108277
#C04505,商業年間商品販売額(卸売業＋小売業)(従業者１人当たり),-0.009680623427571368,0.0686596709034103
#F07101,雇用保険受給率,0.007189364315513477,-0.032599969249664726
#E0110104,幼稚園数(３～５歳人口10万人当たり),-0.004705174960172361,-0.018487889516242126
#I0210202,平均体重（小学５年・女）,-0.004109161014290731,-0.08583347612459427
#L02735,預貯金純増率(二人以上の世帯のうち勤労者世帯),-0.002917140210736914,-0.001666417167996247
#I10205,精神科病院平均在院日数,-0.002908642625796017,0.030601517542946648
#E05203,公立高等学校生徒比率,-0.0014255362100113573,-0.21784218681219117
#I07106,周産期死亡率(出生数＋死産数（妊娠満22週以後）千当たり),-0.0007731598409488291,0.025926661829689855
#L02734,平均貯蓄率(二人以上の世帯のうち勤労者世帯),-0.0003584878077221594,0.010309169723431181
