family,id,label,verdict,reason,N,df,chi2_df,CFI,TLI,RMSEA,max_resid,max_abs_std
国レベル,A1,水準モデル（初期案）: 制度→人的資本→繁栄。電力アクセス・初等教育修了率を含む,棄却,天井効果のある指標で残差相関 0.21〜0.23。かつ HC→PROS が 0.98 で判別不能,142,41,7.249470737903049,0.8925853119546292,0.8559071257927953,0.21052906569606608,0.2283297151327776,0.9818300421450903
国レベル,A2,水準モデル: 天井効果の2指標を除外し、繁栄にブロードバンドを採用,棄却,適合は改善するが HC→PROS が 0.97 のまま。人的資本と繁栄が同一次元に潰れる,155,32,5.0951297516771765,0.94921448046137,0.9285828631488016,0.1630697753548075,0.10056529444922069,0.9805005908802904
国レベル,B0,成長モデル（結果を水準から成長に変更）: 外生変数間の共分散なし,棄却,判別妥当性は解消したが適合が悪い。制度の質と初期所得の相関 0.75 を無視したため,128,42,7.970929302115538,0.8449736818276296,0.7932982424368394,0.2342844576647626,0.8922198789402028,0.9873227429618322
国レベル,B1,B0 + 制度の質 ↔ 初期所得 の共分散,棄却,改善するが残差相関に init_gdp 絡みが 0.24〜0.28 残る,128,41,5.108008956033822,0.9108172823000296,0.87818945875126,0.17985140314399758,0.2841039232171366,0.9870606358829686
国レベル,B2,B1 + 人的資本を初期所得にも回帰,棄却,残差相関は解消するが、標準化係数が −1.07 に飛ぶ（抑制効果）,128,40,2.8092385980021675,0.9616803706353282,0.9463525188894595,0.11935649631509586,0.08421717906136139,1.0376240465662105
国レベル,B3,B2 + WGI の残差相関2本 ＝ 初版 Model B,一時採用,適合は良好だが抑制が残る。指標を4通り替えても相関 0.83〜0.90 で解消せず,128,38,2.2533738774786856,0.974780893261557,0.9628350005959787,0.09934327178746666,0.06703362384915434,1.0742459789311491
国レベル,C1,統合案: 人的資本と初期所得を1つの「初期の発展水準」にまとめる,棄却,抑制は消えるが効果も消える（DEV0→成長 ≈ 0）。符号の逆な2要素が打ち消し合う,128,39,2.8847746897794866,0.9610991031658961,0.9451397608749819,0.12182259884280443,0.15056229486868428,1.0000000000000002
国レベル,C2,残差化案 ＝ 採用版。人的資本の各指標を初期所得への回帰残差に置き換える,採用,抑制が解消し適合も最良。初期所得と定義上直交するため係数が解釈できる,128,38,2.016639019257079,0.9716070353640343,0.9581577363259453,0.08947084244430438,0.10878132627111414,1.0000000000000002
都道府県・健康,H2,健康を男女別の観測変数に分ける（医師数は医療因子に含む）,棄却,医師数の残差相関が最大 0.40。進学率・課税所得・寿命と因子を経由せず結びつく,47,16,3.2410746384438145,0.8917882198722318,0.8106293847764057,0.22072384075856727,0.4030389548612959,1.0000000000000002
都道府県・健康,H3,H2 + 看護師 ↔ 病床 の残差相関,棄却,医師数の残差相関が減らない。原因は共分散ではなく因子への所属,47,15,3.3832755867199817,0.8921143304352263,0.7986134168124224,0.22761884553291875,0.40393037559524225,1.0
都道府県・健康,H4,医師数を外し、一般病院数を入れる ＝ 採用版,採用,医療因子の負荷が 0.94〜0.95 に揃い、残差相関も 0.142 まで低下,47,16,1.7342968644011738,0.9679020500039437,0.9438285875069015,0.126344668716448,0.1419546127030944,1.0
都道府県・転職,J1,都市集積 ＋ 雇用の不安定さ（雇用保険受給率を含む）,棄却,雇用保険受給率が流入人口比率と残差相関 −0.41。都市度側に交差負荷する,47,18,2.544317238715089,0.8819011252585852,0.8162906392911325,0.18322694639465734,0.4121369004236374,0.9447298570702894
都道府県・転職,J2,J1 + 第3次産業比率を予測変数に追加,棄却,第3次産業比率が両因子に交差。雇用保険の残差相関も残る,47,24,2.0525886830765003,0.9040620743211258,0.8520956979117357,0.15126917291892653,0.4104097017494736,0.9430103622920547
都道府県・転職,J3,雇用保険受給率を除外,棄却,今度は人口集中地区人口比率が離職率と残差相関 0.29。都市集中は失業とも結びつく,47,12,2.9662785164711267,0.8939625766616867,0.8144345091579517,0.20674908739986417,0.2925706765871838,0.9453189285295596
都道府県・転職,J4,人口集中地区人口比率も除外 ＝ 採用版,採用,残差相関が 0.145 まで低下。2因子の相関が −0.07 で判別も明確,47,7,2.136072749335788,0.9510264274521671,0.8950566302546438,0.15715353537611804,0.14463701724862552,0.9683079390284066
都道府県・転職,J5,J3 + 第3次産業比率を不安定さ因子の指標に,棄却,第3次産業比率が人口集中地区と残差相関 0.49。都市度側の性質が強い,47,18,2.7886780975985075,0.8708799347851256,0.7991465652213064,0.19719104054072228,0.4940011433314816,0.9476129459410035
市区町村,M1,潜在変数: 都市度 ＋ 雇用の不安定さ（都道府県モデルの移植）,棄却,標準化係数が +1.66 / −1.57 に飛ぶ。指標が因子にまとまらない,1663,7,80.2801100113311,0.770412452038913,0.5080266829405279,0.21840702958559138,0.28626716690842585,1.6626682756080662
市区町村,M2,潜在変数: 都市度 ＋ 年齢構成 ＋ 単独世帯割合,棄却,課税所得・第3次産業が因子を経由せず結果変数に直接効く（残差相関 0.25〜0.28）,1690,11,109.6412977185622,0.8075563295999563,0.6151126591999125,0.25361950321073223,0.2773545973235292,1.0
市区町村,M3,潜在変数: 過疎度（5指標） ＋ 単独世帯割合,棄却,反映的測定モデルが成立しない。市区町村では指標が独自情報を持つ,1859,14,189.96099285478107,0.6820310120639326,0.5003344475290369,0.31890639357947514,0.3629172752938127,0.9879597562698679
市区町村,P1,パス解析: 密度 → 通勤流出・高齢化・単身 → 移動,棄却,通勤流出 ↔ 単独世帯 の残差相関が −0.42。両者の関係を経路にしていない,1859,3,205.41332467972325,0.8741980715605668,0.5387262623887451,0.3316895171395383,0.3992479875077171,0.711804635911531
市区町村,P2,P1 + 単独世帯割合 ← 通勤流出率 ＝ 採用版,採用,ベッドタウンは家族世帯が多いという関係を明示。CFI 1.000 / RMSEA 0.016,1859,2,1.5058349367224542,0.9997924629404291,0.9988585461723598,0.016499909265537363,0.02270709742186744,0.7664534547869962
市区町村,P3,P2 + 第3次産業比率・所得を経路に追加,不採用,適合は良好だが P2 に劣り、経路が増えるわりに解釈が増えない,1690,4,6.274196538382517,0.9963288291836405,0.9798085605100226,0.05588089199556996,0.05033764041221367,0.7183313048684519
