code,r,name,year
F2705,0.26924426520480876,他市区町村への通勤者数,2020.0
A1700,0.23871962013792797,外国人人口,2020.0
I6300,-0.20524048773042858,薬剤師数,2022.0
F2701,-0.18617860354158058,自市区町村で従業している就業者数,2020.0
E3101,0.18326321694952682,中学校数,2024.0
F2803,0.18246180461221181,他市区町村からの通勤者数,2020.0
E4501,-0.1743318146332785,高等学校生徒数,2024.0
I6100,-0.17003070875858364,医師数,2022.0
C3503,-0.16901512956765294,商業従業者数（卸売業＋小売業）,2021.0
D2202,0.1477820163806265,実質収支比率(市町村財政),2022.0
E3401,0.146283218704325,中学校教員数,2024.0
E2101,0.13812497249928865,小学校数,2024.0
E2401,0.1336726332130601,小学校教員数,2024.0
C3501,-0.12889833913316534,商業年間商品販売額（卸売業＋小売業）,2020.0
J230127,0.11622973189714503,介護老人福祉施設数（基本票）,2023.0
F1101,0.10870560462134003,労働力人口,2020.0
E1101,0.10628905318340602,幼稚園数,2024.0
F2401,0.10427834966638246,雇用者数,2020.0
F1102,0.099718048972626,就業者数,2020.0
I6200,-0.09594467194996642,歯科医師数,2022.0
I510120,-0.09382091600585474,一般病院数,2023.0
C3401,0.09296594093273959,製造品出荷額等,2023.0
C3502,-0.09138833969075554,商業事業所数（卸売業＋小売業）,2021.0
F2221,0.07881782609517889,第３次産業就業者数,2020.0
C3404,0.07802192330020495,製造業従業者数,2024.0
F2402,-0.07684337661827394,役員数,2020.0
H6132,-0.07539704792684643,大型小売店数,2021.0
A9201,0.07535728754812848,離婚件数,2023.0
D320101,0.07039357258405111,地方税(市町村財政),2022.0
B1101,0.06790595586747365,総面積(北方地域及び竹島を除く),2024.0
A1102,-0.06429586372960505,日本人人口,2020.0
E1501,0.06383311826837339,幼稚園在園者数,2024.0
D3201,0.05880408042924817,歳入決算総額(市町村財政),2022.0
E4101,-0.05688443834655547,高等学校数,2024.0
A6107,-0.05679262009984998,昼間人口,2020.0
F2404,0.05601594392803948,雇人のない業主数,2020.0
A8201,0.055293508408723574,夫65歳以上、妻60歳以上の夫婦のみの世帯数,2020.0
D3203,0.0526747374732411,歳出決算総額(市町村財政),2022.0
A811102,0.05034935632290472,65歳以上の世帯員のいる核家族世帯数,2020.0
H550701,-0.04971711243308999,非水洗化人口,2023.0
D2211,-0.04702751418356055,実質公債費比率(市町村財政),2022.0
A4101,-0.04519271929923606,出生数,2023.0
I5102,0.04500326284399927,一般診療所数,2023.0
H6133,-0.042655961948091736,百貨店、総合スーパー数,2021.0
A4200,-0.04229067417525782,死亡数,2023.0
F1107,0.04135189764742998,完全失業者数,2020.0
C3107,-0.03999136121732303,耕地面積,2024.0
H6130,-0.03913752478686092,小売店数,2021.0
G1201,0.03760013540223838,公民館数,2021.0
E3501,-0.037398820603871286,中学校生徒数,2024.0
H5608,-0.03721924151766824,ごみ計画収集人口,2023.0
G1401,0.03573898345862824,図書館数,2021.0
H5609,0.03534272935696056,ごみ総排出量,2023.0
I5103,-0.03440708981116153,歯科診療所数,2023.0
H5614,0.03361620121360653,ごみのリサイクル率,2023.0
C120110,-0.030088829905405685,課税対象所得,2024.0
F2403,0.028399057103365967,雇人のある業主数,2020.0
A8301,-0.027655913554100423,65歳以上世帯員の単独世帯数,2020.0
A9101,-0.026211300798043558,婚姻件数,2023.0
F2211,0.026120551902785876,第２次産業就業者数,2020.0
A710101,-0.02464299916781209,一般世帯数,2020.0
H6131,0.020606708053560296,飲食店数,2021.0
A7101,-0.019564113245904156,総世帯数,2020.0
D2201,-0.01887145753344563,財政力指数(市町村財政),2022.0
C2108,0.018583985242055914,事業所数（民営）,2021.0
A810105,-0.017866858739659035,単独世帯数,2020.0
A1303,0.01686993565668143,65歳以上人口,2020.0
A1302,0.015965014506683528,15～64歳人口,2020.0
F2201,0.015875336528530504,第１次産業就業者数,2020.0
J250302,0.015803741695987243,保育所等数（基本票）,2023.0
C120120,-0.01526081200146358,納税義務者数（所得割）,2024.0
E2501,-0.012938843778568692,小学校児童数,2024.0
J250204,0.012740507385133737,児童福祉施設等数（基本票）,2023.0
J4101,0.01104184449251499,国民健康保険被保険者数,2023.0
F2801,0.009136751757032813,従業地による就業者数,2020.0
F2405,-0.008380532662528925,家族従業者数,2020.0
B1103,0.004267929241800449,可住地面積,2024.0
A1301,0.0032194198731748938,15歳未満人口,2020.0
C2208,0.0017811648643249083,従業者数（民営）,2021.0
A810102,-0.0009803285532351488,核家族世帯数,2020.0
