lval,op,rval,Estimate,std,se,z-value,p
MED,~,WEALTH,-0.7279306194991939,-0.6012396632277586,0.16939317741767446,-4.29728416806322,1.729034786035477e-05
income,~,WEALTH,1.0,0.7880279915830273,-,-,-
tax_income,~,WEALTH,1.2688884486150143,1.0,0.15844868879319876,8.00819784796775,1.1102230246251565e-15
univ_rate,~,WEALTH,1.0656282104723491,0.8397857962179481,0.15762144602002479,6.760680334896859,1.3734569037637812e-11
nurses,~,MED,1.0,0.9541302819675782,-,-,-
beds,~,MED,0.9990344432501018,0.953171614414681,0.06868503880975352,14.545153654243698,0.0
hosp,~,MED,0.9875338709096865,0.9421993572068885,0.07143886373998054,13.823482334352871,0.0
le_m,~,WEALTH,0.6313746834763609,0.49756834017824897,0.217963704575447,2.8966964233942774,0.0037711448201174225
le_m,~,MED,0.027092459427122243,0.025849751448743172,0.17402434415220192,0.15568200850836972,0.8762836793717501
le_f,~,WEALTH,0.3078590930875642,0.2426048036988842,0.23151661828514591,1.3297494381464308,0.18360084003371657
le_f,~,MED,0.254683886513123,0.24299159054792177,0.1928045961791043,1.320943025005563,0.18652036230538727
MED,~~,MED,0.5688616641568677,0.6385108673617715,0.13257518854886569,4.2908606835049,1.7798195217411106e-05
WEALTH,~~,WEALTH,0.6077901314369512,1.0,0.18939649854008594,3.209088531829973,0.0013315648444991446
le_m,~~,le_f,0.7055721824922058,0.7209427705013643,0.15990240879268824,4.412517533757481,1.021755169561267e-05
le_m,~~,le_m,0.7508351365306024,0.7672238478504525,0.155383539352721,4.832140776645412,1.3507268534773686e-06
beds,~~,beds,0.08951724045525758,0.09146387347411065,0.029814826325424815,3.002440446078287,0.0026782437028707307
hosp,~~,hosp,0.1098710415527554,0.11226037127892627,0.03233171788549946,3.3982432340421207,0.0006782009261603328
income,~~,income,0.3709566694250728,0.3790118844816203,0.08257599774301912,4.4923062337680415,7.045601298383275e-06
le_f,~~,le_f,0.93270651544085,0.9529852672888461,0.19285112351560488,4.836406956999356,1.3220711312378342e-06
nurses,~~,nurses,0.08772080332949082,0.08963540503246961,0.029611197205212422,2.9624200169484207,0.0030523109920437275
tax_income,~~,tax_income,0.0,0.0,0.04996691037297103,0.0,1.0
univ_rate,~~,univ_rate,0.2884671010393741,0.2947598164705869,0.06915859586343368,4.171095399403917,3.0313891112188074e-05
