pref,wealth,income,tax_income,univ_rate,le_m,le_m_hat,le_m_res,le_f,le_f_hat,le_f_res
長野県,-0.23466028943826914,2857.0,2893.5,48.9,81.75,80.57958702144786,1.170412978552136,87.67,87.00901951913362,0.6609804808663853
滋賀県,0.5132976424741948,3110.0,3175.7,55.0,81.78,80.81080358477301,0.969196415226989,87.57,87.05080050235337,0.5191994976466248
熊本県,-0.781288636624108,2440.0,2747.5,46.1,81.22,80.41060756089284,0.8093924391071567,87.49,86.97848482082135,0.5115151791786445
大分県,-0.6492766203124921,2594.0,2768.7,46.4,81.08,80.45141649335666,0.6285835066433378,87.31,86.9858590214321,0.3241409785678968
福井県,0.22144037557513138,3082.0,2851.0,56.0,81.27,80.72058161993426,0.5494183800657311,87.54,87.03449733468766,0.5055026653123491
奈良県,0.606969719653904,2658.0,3352.7,58.9,81.36,80.83976047504844,0.5202395249515632,87.25,87.05603303124012,0.19396696875988084
京都府,1.0611809714523932,2918.0,3266.4,66.4,81.4,80.98017099839957,0.41982900160043357,87.35,87.08140530403773,0.26859469596226404
岡山県,-0.10525886572913347,2816.0,2967.4,50.5,81.03,80.61958894027624,0.41041105972375647,87.67,87.01624789185611,0.6537521081438911
石川県,0.1726365259889512,2954.0,2947.3,54.7,81.04,80.70549486452076,0.33450513547924743,87.28,87.03177114818222,0.2482288518177853
宮城県,0.05256256433291249,3026.0,3045.3,49.5,80.99,80.66837634812511,0.3216236518748872,87.16,87.02506380815274,0.13493619184725958
島根県,-0.5624519661119417,2832.0,2677.5,47.0,80.79,80.47825663676528,0.31174336323472573,87.64,86.99070905278472,0.6492909472152775
岐阜県,0.18630723727279822,2878.0,2987.9,55.1,81.0,80.70972089749186,0.29027910250813704,86.82,87.03253479508585,-0.21253479508585826
佐賀県,-0.8775875262859044,2620.0,2696.2,43.0,80.65,80.3808386429235,0.2691613570765128,87.12,86.97310555800271,0.14689444199728996
神奈川県,1.4095407859671447,3099.0,3749.6,61.5,81.32,81.08785962054806,0.2321403794519341,87.24,87.10086470802783,0.1391352919721669
香川県,-0.09651810667223669,2884.0,2928.9,50.6,80.85,80.62229097495461,0.22770902504538526,87.21,87.01673615127807,0.19326384872192648
新潟県,-0.5561873608013613,2835.0,2722.3,46.2,80.69,80.48019321695075,0.20980678304924538,87.32,86.99105899408248,0.32894100591751396
広島県,0.7483491105460583,3206.0,3103.5,59.9,81.08,80.8834651481221,0.19653485187789954,87.33,87.0639304940605,0.2660695059394982
三重県,0.16215777373234216,2971.0,3138.4,50.5,80.86,80.70225556324279,0.15774443675721272,86.99,87.03118580433663,-0.0411858043366351
静岡県,0.4922295251285838,3359.0,3101.2,53.0,80.95,80.80429078842373,0.1457092115762748,87.1,87.04962363582153,0.050376364178461586
山梨県,0.20156863530734256,2885.0,2938.2,56.3,80.85,80.71443866015541,0.1355613398445854,87.22,87.0333872978644,0.186612702135605
山形県,-0.8356520949405796,2644.0,2632.3,44.8,80.52,80.39380216119575,0.12619783880424507,86.96,86.97544807417722,-0.015448074177228932
千葉県,0.7675903991186654,3033.0,3427.0,56.0,80.96,80.88941321609208,0.07058678390791329,86.91,87.06500531380728,-0.15500531380727978
沖縄県,-1.3144624617685023,2225.0,2696.7,39.2,80.27,80.24578730263367,0.024212697366323255,87.44,86.94870169306628,0.49129830693371446
山口県,-0.4905839884392147,2958.0,2888.3,42.7,80.51,80.50047321620329,0.009526783796715677,86.88,86.9947236031238,-0.11472360312380658
宮崎県,-1.015657970918434,2340.0,2625.9,45.1,80.34,80.33815686585739,0.0018431341426179415,87.12,86.96539293315551,0.15460706684449121
長崎県,-0.8444265093314348,2503.0,2721.1,44.6,80.38,80.39108972262923,-0.011089722629236576,86.97,86.97495793476591,-0.004957934765911887
兵庫県,0.9112748228005344,2926.0,3404.6,60.6,80.92,80.93383044496234,-0.013830444962337651,87.07,87.07303153592306,-0.00303153592307126
愛知県,1.5202174118700704,3836.0,3544.4,58.7,81.1,81.12207313442346,-0.022073134423465035,86.86,87.10704711221445,-0.24704711221444597
福岡県,0.14802223764737452,2770.0,3052.0,54.4,80.66,80.69788583877718,-0.037885838777185654,87.14,87.03039619228659,0.1096038077134125
埼玉県,0.6719098714185865,2977.0,3320.7,56.9,80.82,80.85983545262698,-0.0398354526269884,86.66,87.05966059273176,-0.39966059273176313
富山県,0.1282617734688655,3231.0,2867.5,52.0,80.61,80.69177727782458,-0.08177727782458533,87.42,87.02929237135358,0.3907076286464246
群馬県,0.2903818770472126,3219.0,3006.6,52.6,80.61,80.74189353650166,-0.13189353650166424,86.84,87.03834841185825,-0.19834841185824814
鳥取県,-1.0973667431197516,2334.0,2628.8,43.5,80.17,80.3128981972935,-0.14289819729350484,87.27,86.96082867533485,0.30917132466514374
北海道,-0.6614951194481977,2700.0,2847.3,43.3,80.28,80.44763938336342,-0.1676393833634222,86.77,86.98517649520224,-0.21517649520224325
高知県,-0.7168991078769316,2537.0,2686.0,47.4,80.26,80.43051232413666,-0.17051232413665218,87.01,86.98208162447212,0.02791837552788934
鹿児島県,-1.0195082701708698,2407.0,2701.7,42.7,80.02,80.33696662116188,-0.3169666211618818,86.78,86.9651778551657,-0.18517785516570484
徳島県,0.06385634576146294,3074.0,2915.7,51.7,80.32,80.67186759972823,-0.3518675997282372,86.66,87.02569467958577,-0.36569467958577206
愛媛県,-0.3288224145715281,2516.0,2844.3,52.2,80.16,80.55047864243377,-0.39047864243377717,86.82,87.00375961613337,-0.1837596161333721
福島県,-0.44004007755931235,2844.0,2858.0,45.7,80.12,80.5160978775272,-0.39609787752719683,86.4,86.99754698957675,-0.5975469895767418
茨城県,0.19851686150018868,3105.0,3091.6,50.5,80.28,80.7134952639808,-0.4334952639808023,86.33,87.03321682556269,-0.7032168255626914
岩手県,-0.8600082800800967,2613.0,2657.5,44.2,79.86,80.38627292300815,-0.5262729230081504,86.44,86.97408753594479,-0.5340875359447921
和歌山県,-0.19347377553941084,2805.0,2936.6,49.5,79.94,80.59231902654163,-0.6523190265416332,86.47,87.01132020072635,-0.5413202007263465
栃木県,0.34732329559973335,3302.0,3042.3,52.0,80.1,80.75949586217646,-0.6594958621764704,86.24,87.04152916354433,-0.8015291635443305
大阪府,0.8344353846480074,2950.0,3318.0,60.5,80.23,80.9100770357672,-0.6800770357671979,86.73,87.06873927944835,-0.3387392794483475
東京都,3.9152209733503844,5858.0,4288.8,66.5,81.07,81.86244163512382,-0.7924416351238222,87.26,87.24083218132601,0.019167818673992087
秋田県,-1.007941685059597,2466.0,2580.7,44.6,79.51,80.34054220468701,-0.8305422046870063,86.38,86.96582396543184,-0.5858239654318425
青森県,-0.9356842508635316,2618.0,2609.1,43.6,78.67,80.36287917699077,-1.6928791769907718,85.93,86.96986027083999,-1.0398602708399807
