pref_cd,pref,income,tax_income,univ_rate,nurses,beds,hosp,le_m,le_f,doctors
01,北海道,2700.0,2847.3,43.3,1236.6,1526.2,9.2,80.28,86.77,238.2
02,青森県,2618.0,2609.1,43.6,1081.9,1119.7,6.2,78.67,85.93,197.9
03,岩手県,2613.0,2657.5,44.2,1018.8,1083.4,5.9,79.86,86.44,193.8
04,宮城県,3026.0,3045.3,49.5,899.1,867.3,4.9,80.99,87.16,231.7
05,秋田県,2466.0,2580.7,44.6,1068.0,1162.9,5.3,79.51,86.38,223.2
06,山形県,2644.0,2632.3,44.8,1002.6,1046.6,4.9,80.52,86.96,219.3
07,福島県,2844.0,2858.0,45.7,962.3,1047.4,5.4,80.12,86.4,195.5
08,茨城県,3105.0,3091.6,50.5,739.6,940.2,5.5,80.28,86.33,180.1
09,栃木県,3302.0,3042.3,52.0,881.2,906.7,4.6,80.1,86.24,217.6
10,群馬県,3219.0,3006.6,52.6,1018.2,1073.8,5.9,80.61,86.84,225.0
11,埼玉県,2977.0,3320.7,56.9,665.5,695.3,4.0,80.82,86.66,160.1
12,千葉県,3033.0,3427.0,56.0,700.9,790.2,4.0,80.96,86.91,189.7
13,東京都,5858.0,4288.8,66.5,746.8,857.0,4.4,81.07,87.26,303.7
14,神奈川県,3099.0,3749.6,61.5,666.2,681.3,3.2,81.32,87.24,205.2
15,新潟県,2835.0,2722.3,46.2,918.6,1031.2,4.9,80.69,87.32,191.9
16,富山県,3231.0,2867.5,52.0,1144.2,1359.5,8.3,80.61,87.42,241.8
17,石川県,2954.0,2947.3,54.7,1185.3,1329.1,7.3,81.04,87.28,280.6
18,福井県,3082.0,2851.0,56.0,1115.5,1206.4,7.6,81.27,87.54,245.5
19,山梨県,2885.0,2938.2,56.3,922.7,1065.5,6.2,80.85,87.22,231.5
20,長野県,2857.0,2893.5,48.9,986.1,1032.0,5.5,81.75,87.67,225.9
21,岐阜県,2878.0,2987.9,55.1,914.9,854.3,4.4,81.0,86.82,208.6
22,静岡県,3359.0,3101.2,53.0,812.6,874.7,4.0,80.95,87.1,200.7
23,愛知県,3836.0,3544.4,58.7,817.9,773.2,3.8,81.1,86.86,207.7
24,三重県,2971.0,3138.4,50.5,864.3,926.7,4.8,80.86,86.99,216.9
25,滋賀県,3110.0,3175.7,55.0,848.5,901.2,3.5,81.78,87.57,220.7
26,京都府,2918.0,3266.4,66.4,999.2,1252.7,6.2,81.4,87.35,314.5
27,大阪府,2950.0,3318.0,60.5,912.6,1058.5,5.6,80.23,86.73,270.2
28,兵庫県,2926.0,3404.6,60.6,935.9,993.2,5.8,80.92,87.07,242.2
29,奈良県,2658.0,3352.7,58.9,862.3,1154.4,5.4,81.36,87.25,243.0
30,和歌山県,2805.0,2936.6,49.5,1141.2,1242.8,8.1,79.94,86.47,289.5
31,鳥取県,2334.0,2628.8,43.5,1241.4,1371.0,7.0,80.17,87.27,298.1
32,島根県,2832.0,2677.5,47.0,1224.2,1301.1,6.2,80.79,87.64,271.9
33,岡山県,2816.0,2967.4,50.5,1170.5,1237.4,7.7,81.03,87.67,300.1
34,広島県,3206.0,3103.5,59.9,1170.2,1155.6,7.5,81.08,87.33,254.4
35,山口県,2958.0,2888.3,42.7,1366.2,1523.4,8.5,80.51,86.88,246.5
36,徳島県,3074.0,2915.7,51.7,1333.2,1484.7,13.0,80.32,86.66,315.9
37,香川県,2884.0,2928.9,50.6,1242.7,1266.3,8.3,80.85,87.21,275.7
38,愛媛県,2516.0,2844.3,52.2,1268.8,1326.6,9.2,80.16,86.82,262.1
39,高知県,2537.0,2686.0,47.4,1574.8,2257.5,16.5,80.26,87.01,306.0
40,福岡県,2770.0,3052.0,54.4,1310.4,1406.1,7.9,80.66,87.14,297.0
41,佐賀県,2620.0,2696.2,43.0,1504.2,1485.9,11.3,80.65,87.12,276.5
42,長崎県,2503.0,2721.1,44.6,1480.8,1406.7,9.1,80.38,86.97,295.7
43,熊本県,2440.0,2747.5,46.1,1457.1,1527.7,9.9,81.22,87.49,281.7
44,大分県,2594.0,2768.7,46.4,1409.0,1279.6,11.3,81.08,87.31,268.5
45,宮崎県,2340.0,2625.9,45.1,1420.9,1333.8,11.1,80.34,87.12,238.2
46,鹿児島県,2407.0,2701.7,42.7,1535.4,1608.3,13.0,80.02,86.78,262.9
47,沖縄県,2225.0,2696.7,39.2,1061.9,1082.4,5.7,80.27,87.44,242.6
