iteration,boundary,WEALTH_years,WEALTH_std,MED_years,MED_std
0,tax_income,0.3347722553453881,0.2170884778282226,-0.012334874325839386,-0.06868848345479438
1,tax_income,0.12077543001265054,0.3738565547934991,-0.14595064961234266,-0.2540805158571623
2,,0.5028634049966489,0.34578267160185516,-0.0025390409283733706,-0.08398739608252848
3,nurses,0.4323791707603638,0.3817757374882469,-0.06930198036719401,-0.09358844547857494
4,tax_income,0.1514679620360758,0.1532139709209443,-0.09581602080430551,-0.26827593453626114
5,tax_income,0.05307459056737383,0.02190573161640591,-0.1793273674007509,-0.45461030267679425
6,tax_income,0.1411761639049559,0.0945154225258274,-0.13585046450451227,-0.27372695161030774
7,tax_income,0.09670599046369287,0.3157653391882431,-0.05194124074189783,-0.11026600152060216
8,,0.8945809851497482,0.4131360812860484,-0.0037915530113290068,0.015232662704108786
9,nurses;tax_income,0.20615906949169377,0.2589006313296493,-0.004109878405729267,-0.12348278473986973
10,tax_income,0.14712103815205693,0.3126234911207577,-0.12983488008197885,-0.24795819090928264
11,,0.6278262571453745,0.39286503615094104,-0.09028210399531478,-0.07805008041084957
12,tax_income,0.2681567971158841,0.2934748764149477,-0.03589853418782239,-0.20398024528746345
13,,0.8311109133490672,0.6596168447546082,0.005249317015663835,-0.01642202901391207
14,nurses,0.9004939579703173,0.35615458224794294,-0.03349821435802906,-0.11212509044389193
15,tax_income,0.1514827207308338,0.23240648195557162,-0.13113625802744902,-0.30414525892053856
16,,0.5534177133051634,0.3045728266074742,-0.04757213935972887,-0.15468867801783248
17,nurses;tax_income,0.19082594564192515,0.34529383294249555,-0.037962463870134536,-0.13616339901987576
18,,1.1619985020014423,0.25996874503202383,-0.06923219781540381,-0.1989597121659248
19,tax_income,0.09941724769659024,0.22069219622866715,-0.09208222583749585,-0.22692105914976657
20,,1.162342388752259,0.6095253899798311,-0.024262546810856454,-0.05159454151483453
21,tax_income,0.17175306236137783,0.1130151848159523,-0.14466384845809527,-0.40076069074206044
22,tax_income,0.16904018536056067,0.19115199823698026,-0.16728091103213572,-0.42578538548768236
23,tax_income,0.179574499518006,0.3228988714318404,-0.02526839127497313,-0.09485973660775804
24,nurses;tax_income,0.13563801268255632,0.23776528946586128,-0.12870295067470436,-0.3064600878402438
25,,0.19005326932521643,0.3763000444263092,-0.0707618972002042,-0.16500806430648302
26,nurses;tax_income,0.0866799802661414,0.13887294760027258,-0.08923090393374741,-0.23437596064811456
27,,0.3801665859135215,0.3832083474911301,-0.11444654900930872,-0.19245498630661909
28,nurses,0.7988786248223165,0.4665321597142464,0.027472695762826953,-0.013333960252309512
29,tax_income,0.07385125831129606,0.16418446799280934,-0.14621813964821978,-0.407174688912076
30,tax_income,0.21153120396426967,0.2592990831717484,-0.06904097242775356,-0.23383512275476642
31,tax_income,0.1311278486270236,0.17594844029564152,-0.11875354051371506,-0.16988373259654577
32,,0.7159889986101375,0.4986019372219377,-0.020666278878729072,-0.11495382856995134
33,nurses,0.10345987496335812,0.10515424944159074,-0.15491234165986462,-0.3658036685433543
34,,0.24719246157025387,0.3348616898464431,-0.0934918050046193,-0.20309814491893502
35,,0.5205372075571466,0.42184564424798776,-0.059120972818086995,-0.19558936707686891
36,tax_income,0.2082857718590172,0.2464080881442346,-0.07650180994038717,-0.17722676910576962
37,,0.8195359429249032,0.4386967786471952,0.029650499162025654,-0.004763374704443435
38,,0.3746165562461347,0.174757320963371,-0.12572517913675038,-0.3441739984818316
39,tax_income,0.23023299444773074,0.37219091404411975,-0.051762300954588544,-0.14254003615697886
40,tax_income,0.11653875550316624,0.11049238253134547,-0.1076845913938918,-0.1915174032335758
41,,0.1145207773448803,0.11619142208239774,-0.1281446366349138,-0.3216868333355543
42,tax_income,0.09299215030673927,0.06347963406864982,-0.11294903213684787,-0.2693963098769672
43,tax_income,0.19520010822802147,0.0996693463497843,-0.112089258319936,-0.22607100100013733
44,tax_income,0.13196663107620146,0.15027881926158243,-0.200083919383129,-0.38816050864063123
45,tax_income,0.024662454069429948,-0.11124351396968801,-0.15671573070853478,-0.4440968640826156
46,tax_income,0.22424048839662622,0.18366493116579136,-0.10316971157075569,-0.30987097588996576
47,tax_income,0.1126204222974367,0.1716624501004231,-0.15386527557507068,-0.3885283310091774
48,tax_income,0.2968311762972867,0.3750151002633229,0.019827882977535648,0.020587447185974245
49,nurses;tax_income,0.29178351278835035,0.08672177010742377,-0.04891157688057188,-0.30101037535818015
50,tax_income,0.16310965956645693,0.11106044502596846,-0.06657706351505419,-0.3261712900597798
51,,0.8323617750611176,0.48277772264928237,-0.00942228130996739,-0.14087407215395303
52,tax_income,0.11636486967722581,0.1739599312473651,-0.16368167006935802,-0.23332718178212847
53,tax_income,0.30431777465686105,0.33717916581478247,-0.03235845670414837,-0.12963634203104724
54,tax_income,0.3554114351661358,0.3220087137624119,0.028449808375731106,-0.09962061709507014
55,,0.5416160702347177,0.5615213386264475,-0.026464791114063704,-0.06037606852050012
56,nurses,1.010230352582194,0.37127742751211334,0.0397692615596954,-0.10838914931904908
57,tax_income,0.1981765083894848,0.11411948607634181,-0.14035160570492294,-0.27930541610126647
58,,0.6577390629603499,0.2988250375966369,0.021643809844366202,-0.12431902955012075
59,tax_income,0.2385540822120623,0.21748457730404136,-0.04796011633910227,-0.09626265631478194
60,,0.6251336328135362,0.2908464105154299,-0.0026212915666161685,-0.1324572698423488
61,,0.8726178143668106,0.5580753561330815,-0.040610352797874213,-0.07411343971474665
62,,0.21194273436619138,0.21443032215982544,-0.07867191224269356,-0.2175020364772346
63,tax_income,0.22444353391878852,0.2628025507687623,-0.08780200622342638,-0.2616911875540713
64,,0.612451093294745,0.40670027354205696,-0.007870092921688358,-0.024326985288699733
65,,0.5625509749857096,0.5842602004539748,0.009129006987417435,-0.01589956495442532
66,nurses,1.1875126724780496,0.5125441960785173,0.18261704998120273,0.08353452945476358
67,,0.25476884195433125,0.24880141665823613,-0.09971734851479241,-0.22025564476238493
68,tax_income,0.3099531472141487,0.32406538009986274,-0.04757821706942967,-0.07103695461222753
69,nurses;tax_income,0.1259805043729877,0.020429269381616377,-0.15271392729238853,-0.35888644011646786
70,,0.7454103427286622,0.23010583299091159,0.036321895384330616,-0.21101796165719866
71,nurses;tax_income,0.30886302149379297,0.2095043259649519,-0.03832762099465885,-0.15822146315139118
72,tax_income,0.21386282490611258,0.16136217318372414,-0.12121097033160472,-0.32772810864294755
73,nurses,0.8390994714592623,0.34428540580270217,-0.017627549506021356,-0.1458653159215682
74,,0.2713378975778556,0.4755603692574258,-0.026101648502858746,0.016387040045677592
75,tax_income,0.6508504200407367,0.3802419520760657,-0.08109967021622265,-0.16686086750863383
76,nurses,0.9391967455743028,0.181574097492748,0.03048794346583361,-0.18071767446416753
77,tax_income,0.1243781933596321,0.08157035294146464,-0.13078626219110834,-0.29345249880519275
78,,0.7097085369103666,0.2515399315485334,-0.05405961496929945,-0.2617458530891613
79,nurses,0.32703825485004356,0.19319754704650782,-0.04242688422489774,-0.2258353365713192
80,tax_income,0.07524568863774864,0.0375166352538045,-0.1549999418955909,-0.3228769569387312
81,,0.7419346210050898,0.4174516221226357,-0.03024650844795536,-0.16048132502650791
82,,0.5706099676942094,0.4440845022013857,-0.05209316309518737,-0.15288878284008012
83,tax_income,0.14339625726293057,0.13198538114368907,-0.06079612954333169,-0.2759592050725167
84,tax_income,0.19779988890769845,0.16050946551178696,-0.14553857178676238,-0.30349120517890504
85,tax_income,0.08687817049978752,0.06560598248429636,-0.12372246156120256,-0.32137124015388396
86,tax_income,0.1615729111188725,0.22245281925334254,-0.059879385334367326,-0.16233066580366728
87,tax_income,0.18674288926132124,0.21582676831386882,-0.08905937409011563,-0.29738016538458123
88,tax_income,0.20547804619749718,0.19376894614950152,-0.07526070644071992,-0.14149996336752288
89,,0.6497855474422841,0.3880489199862327,-0.048148950186936906,-0.2365060208054236
90,,0.4280944085578303,0.4120224437934934,-0.09399281334073314,-0.2502667201668762
91,,0.8705875649267882,0.43434705220159975,0.0186260752195615,-0.07041641537355622
92,,0.6053276145063518,0.31327827189281904,-0.004100709554551718,-0.16527124837430812
93,,0.7527681182412169,0.5417666796564147,0.044880690955901775,-0.048307265741890426
94,nurses;tax_income,0.24780438727923057,0.2517050562774249,-0.08744468300591249,-0.21320340547374628
95,,0.4130566774668207,0.29685620759782577,-0.12208224854850053,-0.24873611417109376
96,tax_income,0.35791852857300915,0.2749272464032993,-0.052275252772753286,-0.18201664340301635
97,,0.5324166897211164,0.34012062715128577,-0.03487156933602565,-0.09319022686012399
98,tax_income,0.15885253951726175,0.24610842581412654,-0.12285486545270513,-0.2418322379359253
99,tax_income,0.1493688686057022,0.22990723020300766,-0.11713372693569801,-0.28608723358456856
100,,0.36337561837340226,0.32793962802198245,0.0458456412947279,-0.06382894825796148
101,tax_income,0.20799083659923395,0.36683766510786836,-0.018620557801027615,-0.10015686306215638
102,tax_income,0.27160681708467144,0.17786708151428293,-0.10257098198160058,-0.2018880140022009
103,,0.7421315156575169,0.6710669509584435,-0.03415827699991038,-0.01075856247442239
104,tax_income,0.6649884571523399,0.3305679272598469,-0.08640626084750891,-0.21091574311383735
105,nurses,0.891356389298047,0.4191140061805455,0.1143680318890522,-0.011815247009908547
106,tax_income,0.25816429878224034,0.1652142676562533,0.0044729597626349815,-0.08670524899873325
107,nurses,0.6381298342157222,0.21040142322997335,-0.017338495733724563,-0.232500404604775
108,tax_income,0.19044825379991145,0.14819012269526644,-0.17069251149890452,-0.3013039627610228
109,nurses,0.7351890148782929,0.3838423764905145,-0.09303590336246703,-0.211693197778524
110,,0.2195950870160402,0.20159810141415385,-0.08689001004823604,-0.24985232435260188
111,tax_income,0.19690105030056554,0.24198538718186635,-0.07141612207213659,-0.1499678712596902
112,tax_income,0.24935204076408302,0.3414913565861037,-0.0528362233487824,-0.1482246566075142
113,tax_income,0.15757690707011868,0.31546596155480844,-0.16399149878747113,-0.31475244479988884
114,tax_income,0.14483247474619737,0.1915993535087041,-0.12974564467020433,-0.30536046974283776
115,tax_income,0.2692413771332628,0.21866739743620056,-0.11091152609275447,-0.28770663546274533
116,,0.6460774375605043,0.42158974750626044,-0.04378480754651895,-0.12222813001390655
117,tax_income,0.18849609920374424,0.121521944484073,-0.07457176245953978,-0.2682819450282349
118,tax_income,0.08920948113345889,0.17183322334373902,-0.12304948896803482,-0.2613290170867698
119,,0.779368532584194,0.42816565382970295,-0.004450200372103849,-0.060903445567197595
120,,0.599463499561425,0.5220024919673278,-0.021748715613133202,-0.06745726732184719
121,tax_income,0.29290169859494786,0.17259721366441688,-0.04648400961906533,-0.2282506484762235
122,,0.18144780868596172,0.1740386233654982,-0.11355165840561465,-0.3333316529370538
123,,0.43923201399327316,0.4089763158578368,-0.09184591976540815,-0.223796980376405
124,,0.7743102959063028,0.37583840249762984,-0.0012773370711732512,-0.11130742205718627
125,nurses;tax_income,0.19071234723739028,0.1630397609968408,-0.07866296415975627,-0.21980104176082632
126,,0.7965790438693481,0.40441873729951483,-0.02738578431494347,-0.10489588533363361
127,tax_income,0.2413902056978616,0.23543572501166193,-0.10453484322240963,-0.31823883756037374
128,,1.0350791094647132,0.45801891802889794,0.058146723268742345,-0.024821202307237583
129,,0.5581185809299624,0.30753076526201995,-0.06871665514362235,-0.19429330127832228
130,tax_income,0.21089519742881227,0.4619396535727064,-0.07608781400328633,-0.24163479056008524
131,,0.29968922654863117,0.2360849876986419,-0.11769919799471806,-0.21978375333764036
132,,0.6294366091429692,0.5570985836302962,-0.00017139025561116114,0.030542545750265854
133,,0.7079054141214662,0.4284607255815862,-0.0018023713527648144,-0.1732154261633389
134,,0.4938819887275488,0.5919301644417492,-0.043189816767373,-0.12111273563100172
135,tax_income,0.1795824961497898,0.19728512866865688,-0.18427450531075215,-0.2296537984895291
136,,0.7361608498433594,0.38343447007536086,-0.1305565472477983,-0.2530838781625797
137,tax_income,0.23447622000947055,0.29677948700657797,-0.1003042183645258,-0.23566330592882073
138,,0.1422379035898712,-0.10706708443047763,-0.20299249706172562,-0.6510249976777859
139,,0.8042042573894739,0.269748430373638,-0.01972238420283945,-0.12784285344849863
140,tax_income,0.1722844861636748,0.0988012381145002,-0.04769215927819273,-0.16956903990875685
141,,1.239958628983729,0.24084727281663593,-0.1230185267787152,-0.18545038492064703
142,,0.9061537230632757,0.4850563008693344,0.0063976510954963095,-0.07016393538309992
143,nurses;tax_income,0.10666399571746615,-0.004890436611232785,-0.07877969252851397,-0.3623102386321982
144,,0.6309424167652989,0.4375658755216576,0.0006966748175716575,-0.07907647991573824
145,tax_income,0.18731041007416338,0.23882067553081593,-0.09346166115148945,-0.19723647402153502
146,,0.5431104949943995,0.3264715817328647,-0.07398931725426847,-0.19808727930126613
147,tax_income,0.3988419286786561,0.19402395535270567,0.013801479599754085,-0.09569707415212472
148,tax_income,0.13249613872714464,0.22156886334960754,-0.15267089107244997,-0.34473529637608447
149,tax_income,0.24546063516997202,0.32603325164921193,-0.08727325907120093,-0.19896766294691492
150,,0.23222442381837233,0.15094446523580868,-0.1000869486680489,-0.2860012293111849
151,nurses,0.37801855268344786,0.5106371285328863,-0.045920379757150055,-0.19148475596636877
152,nurses,0.8264148031619545,0.49035443530131423,0.010249529222877835,-0.08634815972922849
153,,0.10121952741889623,0.16809883168260065,-0.17049150698485233,-0.4127442677003481
154,tax_income,0.22381279060743356,0.2446081251361078,-0.05764824694012252,-0.19680641272110647
155,,0.7177284581846631,0.46653415704122586,0.0014558881938553647,-0.07548460492758183
156,,0.8281853031706947,0.318134526586343,-0.06886122330572797,-0.23263144775526795
157,tax_income,0.046462509752975834,0.06876078251960868,-0.20455615025169777,-0.2723120113881604
158,tax_income,0.34202182581978957,0.23497474014747116,-0.011608683139258058,-0.08128354466843322
159,,0.8067457114772476,0.4286684728795497,-0.054831256716067936,-0.1041550470462075
160,nurses;tax_income,0.2447601325772113,0.17001139637881357,-0.09839140258764653,-0.2540854865573886
161,tax_income,0.12493440366766123,0.24371676318750998,-0.14690261248635084,-0.35773182696324446
162,,0.7340537821195234,0.49515270002507666,-0.06164991986774594,-0.08081973761928182
163,tax_income,0.24365496829303038,0.2685725017623031,-0.08822200294481541,-0.222336459337095
164,tax_income,0.2593413099784234,0.116072859342645,-0.12726246274423614,-0.2936232114776208
165,,0.7052263831498151,0.47983107779519735,-0.06154101934377437,-0.16453086231879424
166,tax_income,0.1709783373371876,0.26745765148963196,-0.09945870520293669,-0.2793019542726448
167,tax_income,0.21963437759001678,0.4119105977131592,-0.06390748163724212,-0.1563100593041338
168,nurses;tax_income,0.13960673708354393,0.15841022229478408,-0.13563618615180908,-0.3162058705804136
169,,0.37584501289186323,0.21697448068119574,-0.027689208418897077,-0.280052475313207
170,tax_income,0.11142316196754554,0.1823374584208768,-0.10237596111239947,-0.25865036547431863
171,nurses,1.279758792438748,0.5825423187647609,0.09798633741883483,-0.0535751606188255
172,,0.21612838685042196,0.1850359465627679,-0.13131975303343468,-0.25923205478883815
173,tax_income,0.0935355874616778,0.22525318388741222,-0.13734638475531116,-0.3255402793628951
174,tax_income,0.7066044937128042,0.3595594918287967,-0.09233277605569859,-0.24248631460425252
175,tax_income,0.5600071933027169,0.3024435904818459,-0.07834929321336892,-0.21127220281061077
176,,0.7275381490031367,0.4055062225662182,-0.028479251166159014,-0.1473626187348201
177,tax_income,0.17814529508548116,0.14155375244728985,-0.05552179935681753,-0.2546979867048278
178,tax_income,0.21356149638936164,0.16834540199077191,-0.062241111154505424,-0.20858793513748405
179,tax_income,0.2785123044529696,0.37276020010128785,-0.04748711586105163,-0.1316934298061337
180,nurses;tax_income,0.3035133790038008,0.1920219826297097,-0.027335274682412314,-0.27657061487829493
181,,0.6745877457949931,0.41963726548112695,0.05757004465640367,-0.01580808216832774
182,,0.6479505635672504,0.3650365782208188,-0.06832894913892093,-0.2107947763678748
183,,0.7920304814540677,0.4223460807031421,-0.06503557176918354,-0.1918800345911793
184,nurses,0.6662690830265814,0.4627833176842364,0.010329809227933029,-0.09110479170066088
185,,0.31468279027375445,0.34388797573857266,-0.03235023679263049,-0.08432483066079172
186,,0.7843245960009386,0.33118742315738814,-0.02012137255237756,-0.13186235916884462
187,,0.8386583137413723,0.5240638431649571,0.020754735963207413,-0.03251382819390902
188,tax_income,0.2334628358889564,0.11917062044236426,-0.09912473048844472,-0.31237294248968234
189,tax_income,0.49966418416255115,0.29165764171314434,-0.06222723567283461,-0.21491578427524335
190,tax_income,0.20859327335395839,0.2330954707497633,-0.08547411076588836,-0.22377268001629375
191,,0.7838600834400729,0.4796969293782843,0.08738367913727338,0.007703650105220561
192,tax_income,0.9731735757136205,0.2863649724059825,-0.02862994641093511,-0.16042614728856092
193,tax_income,0.1714811626366494,0.263745912016093,-0.062145075219923934,-0.1944667683992257
194,tax_income,0.19835481849462666,0.09195188323935799,-0.05828779314168704,-0.2582392426344866
195,tax_income,0.2811796922281047,0.2983235490655431,-0.09942974364236995,-0.2363130809837742
196,,0.6398592227979285,0.5830224974586744,0.018121773433923516,-0.07737678498293321
197,tax_income,0.27712714237318054,0.3559358782521331,-0.1214099930354472,-0.19726828323272258
198,tax_income,0.1831854558657533,0.3122749817467142,-0.08264654643104849,-0.1741688727945098
199,tax_income,0.10756997270241081,0.1517627964795335,-0.18233798513713517,-0.3764631752907589
200,,0.5504248285207707,0.4820107155069381,-0.019986733619322197,-0.11642055909334678
201,tax_income,0.1424735414677501,0.25188435570703854,-0.1703255233941164,-0.3698441500686829
202,,0.5258373923375141,0.28489869035192755,-0.015335293788005772,-0.17519760100104786
203,,0.6013904922876894,0.4658534642504235,-0.018573217019866084,-0.12401806941280097
204,,0.2225611459043063,0.27671260489753313,-0.09841591918854448,-0.2045707642382701
205,,0.2426068225460543,0.37022455497152346,-0.012361919463152553,-0.03359871002167335
206,tax_income,0.18461828570435948,0.2896683834218336,-0.09653843327262052,-0.21982816572369956
207,tax_income,0.278384950817687,0.21994751191320777,-0.13637676183852085,-0.23298990011798754
208,tax_income,0.7594584986865054,0.25546958560093586,-0.050156459040444495,-0.24257759557723108
209,,0.19607132998010524,0.25879854101221944,-0.16204881504667112,-0.28780826652932007
210,tax_income,0.20702915524150708,0.24774666610187457,-0.09161334808517868,-0.22204447164711755
211,nurses,0.5733297655902294,0.323292015984941,-0.03691151892162234,-0.23330904168674715
212,,0.6170118672314149,0.5822399285442744,-0.044679175589104766,-0.09864738317662564
213,nurses;tax_income,0.12695574163319007,0.09603828836157724,-0.12686826370616475,-0.43049966980757637
214,,0.7946908779914423,0.3844634468166266,0.004152697888456847,-0.0390730852876674
215,tax_income,0.19495243419957412,0.32154022272268484,-0.08352029414440218,-0.22379343171428734
216,tax_income,0.1242883385739103,0.19766312281530077,-0.15008716492860635,-0.3268100865986468
217,,0.373059384678222,0.4143490030489972,-0.032727883316384904,-0.09521976699438306
218,tax_income,0.28020495896118847,0.1769919211788662,-0.07781020816001508,-0.18748534297048983
219,,0.6529948412243936,0.18410720020920657,-0.11815911880126101,-0.31528879003434424
220,tax_income,0.21062706407997706,0.18199607786395747,-0.11538504552839812,-0.25078464649491283
221,tax_income,0.1812437869994305,0.38535847937441686,-0.09760823606871674,-0.1740610599051614
222,,0.6574515486457091,0.562074914488405,0.07476007510970223,0.031217943618204153
223,,0.2672841635379931,0.3411773660522687,-0.0499370515625837,-0.16090389116876166
224,,0.604405358543298,0.338883215665856,-0.02052241315747497,-0.05582809946935022
225,nurses;tax_income,0.21766980718179846,0.0908022650263614,-0.07070755987396386,-0.22093322054844625
226,,0.745835439748445,0.59655432721337,-0.014766516225694365,-0.02516948668642633
227,tax_income,0.25596671940571103,0.16744491379404952,-0.11824603314609361,-0.2712647618772729
228,beds;tax_income,0.13486434925977486,0.1882957342949398,-0.18976019700725139,-0.4313428695565813
229,nurses;tax_income,0.06601503065393852,0.07318418778566543,-0.11884211257978891,-0.31046629985804475
230,nurses,0.9379001604082107,0.4169729015688445,0.050636760221978216,-0.07494401226949027
231,,0.6181130876631586,0.4738606611125186,0.016475283291681075,-0.04282734730700977
232,tax_income,0.6791616996419203,0.2836830731309221,-0.018680925813872165,-0.10799688249333297
233,,0.3843068684136866,0.24552658052398868,0.00484379469503371,-0.18887639120220706
234,,0.5905267194454286,0.4347846924585989,-0.024705803264054915,-0.07870333020607999
235,,0.664105610832809,0.48787529829747034,-0.04734301130838425,-0.160431054038466
236,beds;tax_income,0.28054124581550677,0.17087109319177785,-0.09589409719651026,-0.27417632749138204
237,,0.9649760689976672,0.49001487421659523,0.05148499886025977,-0.0029248094770237265
238,tax_income,0.20092438556089431,0.17146679276328564,-0.041195702463827186,-0.12937942871303115
239,tax_income,0.2330369345393601,0.3641941804815741,-0.09039560228771538,-0.19479588348764224
240,tax_income,0.24853831266902274,0.2593862954139665,-0.08796102957290951,-0.203239912385234
241,tax_income,0.36249747166778257,0.1598784967899075,-0.10855538278791213,-0.2598180639346709
242,tax_income,0.2517438480495186,0.26745215398846767,-0.044704483771368396,-0.12717443882306806
243,tax_income,0.2555206864092184,0.2604947633909447,-0.08103217118139008,-0.19686145946896377
244,,0.5013891652623377,0.4907343992254698,-0.01920934953366199,-0.12864626103698626
245,,0.6450252054928439,0.4573380886709826,-0.0834470979971801,-0.14426150252784492
246,,0.014566800903554056,-0.06267638610393092,-0.21672561927900016,-0.42776377902809626
247,,0.6116978874891329,0.7105066712066136,-0.02707180948044463,-0.056570427405655176
248,,0.4999926247772858,0.4776725825099585,-0.018103353867866982,-0.09057879854651305
249,tax_income,0.2887274959821876,0.38559912710530475,-0.03709816550773576,-0.1238482389194838
250,tax_income,0.14438981198319556,0.29086000124924993,-0.12772295598301103,-0.2647617021845878
251,tax_income,0.24742696453217175,0.25585001728795287,-0.10321516500793138,-0.21263616370526156
252,,0.6561234283223449,0.34181759877769546,-0.029846186022429028,-0.18250724878300628
253,,0.29594710105716804,0.352834756382326,-0.04919970365013091,-0.10978818368861835
254,,0.9225233430400723,0.45481028150988045,0.03902050561224199,-0.033828288536313034
255,,0.6907393453349094,0.5446520043099625,0.056590793802474997,0.07123052018364287
256,tax_income,0.38357071246687585,0.3689942991382081,0.03293525873437486,-0.06461726159053333
257,tax_income,0.13981558780021788,0.09412325212187789,-0.15760069249582598,-0.3151818078339927
258,,0.5101082854980367,0.42681946412404087,-0.09453442886202984,-0.20551197700916404
259,tax_income,0.15815674612376085,0.25988704007992747,-0.15419992100106475,-0.44756578023505633
260,tax_income,0.10843164906901157,0.1323560596402188,-0.14676809104107497,-0.2977893687405359
261,,0.7749121004847739,0.3632787719231073,-0.051375326602587555,-0.1319775571507602
262,nurses;tax_income,0.1138062239828897,0.2771143587428287,-0.07165059450001818,-0.2592709447428299
263,tax_income,0.11761786036046032,0.20687968771914786,-0.1311000219989165,-0.24834445062689287
264,,0.8367674770669749,0.7639053773703262,0.04009838755529331,0.08208983795096929
265,,0.1499182590376567,0.23991496628362352,-0.14465795553777927,-0.3675600267560417
266,tax_income,0.050989205632589844,0.06918383551189394,-0.1491600208714846,-0.35151615866267716
267,tax_income,0.1420829997486038,0.12494059883511222,-0.10332173902323594,-0.2386138671404739
268,tax_income,0.10249242734401626,0.14293350358032875,-0.07440895188003681,-0.1713551718836337
269,,0.8317603840954036,0.5340108318973742,0.016089936346800338,-0.01527182452809503
270,nurses,0.5743273919123423,0.40347937847087534,-0.06072310617279077,-0.2013862837124389
271,,0.7631161969425329,0.4551729257804104,0.01159476691714123,-0.12004352936846557
272,tax_income,0.09983597809225997,0.06376926106279329,-0.14044288660574514,-0.2809079810318239
273,,0.18928135086638287,0.2172241086748215,-0.11776398919817241,-0.21883249884756328
274,,0.4866232725618016,0.22863583330827475,-0.061335276623106394,-0.23605640299779262
275,,0.23075256796730528,0.3507630407911686,-0.07913519966066265,-0.16962329279852761
276,tax_income,0.2602561269694419,0.2894732171704169,-0.06347535417326562,-0.20996365346538204
277,,0.5655011783006785,0.4763096537703293,-0.05193581113955991,-0.09807279513589885
278,,0.787209844133859,0.28899606235624353,0.02893417687514896,-0.11798839001425254
279,beds,0.7560260402013464,0.416517335671683,-0.07104775264439117,-0.21428437371292758
280,tax_income,0.15224462600398583,0.28244100712939335,-0.12827035097404574,-0.2995347740825348
281,tax_income,0.1458054952253467,0.341875737853581,-0.09111622596282354,-0.22854278877027645
282,tax_income,0.3076470834301135,0.1989573130821043,-0.06385030288867097,-0.1489333240730443
283,tax_income,0.7731084438222051,0.2970527254947592,-0.015249835569165399,-0.10774173145125523
284,,0.7373159605875363,0.3625001060591231,0.021804521574838642,-0.11546195567913947
285,,0.21333057002122785,0.1590568030944744,-0.0985626536125862,-0.2932184568229053
286,,0.7159722023247769,0.38386280455843136,0.002138402034936898,-0.10919285934218231
287,nurses;tax_income,0.2923757832764582,0.32052459077114115,0.018609923695196623,-0.08656075572891453
288,nurses,0.7461991222377562,0.433718447865431,0.04750391510884283,-0.08070852258443362
289,,0.6163984497470745,0.437581987897857,0.0024442288482736385,-0.12372990092453567
290,tax_income,0.185566509490979,0.1435495274597703,-0.05293314882260326,-0.1608301030689565
291,,0.25522318002934663,0.3902254874086466,-0.040870129030257704,-0.11742781821365875
292,nurses,0.8457114524764315,0.5857769140635781,-0.04877039429375708,-0.12978994852564849
293,tax_income,0.028275675367101037,0.02489953426160585,-0.16452765085816215,-0.40802103890104807
294,,0.6855711519463248,0.37019919658629236,-0.037728994991261505,-0.14170464225397847
295,,0.3064732418546783,0.3662069219355874,-0.017943133712891787,-0.09670837189615955
296,,0.5412542650349661,0.3116492024716995,-0.06309774110380793,-0.17873231022457403
297,,0.21869487868551074,0.3461291121252815,-0.06885322001581445,-0.06683792269344863
298,tax_income,0.13155952159986306,0.16212929156278538,-0.13284135363623054,-0.3114665690419062
299,tax_income,0.23906992971542934,0.19272154910601558,-0.12188600958972422,-0.32122168397855455
300,,0.8107044030404245,0.41342267276593275,0.06784658195784815,0.04381192123478103
301,,1.114786175971211,0.4485723532337875,0.039665307542009545,-0.008347210963411372
302,tax_income,0.20550830300972567,0.2536936883489288,-0.1270203950032478,-0.29714970031304855
303,tax_income,0.1857766885964963,0.28460176836817996,-0.07294859924273839,-0.17079504934677897
304,tax_income,0.10975276705599227,0.09825760738875189,-0.14091573097152627,-0.2933051250371156
305,nurses;tax_income,0.1624822107893208,0.05418455601565986,-0.042179784474422194,-0.1956662854815218
306,,0.6395453970152509,0.24377286499402673,-0.08327293832590837,-0.303232867839574
307,tax_income,0.22840019616258864,0.22912255300711665,-0.08816750206072717,-0.23705285055127395
308,tax_income,0.09648883612919165,0.09155852963791661,-0.13109324916228135,-0.31394478159973344
309,tax_income,0.21795420593143155,0.2237851398574874,-0.09562446125922303,-0.18917097180081344
310,tax_income,0.15085954067212767,0.09256959580604784,-0.1264466328534637,-0.36274203959176143
311,tax_income,0.1408049091897823,0.14728183096420738,-0.12877839906140087,-0.34290656610163966
312,,0.7478748471142109,0.40437944334206377,-0.016196949864173332,-0.11963843241286468
313,,0.8984688692333556,0.4457116136754723,0.07039830916003156,-0.06037458044931726
314,nurses;tax_income,0.14916682060409703,0.11248607467199329,-0.1473195232902201,-0.3669034153553873
315,,0.7585875038487924,0.20672987209295268,0.012289053532598126,-0.20242187597309325
316,tax_income,0.047933451092618554,0.0022394864580148055,-0.1728835466166498,-0.46911725806378113
317,,0.22921196285418483,0.17777416270566504,-0.1453842942515251,-0.30321814432263683
318,tax_income,0.18758903167250207,0.23866176370839837,-0.08177623935211634,-0.1539694258742687
319,,0.1755266372872602,0.1615440688120357,-0.10182033181953616,-0.2610219944426375
320,,0.6617405369526994,0.4709335152267281,-0.062477666775915396,-0.17424501268056838
321,tax_income,0.16208755855881385,0.31262298812240785,-0.1353995175960272,-0.3662578578946963
322,,0.5677255779769799,0.3473758188032732,0.015175006014649661,-0.1483367270227675
323,tax_income,0.22529325516896798,0.24340488018027753,-0.11898100059929277,-0.24947618056498633
324,tax_income,0.061406507985427294,0.020239437339327537,-0.20371443236418493,-0.36306815061893005
325,tax_income,0.22225470261827412,0.37009722635364634,-0.09112953174630058,-0.270623648263794
326,tax_income,0.19272457173168714,0.3374421967534765,-0.13157805098645625,-0.29001398976212955
327,,0.2079056141089067,0.2819578035192594,-0.07130522708782389,-0.20150946167818617
328,,0.50294143347297,0.3206820169785251,-0.06291059891950426,-0.23354662022870043
329,tax_income,0.19096568747127868,0.26312953359016383,-0.04417677741232569,-0.12373770016129028
330,,0.5870236424413149,0.688790037369996,0.011433072639758464,0.064233222102454
331,tax_income,0.0841178977646995,0.1891740984285717,-0.2003499103903513,-0.4332997534730989
332,tax_income,0.1785221298203689,0.17957854991103173,-0.14175946165005848,-0.2883407890424109
333,,0.6812816203430971,0.6975079985045016,0.01769311058887727,0.08474527407447421
334,tax_income,0.29851849648054424,0.5154494072983237,-0.038743466583456704,-0.07509802634040791
335,,0.9115031537348842,0.36023344249620265,0.02360882748703938,-0.08714586367303767
336,nurses,0.8478505437625647,0.4362874582553484,0.047178384452387395,-0.049235715315726236
337,nurses,0.2897254105717034,0.3395700669407856,-0.04150197459001598,-0.181492381250429
338,,0.5689391597360048,0.4415898823427279,-0.04497578730918093,-0.12682275217510264
339,,0.4456456165134371,0.3251346634656437,-0.12925565176315892,-0.2856745355780579
340,tax_income,0.11493553596072363,0.12711700109987817,-0.17531949164056526,-0.3494100260773212
341,,0.2421300968352597,0.1573608759074312,-0.10484011390674584,-0.25246674776431327
342,tax_income,0.2854306580934498,0.2773306924215474,-0.07274802120023452,-0.2534890409911327
343,tax_income,0.24632051635024038,0.2285813903858364,-0.09656253311147231,-0.2888481487036143
344,tax_income,0.08890009210677521,0.25270060388016424,-0.13838294294566422,-0.2987499153949193
345,tax_income,0.4843453689308863,0.49419197445755025,-0.08889997646698553,-0.17077874859842263
346,tax_income,0.30032357417495786,0.36560643248848235,-0.06917263676585891,-0.15690727638557647
347,,0.1646027538788647,0.30804063126113906,-0.10781882452639965,-0.30356737849557214
348,tax_income,0.19497674264371684,0.20029104902671502,-0.03453307512384367,-0.11435302798048677
349,,0.5878592451339569,0.22997248834103323,-0.06528007457210577,-0.15721130568559755
350,tax_income,0.16103484133956977,0.2787897811767647,-0.16491564983885015,-0.37437218891469926
351,,0.6355657666221655,0.3814278593149012,-0.009096170916689475,-0.07057009942380256
352,,0.3200963822103604,0.23290534821490844,-0.036822920877132126,-0.2154066099439551
353,,0.9506155697527872,0.41138652751606297,-0.002672084278514203,-0.11685428756570482
354,,0.712284158879914,0.43485185438367036,0.07364455672492959,-0.06001741455445653
355,tax_income,0.24334326450888913,0.2543580494109142,-0.10458953051127093,-0.25758894776222774
356,,0.24583871715524783,0.41775702568833395,-0.09438246929917747,-0.2396552652593311
357,,0.6901978019846835,0.32396518005590935,-0.016037822277994204,-0.08865459574512372
358,,0.7126934538684808,0.5568268663532074,0.043571540815137436,0.004753167382410106
359,tax_income,0.3205767880977014,0.4015231609161233,-0.05600483048562842,-0.1104401870499015
360,tax_income,0.11038174460682375,0.1562371363604003,-0.15584283785373537,-0.289094661611223
361,tax_income,0.14552489775468994,0.2013120872357963,-0.11594618225654399,-0.24413097033044057
362,tax_income,0.24186402651119726,0.3363762662762471,-0.05840686976817881,-0.11415974897739155
363,,0.6291241289614985,0.45201198789583613,-0.07888011549516562,-0.1863346811609354
364,,0.5168204561325007,0.5662312088391264,-0.05074701392455744,-0.11020319787405655
365,nurses,0.8511344893396056,0.36902854451470274,0.0012862063295809023,-0.1094556635838363
366,,0.9600074872210163,0.49754598257743654,0.00400671050278191,-0.032067508893057414
367,nurses;tax_income,0.8485266350881534,0.17493881008350087,-0.024556018494914567,-0.25806165992815217
368,tax_income,0.2493814794713311,0.2893039062669863,-0.008409958745668258,-0.07124283986263641
369,tax_income,0.13600907393757783,0.11867915351363073,-0.10214670505970339,-0.2863617199473013
370,,0.564526794931879,0.8075178254157195,-0.015610703488566623,-0.03923096559142531
371,tax_income,0.20928860077063138,0.15971580996513263,-0.07392105468968219,-0.15229128128622169
372,,0.5696564855079482,0.39098239191151807,-0.014239091969867876,-0.12658623810526798
373,tax_income,0.15520435165895297,0.2001501763508274,-0.1563627831215033,-0.3033631592606303
374,,0.6618004226755106,0.49913954356451207,0.026441366651186377,-0.019594317481996026
375,tax_income,0.20106270213338573,0.10045812088890754,-0.1335094970117851,-0.27496278495183807
376,nurses,0.8552297705351724,0.4019439761052094,0.02276311288231564,-0.12466950071767324
377,,0.6451477628008234,0.4519550360404624,-0.03239475620462254,-0.16913067005421817
378,tax_income,0.26760092880066,0.3321975288383221,-0.015307728678384667,-0.05332418528435256
379,tax_income,0.056864545129925476,0.0418215048970523,-0.21112315740418403,-0.3058874211573581
380,tax_income,0.14484099527516367,0.14260103907587784,-0.1199378114733486,-0.3482090040332703
381,,0.1384913479101287,0.2964490530145699,-0.13120079958735167,-0.22164891725176328
382,tax_income,0.17512789035422544,0.2548679265020706,-0.06394797639370658,-0.13543963088625088
383,,0.7363647397854887,0.11248184691964724,-0.0036394685984266206,-0.25129952107338865
384,tax_income,0.19455087960618833,0.2555507159444518,-0.12080495900323014,-0.2870410846867897
385,nurses;tax_income,0.17322215683461845,0.2317397111605979,-0.0810911913292883,-0.2619241544254326
386,tax_income,0.325440974873551,0.1703532874368887,-0.01520632253314741,-0.24605622024566964
387,,0.6896087647375211,0.31656290161507084,-0.032177439464919494,-0.21177138209860774
388,tax_income,0.1276602729396027,0.16460541944357815,-0.13368102723221859,-0.4025515750797681
389,,0.2682709514571128,0.3644467465681136,-0.10735129633428771,-0.22215092391972202
390,tax_income,0.1917661249015594,0.20262457217147511,-0.03104121872032395,-0.17238101625723237
391,tax_income,0.10013685845856549,0.16902120437099574,-0.14002104613290717,-0.2824677121208097
392,tax_income,0.16693994907270662,0.3372345193466022,-0.12660698738783743,-0.17562926894884645
393,,0.5313642874452522,0.31372712330829106,-0.1251191330847508,-0.31714757926756343
394,,0.09897141191923438,0.24915401118117447,-0.15113870377617533,-0.4046903885454314
395,tax_income,0.08845258748347118,0.10566674103844365,-0.09400485227054804,-0.35001302727052513
396,tax_income,0.12079040198655072,0.08664234132817855,-0.12293331411100397,-0.1721311669986233
397,tax_income,0.3079080353185222,0.37731318419255866,-0.04523389186518896,-0.09414399552091192
398,,0.17001140309375257,0.17368710372530988,-0.12540149268628342,-0.21940192918603632
399,tax_income,0.16181670321484104,0.1615199134307168,-0.16003946134890962,-0.33373722232866687
400,,0.8891912406337066,0.4825086929336884,0.024336622391275153,-0.007908123759273106
401,,0.21802655549844252,0.14577116201801754,-0.18835729921874586,-0.4722942708147294
402,tax_income,0.21824460897557893,0.4000899588065242,-0.09939800337742753,-0.24414394783434057
403,,0.6256625251838848,0.4008884364287386,0.019037179337438134,0.008720183560657707
404,,0.6404691280478082,0.35800353398945867,-0.0020992237716299794,-0.05936254309960809
405,tax_income,0.15762216953066635,0.2594040840732633,-0.1454742318273386,-0.41121021484937986
406,tax_income,0.1073224106887693,0.20186551989605003,-0.16676107950428834,-0.354191307650434
407,tax_income,0.07330298887472703,0.22786239797413135,-0.07798711291842308,-0.19110581260670778
408,tax_income,0.08229979055583886,0.08545326271380654,-0.1300138312805192,-0.28936112814760306
409,tax_income,0.11836337601167571,0.11530141829540702,-0.11613754853255957,-0.28264499310394925
410,,0.5181995924934716,0.5053129233177447,-0.03691753028947964,-0.09243865237185872
411,tax_income,0.7374909246329543,0.2573679700728131,-0.10240663401003325,-0.27038049139532744
412,nurses,0.2082279266368932,0.1852703473380531,-0.055663234507878676,-0.16025506951713886
413,,0.8523374091278604,0.526042967797129,0.0449085260421079,0.028914482243438414
414,,0.7434831485489548,0.29270665175165567,0.04312765550347322,-0.09836230367851156
415,,0.5139929148324358,0.20338689727093529,-0.05478859529855791,-0.19561962596859922
416,tax_income,0.07597237055384655,0.11478737827003813,-0.1916192000788826,-0.3620762795620189
417,tax_income,0.2807040457227788,0.19883275809610013,-0.10583041826578696,-0.2878091403481292
418,,0.5188161632969744,0.44451610181275136,-0.06864112375062459,-0.11042347640363606
419,,0.6127077999392093,0.4441634462905556,-0.060659022639074134,-0.17596652328588772
420,tax_income,0.19558703610613004,0.22299916083505072,-0.14216810133658486,-0.3133072471101317
421,nurses;tax_income,0.13073603114719512,0.16210899391001662,-0.13408997940278586,-0.32815385683422404
422,tax_income,0.16058021925599175,0.24990950764888287,-0.07910720617653284,-0.24697646055916747
423,nurses;tax_income,0.10304791708233942,0.26080221236718054,-0.09121793440724235,-0.23646134966784216
424,tax_income,0.16641401412360754,0.2087440738871137,-0.08548968503720845,-0.24722140386098262
425,tax_income,0.17682114843822921,0.14273325452319868,-0.11538600735598767,-0.2036314998406109
426,,0.5616698384392957,0.4620667899923078,0.007919836725569895,-0.11517012417951505
427,,0.6468397313870448,0.5792465207325068,0.012631818322183491,-0.07841823114337287
428,tax_income,0.20304478124499956,0.28647109856477243,-0.18162417456663035,-0.38638675588586074
429,,0.24041266326825755,0.2017237166503283,-0.06532418196206258,-0.2738251848402312
430,nurses;tax_income,0.0943827831452199,0.1069934439224009,-0.08421425566714438,-0.23492862350480748
431,beds,0.4909099792556844,0.4281598190156253,-0.06703451956019972,-0.12985387836890283
432,tax_income,0.10639063312265148,0.12610019050243343,-0.09874542650675444,-0.24371977609327766
433,tax_income,0.18093585470697088,0.2879376279696893,-0.11533303368053258,-0.21300892447674738
434,,0.6549904598388929,0.7327369341018142,0.024922782326713182,0.003557859834986382
435,,0.46483093307079953,0.2756606631877736,-0.1348988486962949,-0.3101414282580631
436,,0.7647202692650719,0.34754642036741223,-0.05948445637426547,-0.20683187149118717
437,tax_income,0.9525676910391153,0.2169340783138336,-0.03884709703079649,-0.14788295977516627
438,,0.717384416863117,0.703897705220867,-0.07429521928007912,-0.19123327321027944
439,tax_income,0.12264132032839721,0.14609755498166793,-0.09199796443144104,-0.24047101478755106
440,tax_income,0.3003577485021637,0.22453276533009753,-0.0477904258350301,-0.1353499052123146
441,nurses,1.1433124102925722,0.3684902539230174,0.0400538705093641,-0.10543485196680413
442,tax_income,0.24509329520266654,0.183134745886244,-0.07071434724103673,-0.16879427598402172
443,tax_income,0.2099632697690727,0.21215447740158133,-0.11123216900167163,-0.27956689030728954
444,nurses;tax_income,0.22346623437288096,0.1992990533036309,-0.06419448908440198,-0.2065355408542589
445,tax_income,0.15424169666835597,0.19724034975280447,-0.19781555465567313,-0.37094950723235853
446,tax_income,0.11395490625358917,0.1173490791071019,-0.0942183873394298,-0.28161467011834507
447,,0.8173142644256609,0.39495546588648517,-0.02345822930146492,-0.08840871906867354
448,tax_income,0.1554664781505611,0.10208080289099908,-0.17793651895663282,-0.26008200675460885
449,,0.33113545035519204,0.35974312580312645,-0.05310356472373915,-0.12442107808242814
450,tax_income,0.24825578756904662,0.2091965235210722,-0.07746033222530557,-0.30249116140738475
451,tax_income,0.14414667778264856,0.192318147576154,-0.13695187131538147,-0.2943482007939941
452,,0.7188725995486477,0.24336356627011096,-0.07269118080677293,-0.19918584046853538
453,nurses;tax_income,0.7666454963985987,0.38158923363692254,-0.09736376337968425,-0.22996577885177596
454,,0.5127691182170306,0.35747923353624267,-0.05877576377911981,-0.211668377239969
455,tax_income,0.3196147906393344,0.4476264377304019,-0.02794137561262397,-0.10699278304026419
456,tax_income,0.1644847820641506,0.12182454969026857,-0.07225490726660239,-0.24334602372999725
457,tax_income,0.24039884540409961,0.23170098544908,-0.07735518186868792,-0.17606372905946416
458,,0.2065200389514349,0.28580463453578847,-0.0828906349370641,-0.15715875540205843
459,tax_income,0.1253653607897846,0.19834375531623524,-0.1161418875474719,-0.2635746385101764
460,tax_income,0.16105749020025956,0.4006156257755684,-0.08668071502928414,-0.1705515957553626
461,,0.17214760163188536,0.21035313449432447,-0.13758924414074777,-0.2974483528393612
462,,0.4664661580633716,0.5309028562748536,-0.015253329479039304,-0.050118336185236964
463,,0.18561254787560458,0.16468607764184406,-0.11524503405316339,-0.24709741913603597
464,,0.5606459141847331,0.42786549585697786,-0.026846344239548958,-0.0872509212955308
465,tax_income,0.08048842736435884,0.07049862986491962,-0.20785124460734972,-0.4294621222701771
466,,0.22199769727235258,0.11499230074151012,-0.09741918831909518,-0.3150654124444583
467,,0.5340580753174893,0.5176042152909273,0.03053142674267397,0.008694336647137757
468,nurses,0.9355500636165885,0.36914238311943287,0.1152376351826998,-0.018669583234665943
469,tax_income,0.21226878116791587,0.2151994243971153,-0.10603288875707689,-0.27555636887966384
470,nurses,0.9113431358372797,0.4355992531644173,0.04936549757522957,-0.10668696400167543
471,beds;tax_income,0.30621791832189144,0.23762628668493047,-0.07135954445830099,-0.17315198419902156
472,,0.8295690593802679,0.6294163535832691,0.004971228368799527,-0.025044859599434394
473,,0.7447357395551446,0.5766631945808187,0.03231278625351729,0.00964096333359063
474,,0.8548724088287963,0.4640411054315673,0.04212421264035529,-0.043527595784772055
475,tax_income,0.19991763680350522,0.03906393483867715,-0.13282432913689143,-0.28852454117403326
476,tax_income,0.26602768473473787,0.2897396123995043,-0.07905671374338427,-0.2046618039589424
477,tax_income,0.2114194851293059,0.057651094693460025,-0.14013981312516766,-0.26946967077473616
478,,0.5933737545499598,0.5092585735172425,0.01977714210914336,-0.08182397189963275
479,tax_income,0.2183090660120255,0.307123761248172,-0.07016307904791058,-0.20739597967314638
480,tax_income,0.30734110787840097,0.3173398057088498,-0.06735372023641858,-0.1461260082851265
481,,0.6262981900037423,0.3500818537976509,-0.08462032208581055,-0.1837359995071486
482,nurses;tax_income,0.1352378707143933,0.1194826455996123,-0.1081194641019915,-0.2966425927481463
483,tax_income,0.140974068405076,0.34404685116475936,-0.11319685716252725,-0.3185446422405825
484,,0.6355330052548569,0.40098250672350255,0.00018064224170151466,-0.07974246895905748
485,nurses,0.8641257256518677,0.29640296068349303,0.01742659860772916,-0.11564610032618888
486,tax_income,0.10661273875438576,0.010210195722112125,-0.118847840036363,-0.331036032371921
487,,0.7586910652395467,0.31137964982314204,0.03098469244122498,-0.14101118096924076
488,tax_income,0.27339842612365084,0.29909366489870326,-0.11905740654551195,-0.26303305665009996
489,tax_income,0.13730097684483977,0.32950888817142177,-0.05769894515429983,-0.1375921531093924
490,nurses,0.22698325537423744,0.27050609075151466,-0.09101529269519046,-0.25267376984052875
491,tax_income,0.18394552329851976,0.21464238884640346,-0.06631767803151613,-0.2079962851374036
492,,0.7504210147962751,0.3611311487050403,-0.07152230363490064,-0.18957828018988607
493,tax_income,0.9030810720212334,0.3175787593055473,-0.058016756566286146,-0.13720627107178207
494,,0.8316918613587525,0.3746238040885699,0.02686476711232766,-0.11522173164171357
495,tax_income,0.019997528727899838,0.011370898132569973,-0.18103511222726265,-0.40344166626020717
496,,0.19782176692598302,0.2494512293205196,-0.13538551978929753,-0.27832899663445804
497,,0.6612410820832382,0.43316893382610877,-0.021923223065896225,-0.07924084993025912
498,tax_income,0.15347597426272125,0.26672320211073597,-0.05158870600798936,-0.18676520928688173
499,,1.045995678568198,0.30093591979834544,-0.0009110679971921498,-0.16668340596948422
500,tax_income,0.11800654272966313,0.07294827729304576,-0.12635002964969147,-0.35378268589019635
501,,0.4951508646308227,0.5808740291851514,-0.04256063550278112,-0.09350496885322895
502,tax_income,0.29089709138734604,0.20869196490781183,-0.06414348024176164,-0.10358208460812737
503,,0.7544847148052651,0.3383650122532022,-0.005802619456628015,-0.044469903193383425
504,tax_income,0.04508911531360035,0.07014456909106018,-0.1818563276603442,-0.36024362013561584
505,,0.6833753547176592,0.3073869136811268,-0.06306039742576042,-0.2314014385368401
506,tax_income,0.11568254033764078,0.27988692756402017,-0.11370012955719218,-0.2616816129107552
507,,0.17166650265762456,0.32110509586198266,-0.08426757882778203,-0.19964436093614624
508,tax_income,0.1358934651455658,0.21569204961422328,-0.16388222287770574,-0.32240037357148604
509,,0.1375075390184104,0.1429425267738414,-0.1858933837529847,-0.43329982734644457
510,,0.8356441385330393,0.4898473628290183,-0.0019895793066922324,-0.0656539036264428
511,nurses;tax_income,0.15355809697813594,0.17412581698231883,-0.08064238678793764,-0.30836559797362434
512,tax_income,0.16720004791580545,0.13919946716166187,-0.1898008810352777,-0.37281583892445014
513,tax_income,0.2054771265997155,0.20515581517911713,-0.11055149871875682,-0.22117116310749552
514,tax_income,0.26002070491453366,0.23862773532314696,-0.005983436328218156,-0.1706877214589527
515,tax_income,0.13293510890487487,0.2309569841011026,-0.10804103933802309,-0.27786227060668256
516,,0.09610697823423114,0.10783258911359711,-0.14141563068999724,-0.29884508723595293
517,,0.5246465840224559,0.5051926935309484,-0.049580083163168545,-0.22401219941024633
518,tax_income,0.19824619118875825,0.2256768782567225,-0.1289742842806254,-0.2545198605894359
519,nurses;tax_income,0.3009134915284818,0.3808227338821594,0.011214152877600247,-0.06065371463064434
520,,0.5238248602754036,0.3008787475540749,-0.05568855976043395,-0.2349971688889044
521,nurses,0.19248040871893796,0.2655847952220157,-0.11573071262701268,-0.24857777107756734
522,tax_income,0.14174609923343964,0.17847883034341944,-0.13665043267620494,-0.328307804318975
523,tax_income,0.1465592476842274,0.2214590830041574,-0.07895660425411569,-0.2338968134942473
524,tax_income,0.23917408289107497,0.32032228738179186,-0.06921686709174477,-0.10849213425389424
525,,0.750705436966478,0.38388231702774983,0.004811505439611563,-0.0899471041409034
526,,0.6635414797913401,0.4357556360538015,-0.05029922525133598,-0.14567220742776346
527,,0.724837266172528,0.3836427846969329,-0.0037266666341618515,-0.06596774691783269
528,tax_income,0.22331944664642003,0.2739107842305459,-0.11828680195475806,-0.3824943334711874
529,,0.7165125792958609,0.5380227861348071,-0.03990139376185277,-0.12575593383505995
530,,0.5816897799513594,0.20650963820960877,-0.04305028313307002,-0.2022097269975668
531,nurses;tax_income,0.20326556067542162,0.21363177566036828,-0.05479825921801508,-0.16679930218754585
532,tax_income,0.11042594597007757,0.219108497818014,-0.09358112768450161,-0.27988473428167004
533,tax_income,0.1850398690759612,0.2792654548170055,-0.12877091703651355,-0.3073247587804333
534,tax_income,0.07379639119027412,0.1085617463003622,-0.18127640766292474,-0.3774589949985627
535,tax_income,0.1288273727916897,0.275506240002939,-0.12638563918225465,-0.3031767285580573
536,tax_income,0.18084300098232953,0.3359558217557905,-0.08272068935860687,-0.13318866421530096
537,tax_income,0.2329012091155988,0.3502214928385745,-0.05599313020591702,-0.14566536785028256
538,,0.6542804230290642,0.34248158433793596,-0.039626044952218595,-0.12891856685288247
539,,0.6638350659081439,0.19221524785796307,-0.07798933065662068,-0.23678318174355817
540,nurses,0.30759824152942616,0.305842901571706,-0.061817548403132916,-0.17319242019719283
541,tax_income,0.002532538431196659,-0.015539359800457925,-0.25115666902126843,-0.4615783784171581
542,nurses,1.0967633123966443,0.6083047982639059,0.03557148748546299,-0.006491610113569024
543,tax_income,0.365261062330357,0.19466598350513858,-0.01164677331121751,-0.0914858796743291
544,,0.4682774698769379,0.5580268187067425,-0.02450305562160978,-0.0973015631451011
545,,0.8403355135287335,0.4848902627676607,0.04921908047276338,-0.02349654293539355
546,tax_income,0.2653550983785706,0.16841101729676727,-0.038529144566391976,-0.23068814553727718
547,tax_income,0.27761228393607795,0.12866360032571383,-0.18357732237395222,-0.3113526193368709
548,,0.6700348729975454,0.6162317931232542,0.029973589869240466,0.050749459394800425
549,tax_income,0.3085882553433876,0.17818581582133042,-0.05222217824950365,-0.178611617832849
550,,0.27532276669359734,0.3107885268259086,-0.0997372846660424,-0.26275510925035717
551,,0.12676438594267145,0.25852297302564003,-0.05634596757449453,-0.20433299241296649
552,tax_income,0.17588838961227593,0.09629821882813205,-0.1134712162170329,-0.292055623192491
553,nurses;tax_income,0.1678295353460491,0.2677366730032087,-0.1263651347348545,-0.3593298736486624
554,tax_income,0.13396233062877505,0.3965549122684293,-0.06293428965600373,-0.1319255355255362
555,nurses;tax_income,0.11487789978216015,0.03775319039347491,-0.06134316257214467,-0.2760487927747177
556,tax_income,0.30739024561682915,0.16148952245534098,-0.018098666697464294,-0.18423024173188768
557,tax_income,0.14949991767566725,0.3704489346510514,-0.04967693793369618,-0.13186885521829383
558,,0.589706856212087,0.6327699226464282,-0.08223790537351748,-0.1416592402667233
559,tax_income,0.15912349122276787,0.22741148391305693,-0.13245276280852628,-0.3542292218980495
560,tax_income,0.23728950867077836,0.185692764149621,-0.03665985970266156,-0.17914842354953697
561,,0.5866721886632636,0.4563929071941249,-0.03543707848413353,-0.07467420726242205
562,,0.31269200927008056,0.03996932980584855,-0.051623281003767896,-0.3441607766447283
563,tax_income,0.25155698584403713,0.2962203784210516,-0.04982309269925239,-0.17821366780441283
564,tax_income,0.28520291617463145,0.3957638628535884,-0.09772233025949781,-0.16994803618309257
565,nurses,0.9204097326431968,0.17441653231941345,0.025291951725829043,-0.21726466704759034
566,tax_income,0.1382040151327085,0.22592950607355827,-0.09735069672928143,-0.24496225854207304
567,tax_income,0.0706849119467059,0.03331905870729318,-0.1486867291535996,-0.4167561620858139
568,tax_income,0.12644381580660202,0.15645519901388777,-0.12507513619762234,-0.30590793899341173
569,tax_income,0.20756077397245548,0.14267965210671574,-0.10315135240814965,-0.21836565902492505
570,nurses,0.7528140131200716,0.32412078145653933,0.01989305755533957,-0.15151330837902593
571,tax_income,0.11148327163055136,0.2570748739571921,-0.13683440405413594,-0.31316417417330494
572,,0.27120121113649864,0.3045116649002882,-0.04034941085882678,-0.09756373842255919
573,nurses;tax_income,0.08405839307016169,0.15157760768523632,-0.09948264606302865,-0.2603089121917042
574,,0.5232936578150207,0.5019036036518378,-0.05767633927295529,-0.12630995196272082
575,tax_income,0.16085141939565617,0.186072325262136,-0.15515586287947553,-0.2826880580079495
576,,0.726832249317259,0.3802011671658763,-0.026768596757091312,-0.1482315915611286
577,nurses;tax_income,0.20995236997756817,0.22887577382351104,-0.13017950230543252,-0.311085142440479
578,tax_income,0.07698556138479752,0.0744209091070775,-0.16337315441847453,-0.4162794745806956
579,,0.9521616287307779,0.8064435965680364,0.06407016761544682,0.1193453564093827
580,tax_income,0.2462258456812803,0.3984718382510456,-0.0766470057885348,-0.17108492597139
581,nurses;tax_income,0.22058069650113177,0.1372359433067748,-0.08461947033347103,-0.24205936892872393
582,tax_income,0.2244948298229645,0.17127343468272282,-0.13205112525551208,-0.324884005480823
583,,0.5964276380445797,0.32390899370079423,-0.1357300687476186,-0.3033317493408653
584,tax_income,0.1892669408544538,0.16892865867564588,-0.09938558513514166,-0.23429368285441934
585,,0.267429711111399,0.18940224677547723,-0.06834608712639056,-0.3015713484733158
586,tax_income,0.20039556884788448,0.2659313823987688,-0.10959387798170742,-0.28397870035789746
587,,0.6222489469304416,0.6686125582703226,0.06786770436379462,0.1454199463845734
588,tax_income,0.12244761794743422,0.11552795935712717,-0.08428793910666807,-0.25894546665918067
589,tax_income,0.2718250284462819,0.2631109305957937,-0.05098242110145282,-0.11856259203355539
590,tax_income,0.14187411095429311,0.261966975529424,-0.14202946432212582,-0.3263589610283322
591,tax_income,0.19627383139744115,0.2446121417188224,-0.11828752513580287,-0.18940431554538606
592,tax_income,0.1923430735832217,0.27419874892254675,-0.08473050179274677,-0.2508013234509434
593,,0.5051229741387737,0.7349115690675262,-0.044802425350705014,-0.07319328911010342
594,,0.6735913530139068,0.7109747915427078,-0.0003353221844663058,0.013160218741244345
595,tax_income,0.19360065301948529,0.4358462294830342,-0.1308654507740104,-0.381205766269373
596,nurses,1.2353335293611234,0.2843147442282866,0.07422575731597819,-0.1278718167429681
597,nurses;tax_income,0.26477443353614505,0.32397124999729554,-0.05562753657901194,-0.18180903631607337
598,tax_income,0.3253366232348109,0.22381093522178763,-0.06935625856749436,-0.21693878180163428
599,tax_income,0.12523991806197976,0.21493286074720208,-0.06759225060723126,-0.1477292665634501
