excluded,usable,boundary,WEALTH_years,WEALTH_std,MED_years,MED_std
北海道,True,tax_income,0.23937058821239554,0.2536771990729909,-0.0880924237595856,-0.2239714787094899
青森県,True,tax_income,0.1986039192135891,0.2781510615245996,-0.10897814107511311,-0.2571081689189481
岩手県,True,tax_income,0.2354228793479181,0.26791733150430697,-0.08899113863167256,-0.21367179278655912
宮城県,True,tax_income,0.24126893740336283,0.2564935227730838,-0.08452568175574678,-0.21545056164993967
秋田県,True,tax_income,0.2214403183647667,0.2610295950909877,-0.09706535656964169,-0.22596002091700262
山形県,True,tax_income,0.24302038013227123,0.2564428966116698,-0.08294134685172128,-0.2127445901829317
福島県,True,tax_income,0.24298799914652985,0.26808586808506574,-0.08395275656840004,-0.2063559127760515
茨城県,True,tax_income,0.24225942418306345,0.2562936816260826,-0.08207586574272117,-0.1997003538039498
栃木県,True,tax_income,0.24239882267455853,0.25971003563134354,-0.08359917853010168,-0.20302708907957837
群馬県,True,tax_income,0.24050842466394873,0.25565453607594646,-0.08612712777999555,-0.21465149619480095
埼玉県,True,tax_income,0.23547429921404367,0.25130778983778523,-0.07924488701847093,-0.18977533658072823
千葉県,True,tax_income,0.2314695173777751,0.24890381388361144,-0.0863128542392743,-0.20801599959154488
東京都,True,,0.674841684935096,0.40656451822410017,-0.019618208699948056,-0.11543667861339152
神奈川県,True,tax_income,0.22405639530419608,0.26297306229842726,-0.08880969673854092,-0.21290523701476508
新潟県,True,tax_income,0.22776721229456728,0.2238505502110148,-0.09461916354119326,-0.2444383135062011
富山県,True,tax_income,0.23651039440483423,0.24922527618625903,-0.08386470749090216,-0.2120782848561794
石川県,True,tax_income,0.23888377084916307,0.25657590695297877,-0.08941613794561952,-0.2186555417447234
福井県,True,tax_income,0.24048516703653108,0.25556983913633036,-0.08676901236208487,-0.22154366520679925
山梨県,True,tax_income,0.23926344155336646,0.250974328188882,-0.08762483861995013,-0.22207783610049228
長野県,True,tax_income,0.25103672746950134,0.27450421729191354,-0.07621327197710173,-0.21624331319519607
岐阜県,True,tax_income,0.25126520518401346,0.2733344713594691,-0.07064663057990575,-0.18678289175680715
静岡県,True,tax_income,0.24193854949897192,0.2557114695690441,-0.08525578022241465,-0.21468800272150043
愛知県,True,tax_income,0.2361122316250868,0.23339382167487366,-0.08518175632781111,-0.2096976844530154
三重県,True,tax_income,0.239195931676721,0.2552419160073725,-0.08556295513781316,-0.21256527042468884
滋賀県,True,tax_income,0.2406781867103572,0.2723127124278174,-0.07663771329729176,-0.21116126210242575
京都府,True,tax_income,0.22684645867038783,0.2534805833451216,-0.09189474487076678,-0.2226995496040704
大阪府,True,tax_income,0.24562025534586962,0.26259344327134787,-0.08679905694498476,-0.21724406770883767
兵庫県,True,tax_income,0.23430395871988519,0.2551375384872519,-0.08676028145128109,-0.21540925923045592
奈良県,True,tax_income,0.22120341401859311,0.2502042295845147,-0.08996645693666075,-0.21996448467701443
和歌山県,True,tax_income,0.23995407539812746,0.25806041428611304,-0.08633951200418405,-0.2235263801826152
鳥取県,True,tax_income,0.225770729240608,0.2286434956924731,-0.0890527863923487,-0.2191353728604908
島根県,True,tax_income,0.22830011898861322,0.22288562074097057,-0.08873969966959462,-0.22856368670814042
岡山県,True,tax_income,0.2411336709812733,0.2541662386646477,-0.08499236886304315,-0.21553723374161526
広島県,True,tax_income,0.23880751268507422,0.2566721908187227,-0.0884464816079414,-0.21822348236577147
山口県,True,tax_income,0.23782077745386712,0.2519701637156673,-0.09166956559623167,-0.2249504050966198
徳島県,True,tax_income,0.23564791572572633,0.24314013667849466,-0.09353666198503047,-0.2405676912941444
香川県,True,tax_income,0.23895282164963272,0.2544794706207143,-0.0888009320267827,-0.21800621121704503
愛媛県,True,tax_income,0.24097917747711914,0.25792728802096343,-0.08479145611862893,-0.21487832975834262
高知県,True,tax_income,0.2338561222873226,0.22757939429567037,-0.08373307975659823,-0.23502977179022444
福岡県,True,tax_income,0.24220500043402363,0.2593836827429201,-0.08417946652949122,-0.20965912077731927
佐賀県,True,tax_income,0.238245117865992,0.2517355402742676,-0.09582278834510378,-0.22333606813887516
長崎県,True,tax_income,0.23980536309353978,0.25199603026289075,-0.08894347462006948,-0.21918639793682182
熊本県,True,tax_income,0.23970515015304034,0.25420872940913086,-0.09997633581757154,-0.22576864604336214
大分県,True,tax_income,0.24165963252742667,0.2594770120058247,-0.09710762767853004,-0.2228782099788127
宮崎県,True,tax_income,0.23946346603161317,0.25102036948678064,-0.08701383713538303,-0.20915754464022665
鹿児島県,True,tax_income,0.24256837442299262,0.25833598923508866,-0.08356119609994002,-0.21420331449327307
沖縄県,True,tax_income,0.21139162231699252,0.194151430223514,-0.10709487074850116,-0.2653804349379176
