iso3,country,region,income,rule_of_law,gov_effect,control_corrupt,reg_quality,life_exp_12,under5_mort_12,school_sec_12,gdp_pc_12,gni_pc_12,cons_pc_12,gdp_pc_22,gni_pc_22,cons_pc_22,internet_users,broadband,life_exp_17,under5_mort_17,school_sec_17,school_ter_12,prm_compl_12,school_sec_f_12,edu_exp_12,prm_complete,electricity,init_gdp,child_surv_12,child_surv_17,log_gdp_pc_22,log_broadband,g_gdp,g_gni,g_cons
AGO,Angola,Sub-Saharan Africa ,Lower middle income,-1.34388359999999,-1.0191994,-1.4394482,-1.0374151,58.916,72.0,29.6869517832747,11516.8133246588,11685.6338389901,2115.25969935925,8750.99363032299,8219.34214495565,2503.62198835161,35.83800125,0.386698155907211,62.122,57.9,54.4167987304753,9.22339720175662,49.9452277889684,22.3924407958984,3.08191085718142,,48.5,9.351563274859835,-4.276666119016055,-4.05871738457895,9.076922530655665,0.3269254939341572,-0.27464074420417006,-0.3518700354975497,0.16856088446800044
ALB,Albania,Europe & Central Asia,Upper middle income,-0.402225799999999,-0.3393566,-0.8226266,-0.0835796999999999,78.084,11.2,97.6086120605469,12463.518369846,12157.2743736945,2915.64229869794,19388.7927279351,19435.9244628967,4214.49366984394,82.61367544,20.6989441252111,78.9,9.3,97.5743697537481,58.6214186004979,117.008465181901,94.2169723510742,3.29533986928598,106.449693580056,100.0,9.430561125663502,-2.4159137783010487,-2.2300144001592104,9.87245048368536,3.07726360153821,0.441889358021859,0.46919542556973326,0.36843932032262927
ARG,Argentina,Latin America & Caribbean ,Upper middle income,-0.5151067,0.0013935,-0.5168142,-0.841032599999999,75.802,13.3,102.709991455078,28825.9666865361,28129.1578284396,9048.43219865067,27825.0273492567,27489.2806552139,8615.72949843391,88.37535691,24.6831785056628,76.543,11.0,110.377799987793,78.1465174294761,103.663843793221,107.975830078125,5.3458399772644,101.523895644883,100.0,10.269031880968202,-2.5877640352277083,-2.3978952727983707,10.23369115904557,3.245836244747442,-0.0353407219226316,-0.02301054917120382,-0.04900196088573239
ARM,Armenia,Europe & Central Asia,Upper middle income,-0.357317599999999,0.0313392,-0.6183619,0.4081354,74.119512195122,16.9,86.8721923828125,11796.2741177994,12816.5875165428,2844.87428274382,17886.1783877168,17299.2105616752,3349.26263671295,77.02767465,17.7300708049016,75.2170731707317,13.3,83.0249410833595,44.4855719494927,94.398657797139,86.4559326171875,2.77248001098633,90.7134854349155,100.0,9.375539007864504,-2.8273136219290276,-2.5877640352277083,9.791783536451202,2.930130296742584,0.4162445285866987,0.29992063648729506,0.16322133540596528
AUT,Austria,Europe & Central Asia,High income,1.7025891,1.5204181,1.3720899,1.5292054,80.9365853658537,4.0,100.108726501465,61376.6345930428,61621.6295933403,23310.5701006619,65694.4591501468,64044.8778733193,23586.7960554697,93.61409139,29.2342573265435,81.6439024390244,3.6,100.337898254395,79.5471267700195,96.4984817504883,98.1663970947266,5.51612997055054,98.6491775512695,100.0,11.024784497622708,-1.3862943611198906,-1.2809338454620642,11.09276986530205,3.4089756300546643,0.06798536767934138,0.03857111572281191,0.011780156192637392
BEL,Belgium,Europe & Central Asia,High income,1.313828,1.8013661,1.4862037,1.1007296,80.3853658536585,4.3,160.110534667969,56356.8251292137,57170.3204929779,20882.3699964115,62602.9270469765,61037.61190764,22392.8845296559,94.00783071,43.5657139519422,81.4926829268293,4.0,158.670288085938,69.7490615844727,,171.274078369141,6.56625986099243,,100.0,10.939458632438928,-1.4586150226995167,-1.3862943611198906,11.044567313933994,3.7969648179175475,0.10510868149506614,0.06545537158602066,0.06983799132347457
BEN,Benin,Sub-Saharan Africa ,Lower middle income,-0.427510399999999,-0.5014158,-0.677392,-0.5416802,58.559,102.9,52.0378494262695,2779.7264808532,2711.01725078876,725.101517168975,3588.32519938147,3529.45354312172,804.926703638741,30.53730011,0.153072411564925,59.528,91.8,55.2945899963379,12.8605403900147,68.599967956543,41.857421875,3.56202006340027,74.7715225219727,56.5,7.930107813661946,-4.633757642840004,-4.519612297626445,8.185440854350675,0.1424300420598601,0.2553330406887291,0.2638191215607195,0.10443955315906983
BFA,Burkina Faso,Sub-Saharan Africa ,Low income,-0.361949099999999,-0.6191411,-0.375203,-0.246521599999999,57.457,112.3,25.2399681000378,2003.6646118745,1859.52296888015,441.088975357419,2469.19956941259,2221.6375385917,475.598883247652,25.3987999,0.214398323020291,59.578,94.1,37.1627510802261,4.33792685706514,55.8972269217297,22.4369517647316,3.60315990447998,61.5863350030506,19.5,7.6027330888545555,-4.721173861744398,-4.544358046591334,7.811649316136358,0.19424874674612988,0.2089162272818026,0.1779245674776755,0.07532820344581559
BGR,Bulgaria,Europe & Central Asia,High income,-0.2175182,-0.202198,-0.3572623,0.3314826,74.3146341463415,9.9,95.3903503417969,22618.8104278919,19740.9264509651,4051.13138146769,32433.6587569626,29240.0514143815,6228.25526223975,79.12686326,34.9667968772891,74.8146341463415,7.3,103.46102142334,62.1616516113281,99.5272598266602,93.2204132080078,3.47650003433227,98.9449234008789,100.0,10.026537158892541,-2.2925347571405443,-1.9878743481543455,10.386952013072175,3.582596203903303,0.36041485417963415,0.39284542766077557,0.43010004380637845
BHR,Bahrain,"Middle East, North Africa, Afghanistan & Pakistan",High income,-0.1376475,0.3354941,0.1663109,0.8032498,79.622,8.1,98.4732914840696,54516.8406594787,60372.1642469759,11226.8481970456,57572.997981018,60432.2115752265,11101.0537462456,100.0,18.0025680504011,80.407,7.7,100.923412884105,47.6811679519633,100.101296596434,99.2605924989055,2.54483008384705,98.1791778373548,100.0,10.906264935845979,-2.0918640616783932,-2.0412203288596382,10.960808951718148,2.9445741305805027,0.05454401587216928,0.0009941251347420632,-0.011268034239138913
BHS,"Bahamas, The",Latin America & Caribbean ,High income,0.6533056,0.9775831,1.4817162,0.5761701,73.707,14.7,92.1807628524046,33667.5547098911,30200.1224162896,19130.6531035388,34342.9285316569,31439.7845957083,18788.0686341076,92.2559967,21.135589553703,74.031,13.7,92.6182585115999,,104.306912775968,95.0642702131211,2.30391197238935,84.8316556751128,100.0,10.424289884328925,-2.6878474937846906,-2.617395832834079,10.444151411294527,3.097186700286292,0.019861526965602394,0.04022813836386163,-0.018069901908241093
BIH,Bosnia and Herzegovina,Europe & Central Asia,Upper middle income,-0.1318904,-0.5915425,-0.405939,-0.205219999999999,77.037,6.7,90.7853088378906,12626.9263237753,12287.8642551468,3565.4665564541,19298.117076437,18184.3402917595,4718.46787629956,78.8455371,27.3190356221695,77.385,6.8,83.668083190918,44.7015495300293,78.5472793579102,92.2725219726562,3.31473965674631,93.0948104858398,100.0,9.443586822605415,-1.9021075263969205,-1.916922612182061,9.867762809327239,3.343534215356211,0.4241759867218242,0.3919486707763937,0.28018922774479726
BLR,Belarus,Europe & Central Asia,Upper middle income,-0.7380981,-1.0741204,-0.3105829,-1.0299101,71.9658536585366,4.9,107.657786407767,25879.1319400701,26046.7042355954,2801.38455763416,26537.5083081674,26562.711651084,3837.21056139273,89.50733148,34.0671782490739,74.1292682926829,3.6,102.480850468241,93.4729592664074,101.548622181735,105.727632878972,4.95964002609253,97.5639761377061,100.0,10.161192206323943,-1.589235205116581,-1.2809338454620642,10.186314419084185,3.5572656003810006,0.025122212760242846,0.019617171365997166,0.31463190649434747
BLZ,Belize,Latin America & Caribbean ,Upper middle income,-0.330874499999999,-0.268194,-0.0752991,-0.3279258,71.134,17.7,78.8095397154118,11843.4153404212,10628.1085009371,3592.23124974862,12565.3645829576,11979.4614943052,4033.04056139549,69.98329926,9.75385677359442,72.062,14.4,86.323893201399,24.0271611386785,107.9474422758,80.2218941529101,5.47351989539787,102.663029358275,98.6,9.379527324647887,-2.8735646395797834,-2.667228206581955,9.438699465311426,2.3752644598679247,0.05917214066353971,0.11969140446929138,0.11574704574250916
BOL,Bolivia,Latin America & Caribbean ,Lower middle income,-1.0969326,-0.2476484,-0.698911,-0.8690743,66.586,32.3,87.0108512162742,9884.46163594645,10330.9822491155,1827.72319498425,11487.7148799194,11166.1344116242,2152.70495712999,72.62270355,10.9975247479663,67.536,23.4,89.4000212849504,,98.2205353399386,86.9054153516049,6.62799978256226,91.3607050454169,99.9,9.198719271394857,-3.475067230228611,-3.152736022363656,9.34903347203149,2.484700357508403,0.15031420063663248,0.07773811874593228,0.16365413446293786
BRA,Brazil,Latin America & Caribbean ,Upper middle income,-0.0446889,-0.0055523,-0.0113872,0.1894102,74.335,17.2,94.5829467773438,18832.2195527075,18433.2615047454,5718.32815243123,18554.0461828566,17893.9462997814,5776.98016243189,80.52775094,20.9534469027015,75.383,15.4,102.989486694336,43.8344116210938,,97.6602020263672,5.85510015487671,,100.0,9.843324487923363,-2.8449093838194073,-2.7343675094195836,9.82844316731525,3.088924161484227,-0.014881320608113313,-0.02969426308140477,0.010204601279941272
BRN,Brunei Darussalam,East Asia & Pacific,High income,0.6338542,0.7478848,0.9671207,0.9898506,74.843,10.2,105.229759216309,89718.4636049982,107449.91920635,5871.56905207691,76357.829114996,89081.6602411593,8743.45843377284,98.97042579,19.8049937413532,74.943,10.7,88.6814727783203,22.0733509063721,103.19944598338,107.718727111816,2.88964009284973,103.848494067539,100.0,11.40443186415625,-2.322387720290225,-2.3702437414678603,11.243185847825758,3.0351930416106923,-0.16124601633049096,-0.18747139131207113,0.39818391489766825
BTN,Bhutan,South Asia,Lower middle income,0.1873333,0.5172017,0.8135637,-0.8397388,69.759,35.5,72.1302185058594,11143.9445354588,10445.1672522542,813.193089060524,14061.3120274588,12713.9113479367,1525.68984431849,88.35620117,0.631823734751842,71.413,25.8,86.5600433349609,7.60806024678839,102.1185540732,79.2052764892578,5.16565990447998,94.9339977218329,100.0,9.318651538370695,-3.56953269648137,-3.250374491927572,9.551182477330931,0.48969824504211973,0.23253093896023636,0.19655736815673208,0.629233360420959
CAF,Central African Republic,Sub-Saharan Africa ,Low income,-1.42836609999999,-1.4247717,-0.9511,-1.1406329,51.336,121.9,15.6197595596313,1577.98053252253,1385.26885299453,537.025154079982,1136.80171107045,1200.59438009975,494.139481411463,13.75360012,0.0160846160651184,45.231,155.2,15.8074398040772,2.77519989013672,38.6632118225098,10.7241497039795,1.98034724839473,38.4804611206055,15.7,7.36390116452524,-4.803201036487226,-5.0447146077491185,7.0359740819457715,0.015956629217069463,-0.32792708257946845,-0.14307748757158567,-0.08322710690426227
CAN,Canada,North America,High income,1.6013849,1.9358475,1.8407404,1.7284567,81.6636585365854,5.6,110.873832702637,54034.7821680318,52628.1481788593,24063.8747863853,58583.1299860138,58472.4354961282,26983.2157980471,94.0,42.1792116530791,81.8078048780488,5.2,111.974517822266,63.603271484375,,111.17195892334,4.58899021148682,,100.0,10.897383232416692,-1.7227665977411035,-1.6486586255873816,10.978202049920776,3.7653591676962606,0.0808188175040847,0.10530434200402716,0.11450329120293645
CHE,Switzerland,Europe & Central Asia,High income,1.8687984,1.9392653,2.1649502,1.8492676,82.6975609756098,4.4,98.3727416992188,76570.2378987121,82169.7870259257,43609.3533641366,85762.2829174304,84338.6402923913,45211.2536183585,96.45279694,46.6747503634479,83.5512195121951,4.1,103.900062561035,54.835620880127,96.8369369506836,96.7207107543945,4.89862012863159,95.3591537475586,100.0,11.245963741046474,-1.4816045409242156,-1.410986973710262,11.359334595789768,3.8644019152577322,0.11337085474329456,0.026052446379457805,0.03607437565901961
CHL,Chile,Latin America & Caribbean ,High income,1.1356496,1.2838887,1.4796889,1.5473793,79.221,8.4,89.5031433105469,26676.8110154019,23942.7560713249,7742.25205712117,29560.4513805785,27294.8454747724,9734.0803844447,92.31819916,22.7901897178525,80.61,7.6,102.294822692871,75.0770721435547,97.4051208496094,91.1228790283203,4.54814004898071,98.1549530029297,100.0,10.19154996572677,-2.128231705849268,-2.028148247292285,10.294192644924529,3.1692732989721186,0.10264267919775882,0.13103205629703218,0.22894056075503855
CIV,Cote d'Ivoire,Sub-Saharan Africa ,Lower middle income,-1.03930259999999,-1.06664579999999,-0.835052,-0.797894,56.57,95.3,40.4629922041554,4234.21187719492,2837.87849458478,975.334214846241,6272.26395760029,6034.06911113683,1372.0627457523,38.41328122,1.25179133069312,59.315,80.5,49.0863555848622,7.35426503598509,52.0747177897281,34.3625665088411,3.43445992469788,69.0517282328166,70.4,8.350952492293237,-4.557029810660157,-4.388257184424518,8.74389264622127,0.8117260464341584,0.3929401539280324,0.7543648302163604,0.34129034357735843
CMR,Cameroon,Sub-Saharan Africa ,Lower middle income,-1.1055169,-0.8326177,-1.2340704,-0.9033095,58.17,100.8,53.102088720007,4382.11120797355,4250.05557352004,950.594728957641,4843.65038202917,4799.08445338849,1093.62776757505,40.12559891,2.12862474053,60.817,81.9,61.4037045147156,13.5363302230835,76.2778625835293,48.7718363160742,2.60304999351502,68.703809542579,71.0,8.385285898193393,-4.613138355637268,-4.405498990859024,8.485423926599417,1.1405935279740114,0.1001380284060236,0.12149310187027851,0.1401678568657969
COD,"Congo, Dem. Rep.",Sub-Saharan Africa ,Low income,-1.67236839999999,-1.5733358,-1.3730997,-1.4086777,57.35,95.9,38.8012313842773,1182.14074588327,1063.96498858496,299.655298283579,1484.33841881449,1344.40084034441,301.975431410792,17.99620056,0.0322275167366284,59.495,91.5,42.1804618835449,7.63979005813599,64.4585189819336,28.7509708404541,2.06220006942749,65.5622177124023,21.5,7.075082265228584,-4.563305981889393,-4.516338972281476,7.302724442752253,0.03171910471530283,0.227642177523669,0.2339459570260498,0.007712852799499181
COG,"Congo, Rep.",Sub-Saharan Africa ,Lower middle income,-1.1966054,-1.0475415,-1.2236744,-1.1262868,62.662,57.9,50.520320892334,9079.68656400891,12235.8468823736,823.468103237167,6205.1050414034,6642.81652309485,795.589328614241,40.98669815,0.435883126454822,64.203,49.3,,9.09545040130615,72.6097717285156,46.8735198974609,2.73923061622047,,50.6,9.113794951617253,-4.05871738457895,-3.8979240810486444,8.733127626005237,0.3617800790511693,-0.3806673256120163,-0.6108338637945394,-0.034441681814636915
COL,Colombia,Latin America & Caribbean ,Upper middle income,-0.447664299999999,-0.104984399999999,-0.4099866,0.221908,75.611,17.1,97.2326889038086,15279.4790008058,15070.197929246,3909.48756738945,18458.7209460704,18314.8219654266,5223.70349460851,72.79637855,17.007465545983,76.418,14.5,99.2193298339844,47.4669914245605,113.55069732666,101.408042907715,4.37038993835449,106.373252868652,100.0,9.634265965333299,-2.8390784635086144,-2.6741486494265287,9.823292217794487,2.8907864244647095,0.1890262524611881,0.19499152894283966,0.28980032358221486
COM,Comoros,Sub-Saharan Africa ,Lower middle income,-1.0292356,-1.5902603,-0.7798117,-1.4250109,63.463,52.5,58.998580844006,3330.52446059187,3174.42143216605,1251.436485925,3465.8402271705,3422.90832348286,1335.5492861031,31.37409973,0.219375008990779,65.127,46.9,56.9502144763063,10.5360636883691,76.1397207901292,60.1044710048694,2.74783992767334,81.1250761308898,89.9,8.110885066246583,-3.960813169597578,-3.8480176754522337,8.150710372032,0.19833843976850685,0.03982530578541699,0.07536518703362205,0.06505057725197805
CPV,Cabo Verde,Sub-Saharan Africa ,Upper middle income,0.6063501,0.1117572,0.8821601,-0.0338918999999999,73.315,24.2,89.9634082592786,7397.82220702474,6634.69238621468,2006.52818610208,8850.1066918812,8615.18786438844,3019.2031245975,73.32740021,6.56769429388869,74.71,16.2,99.462782259485,19.8951290654347,95.9981429897864,99.6213363546916,5.39769575795208,89.5014955134596,97.1,8.908940939530584,-3.186352633162641,-2.785011242238338,9.088184793509104,2.0238884363629612,0.1792438539785195,0.2612143719828488,0.40858697251752396
CRI,Costa Rica,Latin America & Caribbean ,High income,0.4471085,0.4335446,0.670503,0.6859128,79.925,9.8,103.267303466797,19970.6856013628,19037.3309817988,7029.44863584742,25290.0087466975,23287.7713444955,8780.31772723666,82.59801121,21.7575979999075,79.994,8.9,121.514961242676,46.6885414123535,93.8234100341797,105.142471313477,6.58239984512329,91.2292327880859,100.0,9.902020757386035,-2.2823823856765264,-2.186051276738094,10.138164685519921,3.1248990676566275,0.2361439281338864,0.20152654778758894,0.22240432203605565
CYP,Cyprus,Europe & Central Asia,High income,0.9610401,1.485049,1.0052242,1.0369259,81.128,2.8,95.2998504638672,39190.22265625,38502.71875,16180.09375,50840.9140625,45399.38671875,18650.390625,89.60099194,36.7656727425982,81.543,2.6,99.5133590698242,45.8635902404785,100.064140319824,96.1862869262695,6.46747016906738,98.6736526489258,100.0,10.576182572633266,-1.0296194171811581,-0.9555114450274363,10.836456704341217,3.6314005615243463,0.2602741317079502,0.16476974087488472,0.14208538510677649
CZE,Czechia,Europe & Central Asia,High income,0.8309207,0.7285974,0.4104378,0.9257526,78.0756097560976,3.2,99.7749633789062,39347.0492956846,35996.5225643813,8174.75236987474,48390.661678675,45261.4146593426,9648.55393779197,84.54009378,37.7136856539825,78.9780487804878,3.2,102.204696655273,66.9287719726562,99.4495391845703,99.93798828125,4.19049978256226,97.2427291870117,100.0,10.580176264901409,-1.1631508098056809,-1.1631508098056809,10.787062133566062,3.6561931719916365,0.20688586866465286,0.22903255764273212,0.16575762793838678
DEU,Germany,Europe & Central Asia,High income,1.6179786,1.7583687,1.6570716,1.5033775,80.5390243902439,4.0,104.442237854004,58110.3768512245,58789.00267801,22017.1853676423,63777.9291029299,64736.4702561656,23858.4036263768,91.62984383,44.6186317766404,80.9926829268293,3.8,101.095642089844,60.8984489440918,101.78581237793,101.587738037109,4.83153009414673,97.5730667114258,100.0,10.970099530183633,-1.3862943611198906,-1.33500106673234,11.063162470656692,3.8203162246625175,0.09306294047305919,0.09636991704619646,0.08031320708800749
DNK,Denmark,Europe & Central Asia,High income,1.9226675,1.9667251,2.258271,1.8221563,80.0512195121951,4.1,124.577186584473,60161.7010660256,59276.3568724695,24735.1413666129,69089.4692492289,73107.4638141139,27643.241457316,97.86011812,44.8863644064006,81.1024390243903,3.9,130.324432373047,77.7465515136719,99.650032043457,125.330131530762,7.24570989608765,101.684516906738,100.0,11.004791233922536,-1.410986973710262,-1.3609765531356006,11.143157599433199,3.8261680011759664,0.13836636551066306,0.20971994287176798,0.11115630625705464
DOM,Dominican Republic,Latin America & Caribbean ,Upper middle income,-0.5862733,-0.500899299999999,-0.7816871,-0.1849073,72.817,34.8,77.986106386808,15487.2776356321,14751.3854920627,4381.2539583705,22986.95808105,21983.5957507569,5993.91789998942,81.51269675,10.6744492390257,73.37,34.9,79.9406801126231,48.6290038507636,93.4557237618524,82.4110479058614,3.62818152019188,96.0952302496087,98.1,9.64777416816731,-3.5496173867804286,-3.5524868292083815,10.042682294128984,2.457402628054694,0.394908125961674,0.39895951749214476,0.31341029648846686
DZA,Algeria,"Middle East, North Africa, Afghanistan & Pakistan",Upper middle income,-0.820280599999999,-0.659519699999999,-0.453743099999999,-1.088001,74.609,26.6,103.184272766113,14697.5396133853,16491.4657706468,1707.89246019721,14782.2002970247,16253.345719601,1820.49086734848,74.78150177,10.3517244580598,75.431,24.0,,33.5570987119466,99.1502367628067,106.780606139925,7.02950889772261,100.839212211617,100.0,9.595435385519268,-3.2809112157876537,-3.1780538303479458,9.601179053315587,2.429369667017334,0.005743667796318519,-0.014544243057406092,0.06384604108819847
ECU,Ecuador,Latin America & Caribbean ,Upper middle income,-1.0775133,-0.292018799999999,-0.6136706,-0.9981981,75.486,17.4,98.554801940918,12961.0267423765,13022.9767893162,3538.1468337405,14186.6388544625,13884.2540557965,3870.73576990915,69.71811356,15.1128846850944,76.22,14.4,96.1637651807361,39.2524690384971,105.295964770716,100.79842376709,4.65310001373291,98.9387232519122,100.0,9.469702190717019,-2.856470206220483,-2.667228206581955,9.560055874898772,2.779619242927978,0.09035368418175338,0.06404015359049531,0.08984151361287118
EGY,"Egypt, Arab Rep.","Middle East, North Africa, Afghanistan & Pakistan",Lower middle income,-0.5396816,-0.5323164,-0.5175138,-0.5120719,69.464,28.6,73.0182495117188,13076.8052394876,13050.6852677019,2620.72625231018,16360.390775011,15840.4762475068,3223.22703957325,72.19806556,10.6832498285136,70.709,25.6,76.4337653082262,26.2271566255146,88.7850322652534,72.635009765625,,83.7661313498518,100.0,9.478595347432254,-3.353406717825807,-3.242592351485517,9.702618495874589,2.4581561774414635,0.22402314844233473,0.19372780873971784,0.2069315690062128
ESP,Spain,Europe & Central Asia,High income,1.0835763,0.9026107,1.1056885,0.8728118,82.4268292682927,3.6,127.786712646484,41034.0481566356,40556.2586141243,14786.3178053533,46733.4809780536,45931.3224488473,15844.9953676141,94.4855432,35.7846414290159,83.2829268292683,3.2,121.1416015625,82.89208984375,96.8130035400391,128.53596496582,4.46012020111084,97.2612533569336,100.0,10.622157443904339,-1.2809338454620642,-1.1631508098056809,10.752216124211673,3.6050804055867087,0.13005868030733403,0.12445717883942109,0.0691514202160679
EST,Estonia,Europe & Central Asia,High income,1.1538371,1.0577763,1.1139136,1.458717,76.3268292682927,3.9,112.536003112793,33765.4302075072,31809.3578366116,8089.88458414138,43124.6196563775,42807.8133108938,11491.3406493715,91.52016546,39.7219150412824,78.0926829268293,2.8,113.249786376953,72.9364700317383,99.6860122680664,111.909286499023,4.67340993881226,96.3807678222656,100.0,10.427192783154108,-1.3609765531356006,-1.0296194171811581,10.671849334732508,3.706766400637456,0.24465655157839983,0.29696012183134535,0.3509793002366628
ETH,Ethiopia,Sub-Saharan Africa ,Low income,-0.7490211,-0.4212532,-0.6106685,-0.917400999999999,61.443,74.8,36.2193489074707,1576.76875733933,1475.95212396534,359.04636592755,2655.59276743639,2633.07198194288,578.126563890489,17.9836998,0.45157652011053,64.766,58.4,33.9114221981431,7.62416982650757,49.7641323239284,34.5193099975586,5.56677007675171,51.4317405151101,55.0,7.363132941676794,-4.314817884980432,-4.067315889834181,7.884423173327359,0.372650221047211,0.521290231650565,0.5788479292016913,0.4763412802206233
FIN,Finland,Europe & Central Asia,High income,1.9912164,2.2730989,2.0890617,2.0005462,80.6268292682927,2.8,109.962677001953,53957.6680986279,52892.8163344074,23018.7245097588,57068.3056478074,57497.2948734668,23754.4256475657,92.98879471,34.2951599474189,81.6317073170732,2.4,153.583709716797,91.5533828735352,98.8572616577148,112.473762512207,7.1715497970581,99.1299896240234,100.0,10.895955094017753,-1.0296194171811581,-0.8754687373538999,10.95200417407316,3.5637458425674096,0.05604908005540743,0.08347036845593436,0.031460862334322215
FRA,France,Europe & Central Asia,High income,1.2885997,1.5129077,1.4686276,1.1365688,81.9682926829268,4.1,105.813583374023,49935.6269081617,50221.1081725316,19571.7513740805,53673.8137406422,54557.2951674126,20996.6058688345,85.33331734,48.250226559098,82.5756097560976,4.2,103.756080627441,57.9090118408203,,106.117530822754,,,100.0,10.818489993082492,-1.410986973710262,-1.4350845252893227,10.890680521722919,3.896913967792248,0.07219052864042652,0.08281601708433683,0.07027352916410123
GBR,United Kingdom,Europe & Central Asia,High income,1.4985203,1.5077865,1.4826832,1.6452124,80.9048780487805,4.8,92.5272903442383,48099.6594401942,46524.253531092,27171.5673801128,53979.7679116234,53217.0511178461,30378.1280542866,95.46530151,41.2867157729584,81.2560975609756,4.4,125.62979888916,59.1535682678223,,92.7410583496094,5.52529001235962,98.4775390625,100.0,10.781030375823345,-1.5686159179138452,-1.4816045409242156,10.896364587037436,3.744472988808252,0.11533421121409049,0.13440509679841206,0.11155176790001242
GEO,Georgia,Europe & Central Asia,Upper middle income,0.1864406,0.6137741,0.5201487,0.6933446,72.672,12.2,107.038832287684,13193.9596974054,12820.2686669995,2744.29137989429,20966.5280391134,19505.4432471983,4356.33934010645,78.71127536,28.3337075311796,73.435,10.0,109.523203664239,33.6164699594408,107.368613639482,104.884443945013,1.86033999919891,121.403877598692,100.0,9.487514405162825,-2.501435951739211,-2.302585092994046,9.950682542191572,3.378737282473489,0.46316813702874704,0.4196661593619293,0.4621092115714722
GHA,Ghana,Sub-Saharan Africa ,Lower middle income,0.1657172,0.0221723,-0.0180774,-0.0164951,61.995,60.3,56.7326017795109,5339.71321903045,4926.79355628187,1168.3136472484,6728.45413832472,6394.36377248621,1559.76735037227,69.91329956,0.62494509663475,63.829,48.2,66.6359450193038,11.4938894891938,91.3232438624479,53.1241347690324,7.91913986206055,89.296060543559,85.1,8.5829272262107,-4.09933210373314,-3.8753590210565547,8.814100699125778,0.48547402852461014,0.23117347291507784,0.26072855961409047,0.2889752938026362
GIN,Guinea,Sub-Saharan Africa ,Lower middle income,-1.44435049999999,-1.2211888,-1.1535446,-1.0451097,57.117,118.4,36.8766899108887,2762.90350938513,2701.46699621718,602.085542665655,3792.01068836277,3511.05395219021,681.172689636235,31.31399918,0.0062752856838037,58.715,109.5,,10.0085697174072,60.4754981994629,28.5025997161865,1.83369994163513,61.9326400756836,47.7,7.924037401905048,-4.774068722449905,-4.695924549256556,8.240651682032007,0.006255678064784375,0.31661428012695936,0.2621213062934178,0.1234163237697965
GMB,"Gambia, The",Sub-Saharan Africa ,Low income,-0.7332373,-0.5767663,-0.7701443,-0.4463311,61.9,66.8,45.5351409912109,2574.93509664061,2556.07519528122,523.577920620354,2863.18049829859,2788.71679784457,583.067946901218,48.22539902,0.215818879031432,63.708,54.3,,1.18089454395552,60.3084479371316,44.591251373291,2.63756990432739,69.348040382066,65.4,7.853579607592068,-4.2017030805426,-3.9945242269398897,7.959688348272777,0.19541782428515492,0.10610874068070864,0.08710860573881885,0.10761786182348398
GRC,Greece,Europe & Central Asia,High income,0.3458755,0.2269435,-0.0229614,0.144625,80.6341463414634,4.0,106.290550231934,31250.2268565956,31182.9298072633,12318.0128806917,35828.1756641776,35348.3759819058,14761.6870952556,83.17066333,42.923040428409,81.2878048780488,4.3,104.228790283203,110.122978210449,97.9124374389648,103.870376586914,,98.4479598999023,100.0,10.349781914549258,-1.3862943611198906,-1.4586150226995167,10.486489892568931,3.7824390213172756,0.1367079780196736,0.1253816266535921,0.18097246154220592
GTM,Guatemala,Latin America & Caribbean ,Upper middle income,-0.9611443,-0.6922625,-0.7692412,-0.465229699999999,70.722,31.8,53.1178493302463,10126.8330566224,9855.74410327719,3048.47069488909,12144.4800461597,11588.817676861,3809.41572055692,54.40430069,5.02439029583182,71.583,26.1,54.0444773151521,16.8753678874298,86.1051592331194,51.2024295698266,3.00524997711182,81.5305646046828,99.1,9.222943918217874,-3.459466289786131,-3.261935314328648,9.40463002834687,1.795816278543526,0.1816861101289966,0.16198619689108718,0.2228357698353598
HND,Honduras,Latin America & Caribbean ,Lower middle income,-1.1939336,-0.688157399999999,-1.0955287,-0.3805097,70.46,22.7,64.5327911376953,5600.6077605497,5245.96836159365,1687.45222536011,6352.58710177732,5880.00240228793,2144.84959700096,56.88069916,4.40980164894983,71.805,18.9,51.0120391845703,18.9442917508647,85.1369630597171,71.1991729736328,6.29972793577391,79.3559764431825,94.4,8.63063039950402,-3.122364924487357,-2.9391619220655967,8.75661742651745,1.6882124284061888,0.12598702701343,0.11409731999445683,0.2398495995072567
HRV,Croatia,Europe & Central Asia,High income,0.267695,0.4012631,0.0944764999999999,0.2064496,77.1682926829268,5.2,99.3463897705078,28259.1638073948,27346.7221861726,7188.83583713687,39863.9109377649,38503.5399017011,9837.95116183897,82.07155532,27.6606739600213,77.7268292682927,4.8,104.214416503906,62.0256614685059,98.0421600341797,101.08341217041,4.50127983093262,98.413459777832,100.0,10.249173066536587,-1.6486586255873816,-1.5686159179138452,10.593226705806751,3.3555259378256053,0.3440536392701645,0.34215350782064213,0.31371822966798035
HUN,Hungary,Europe & Central Asia,High income,0.5661169,0.4322592,0.3833893,0.7676964,75.0634146341463,5.7,101.234046936035,28179.656464434,27252.1711386185,5776.46104428203,40610.9711368238,37668.7953626065,8749.40832044075,89.14282688,36.5338104764554,75.8170731707317,4.5,104.152000427246,60.6758003234863,97.8758163452148,100.345176696777,4.15359020233154,100.581687927246,100.0,10.246355594620166,-1.7404661748405046,-1.5040773967762742,10.611793534130534,3.625242139473251,0.3654379395103682,0.32369884975179986,0.4151948584711249
IDN,Indonesia,East Asia & Pacific,Upper middle income,-0.3852324,-0.257083599999999,-0.772433599999999,-0.179268799999999,68.862,29.9,80.0926818847656,9708.61182531081,9410.79829401711,1680.97454607929,13334.2653947637,13026.1344803038,2253.55713335175,66.48461277,4.82151507878823,69.953,23.8,90.9455391241064,29.0425391195214,108.012121873384,81.492919921875,3.40748000144958,104.773527897237,100.0,9.180768587657385,-3.3978584803966405,-3.169685580677429,9.498092346592028,1.7615605506810887,0.31732375893464315,0.32509989941684125,0.29313620380797634
IND,India,South Asia,Lower middle income,-0.1308812,-0.0887591,-0.5029878,-0.3740965,68.076,52.0,69.8089599609375,5303.50197767655,5245.31358329682,787.848389180434,8347.38478647086,8237.49391838955,1280.66908900788,55.9,2.35231555917724,70.068,39.0,74.6743774414062,24.9402082606779,96.9724810288294,67.4936981201172,3.8675000667572,98.5887118701809,99.2,8.576122631845719,-3.9512437185814275,-3.6635616461296463,9.029703569562734,1.209651318754894,0.4535809377170157,0.45136113439189174,0.48583227429803433
IRL,Ireland,Europe & Central Asia,High income,1.5276348,1.3719864,1.4035742,1.5219127,80.8463414634146,4.0,117.75218963623,59303.0319813561,47315.191320936,19699.8039179467,123007.47648651,84645.8475012569,23286.6675297145,95.03690338,31.5362809040128,82.1560975609756,3.5,125.027168273926,68.1972503662109,97.8153762817383,119.381332397461,5.70776987075806,97.9158935546875,100.0,10.990415713212576,-1.3862943611198906,-1.252762968495368,11.720000416950425,3.4823558022046344,0.7295847037378493,0.5816446389488945,0.1672723054817773
IRN,"Iran, Islamic Rep.","Middle East, North Africa, Afghanistan & Pakistan",Upper middle income,-0.9840127,-0.5324399,-0.98264,-1.24873909999999,75.039,17.5,82.7059326171875,15159.2948206531,19093.4748248898,2773.99422535829,16377.9610645368,16493.6231728765,2514.89818313292,81.71649933,12.2102486068411,76.396,14.4,82.7564392089844,53.9002494812012,93.8982772827148,80.8130187988281,2.93899989128113,94.4417877197266,100.0,9.626369142326416,-2.8622008809294686,-2.667228206581955,9.703691872524633,2.5809929379514776,0.07732273019821712,-0.1463728126433388,-0.0980559212999026
ISL,Iceland,Europe & Central Asia,High income,1.6910691,1.4729315,1.8243195,1.1846502,82.9170731707317,2.6,113.517669677734,58203.6379459536,51781.9043196862,25379.4665212813,66581.2441801002,66570.8597464149,30522.9941801018,97.58339691,37.4212579793667,82.6609756097561,2.7,115.741142272949,79.5824813842773,98.9558563232422,113.343231201172,7.58223009109497,98.9356918334961,100.0,10.97170313942844,-0.9555114450274363,-0.9932517730102834,11.106178197949012,3.648610899630162,0.13447505852057162,0.25122618967697896,0.1845398646968892
ISR,Israel,"Middle East, North Africa, Afghanistan & Pakistan",High income,0.8713317,1.3000012,0.7558579,1.1065081,81.7048780487805,4.3,98.0721435546875,39245.5078117687,37133.5270410774,18382.5280689845,48132.3637205177,47952.2285663321,22015.3146794002,91.85079615,29.1676695245416,82.5512195121951,3.7,98.0842971801758,64.2354736328125,101.902633666992,98.8610000610352,5.56122016906738,98.8112716674805,100.0,10.577592266005004,-1.4586150226995167,-1.308332819650179,10.78171007225928,3.406770805392661,0.2041178062542759,0.2556850217705602,0.18033768094122848
ITA,Italy,Europe & Central Asia,High income,0.5461758,0.4071077,0.1585745,0.4822093,82.2390243902439,3.8,100.449836730957,47795.9579360541,46980.2861035139,18642.1465955579,52333.3274270604,51198.5756235484,19380.042194522,85.06074504,31.19136706407,82.9463414634147,3.3,101.01001739502,62.3447418212891,99.076301574707,99.9755325317383,4.03481006622315,99.5705108642578,100.0,10.774696352896743,-1.33500106673234,-1.1939224684724346,10.86538868280361,3.471698313003857,0.09069232990686693,0.08598364269343683,0.03881882034731099
JPN,Japan,East Asia & Pacific,High income,1.3484037,1.3144799,1.4904141,1.4295254,83.0960975609756,3.1,101.049438476562,42394.9433175064,43464.8042330309,19072.2373119913,46819.360613609,48356.7423616139,19670.7493557534,84.92343147,36.8414210393741,84.099756097561,2.6,100.260749816895,62.6422691345215,,101.316276550293,3.41945004463196,,100.0,10.65478437272828,-1.1314021114911006,-0.9555114450274363,10.754052084685293,3.633404297373212,0.09926771195701356,0.10665414872127599,0.030898994295133875
KAZ,Kazakhstan,Europe & Central Asia,Upper middle income,-0.643061,-0.6199698,-0.912828,-0.3353459,69.939,16.3,99.0180187395814,28881.2417563728,25902.8719165144,5010.44651316561,33506.2614893237,32556.266295844,6080.06517886617,92.29685266,14.4739535470844,72.996,10.5,96.5061709309357,52.1525037230692,96.8598844569435,98.2057617758137,3.90163701288194,94.9615543407741,100.0,10.270947589186735,-2.791165107812717,-2.3513752571634776,10.419487610476702,2.7391581941248506,0.14854002128996768,0.22861601568976653,0.19349038061907997
KGZ,Kyrgyz Republic,Europe & Central Asia,Lower middle income,-0.934599,-0.8926853,-1.1598391,-0.499224,70.0024390243902,26.0,87.2870662875623,4993.39431683528,4192.20021564862,971.337421641733,6139.77788825006,6295.11629203318,1264.23942933946,84.1937027,5.60484304582026,71.2,20.0,89.9187538995131,45.2330629115781,96.459249517077,87.004163224052,7.38423013687134,97.2846671810339,99.7,8.51587118131289,-3.258096538021482,-2.995732273553991,8.722543845934766,1.8878031747578443,0.20667266462187506,0.40654843379547323,0.2635520716709161
KOR,"Korea, Rep.",East Asia & Pacific,High income,1.0189309,1.3333071,0.5254345,0.9288607,80.819512195122,3.8,97.3674163818359,41537.6728611117,40844.5315553826,14317.0015579628,53228.6035655365,52087.9106153372,17093.538087544,97.16855335,45.4542124182774,82.6268292682927,3.3,99.105583190918,98.286979675293,102.071601867676,97.2857513427734,,97.8568572998047,100.0,10.634356074221731,-1.33500106673234,-1.1939224684724346,10.88235119184817,3.8384671483014587,0.2479951176264379,0.24315993400952252,0.17725275127576268
KWT,Kuwait,"Middle East, North Africa, Afghanistan & Pakistan",High income,0.3272807,0.0282044,-0.1357484,0.1507128,78.3950243902439,10.0,98.6952312050305,64908.262639237,92616.9288281267,12528.5373020878,51379.8833194119,67548.9064975838,11242.0464200911,99.74729919,1.36328249349441,79.9160731707317,8.9,95.3934020996094,55.893130577116,96.5080331631458,103.851159711408,,90.5946872934493,100.0,11.080730207982,-2.302585092994046,-2.186051276738094,10.847001999727311,0.8600515397239819,-0.2337282082546892,-0.3156200654310961,-0.10834813268848897
LBN,Lebanon,"Middle East, North Africa, Afghanistan & Pakistan",Lower middle income,-0.5196035,-0.2600992,-0.938608999999999,-0.3620584,77.941,12.7,72.2122774625477,17323.3013764282,17772.6573846558,7793.77412189852,11474.7505845558,9834.37698173903,6757.91535162544,81.46479797,7.29166684799988,78.192,13.5,63.1400703776303,44.9326117621184,74.879013056623,76.1323848482182,2.14902997016907,67.3921729038641,100.0,9.759807774600803,-2.5416019934645457,-2.6026896854443837,9.347904299141833,2.1152510162458786,-0.41190347545897055,-0.5917770715161108,-0.14261076291356822
LSO,Lesotho,Sub-Saharan Africa ,Lower middle income,-0.1994631,-0.443056699999999,0.1451542,-0.5142951,48.235,81.4,59.0772018432617,2894.22705048142,2910.6226838166,828.986534290459,2577.54544127769,3037.90433602356,792.853487136375,48.06959915,0.39753117741491,53.874,70.1,59.3586515505342,10.8528418132462,81.7822316092212,68.1460800170898,,92.3154787009701,50.0,7.970473359705319,-4.399375273008495,-4.249922794040544,7.854592845717353,0.3347072352185949,-0.11588051398796573,0.04280087556216383,-0.04456546483112511
LTU,Lithuania,Europe & Central Asia,High income,0.5849095,0.7054268,0.5599732,1.0029205,73.8634146341464,5.3,106.17350769043,30932.0983180261,30160.5488971978,7580.1273884678,46642.5947251086,42158.6828207934,10914.9332445916,87.72420219,28.4400438919259,75.4804878048781,4.5,107.223350524902,79.7516326904297,101.103492736816,104.154022216797,4.78232002258301,101.871528625488,100.0,10.339549704245345,-1.667706820558076,-1.5040773967762742,10.75026945251955,3.3823557847537864,0.41071974827420554,0.334905918870648,0.36460186867070377
LUX,Luxembourg,Europe & Central Asia,High income,1.7782538,1.9034421,2.169911,1.7520668,81.3926829268293,2.7,100.609519958496,128897.403218507,93886.717646455,34413.2038465632,132570.832272626,85215.7516292555,36788.2462391847,98.24203749,38.3269581349215,82.0951219512195,2.5,106.78434753418,19.117790222168,83.7227478027344,102.334587097168,3.87815999984741,78.4026489257812,100.0,11.766772043018433,-0.9932517730102834,-0.9162907318741551,11.794872364759355,3.671910241345404,0.02810032174092214,-0.09690262906945968,0.06673807499955764
LVA,Latvia,Europe & Central Asia,High income,0.5723849,0.6097852,0.3863394,0.9299474,73.7780487804878,6.6,106.344802856445,27496.5454583635,25838.8219277182,6952.80211466819,37718.7097958367,36189.5664779537,9860.42744602837,91.03009059,25.989241189689,74.6292682926829,4.5,110.723251342773,66.6435470581055,98.5328674316406,104.845741271973,6.83852005004883,99.3118133544922,100.0,10.221815656067974,-1.8870696490323797,-1.5040773967762742,10.537911531386063,3.2954383121363238,0.3160958753180889,0.33689277160511466,0.34938475891173226
MAR,Morocco,"Middle East, North Africa, Afghanistan & Pakistan",Lower middle income,-0.3317303,-0.2011827,-0.5029325,-0.0055365,71.674,27.5,68.7358726261435,7628.64404296875,7091.02587890625,1767.2314453125,8690.4482421875,8191.8935546875,1922.63073730469,89.9,6.47150166958379,73.608,20.8,78.2157249451868,19.0472282489073,95.2821383252349,63.780614962939,5.55294838577208,89.8676963839556,100.0,8.939665394588891,-3.3141860046725258,-3.0349529867072724,9.069979798308623,2.011096005659607,0.1303144037197317,0.1443150505424171,0.08428025705786713
MDA,Moldova,Europe & Central Asia,Upper middle income,-0.360517,-0.5624904,-0.7197195,-0.286980199999999,70.344,16.2,88.1958686665424,10158.3854676883,10613.0149291761,2180.77005062463,15350.3120408391,15501.1323151411,3217.69703076582,74.91899872,26.317794331222,70.375,15.4,94.3536367146469,40.1086414991241,89.6388522870896,88.9615898046282,6.9834098815918,107.237509510525,100.0,9.226054797844236,-2.785011242238338,-2.7343675094195836,9.638891081202152,3.3075382968614595,0.41283628335791533,0.3788320023803866,0.38898784717652024
MDG,Madagascar,Sub-Saharan Africa ,Low income,-0.8274005,-0.908933,-0.612370899999999,-0.7533594,63.007,67.3,35.3920151133501,1617.79082882481,1546.32307469837,330.429230362491,1602.42805197529,1564.50368201916,327.030477336143,17.81170082,0.10748996107107,63.433,64.9,34.7709486382629,4.04987583552392,65.200329379069,34.9519919864486,2.34067010879517,63.4768871286547,36.1,7.388816811650001,-4.209160236650682,-4.1728476237100445,7.379275290423594,0.102096158400423,-0.009541521226406502,0.011688734692247849,-0.010339137936788312
MDV,Maldives,South Asia,Upper middle income,-0.531052299999999,-0.0383274,-0.7108251,-0.2539345,77.512,12.1,71.9760042609256,17390.1474995422,25393.6329290301,4026.2103989968,21357.8112511153,19561.9665085311,5111.07352500769,83.91189054,17.3997244832152,79.228,8.6,69.7419183184781,13.6843761236965,93.0855516490876,79.41343067531,3.34085988998413,94.0119760479042,100.0,9.763659089172174,-2.4932054526026954,-2.151762203259462,9.969172818306697,2.912335690764528,0.20551372913452326,-0.26091127371645584,0.23858387941208647
MEX,Mexico,Latin America & Caribbean ,Upper middle income,-0.5948829,0.198193,-0.4579567,0.2864858,74.128,17.9,90.6936187744141,20898.935720908,20642.5160979098,6686.03170106684,21391.8573698845,20650.8551069601,7095.71759431448,78.63217894,20.6070256426489,74.261,15.8,105.11018371582,29.3496494293213,106.491287231445,93.8122711181641,4.88349008560181,104.324859619141,100.0,9.947453514211718,-2.884800712846709,-2.760009940032921,9.970765631868323,3.0730185230378972,0.023312117656605125,0.0004038909355337239,0.059470916948718866
MKD,North Macedonia,Europe & Central Asia,Upper middle income,-0.1897024,-0.0959845,-0.127850599999999,0.2094252,74.9024390243903,10.4,85.8300170898438,17189.9956305456,15244.401983212,3302.95245377033,22822.2333994259,21811.9070685958,4767.18637064016,83.85030365,28.0035734605346,75.9536585365854,9.6,84.6865386962891,39.7961082458496,97.9263305664062,85.5202713012695,,94.154182434082,100.0,9.752082844191033,-2.341805806147327,-2.2617630984737906,10.035490488891147,3.3674190451722263,0.28340764470011415,0.3582436638976798,0.36693952001727403
MLI,Mali,Sub-Saharan Africa ,Low income,-0.749730799999999,-0.910092599999999,-0.666150799999999,-0.5259218,56.696,123.9,39.2758121397099,2520.52931086804,2364.26920600308,585.618464104495,2813.81095962565,2730.80294848702,667.821274553155,35.19919968,0.774220028570636,58.562,100.6,38.5485805738327,6.41861745428738,50.6166597102141,34.540257437417,2.90706992149353,45.9307980826096,53.0,7.832224202444571,-4.819474788635096,-4.611152257665639,7.94229505689098,0.5733609058303035,0.11007085444640818,0.14412671588869141,0.13135209229067968
MLT,Malta,"Middle East, North Africa, Afghanistan & Pakistan",High income,1.2523387,1.0718539,0.9075464,1.2325928,80.7463414634146,6.8,95.5169982910156,38937.1487755674,34378.7098739389,12067.4171998094,56874.4339327368,51989.5608428229,14635.8726588657,91.54062209,43.4449972737186,82.1951219512195,6.4,99.5694808959961,42.5473289489746,99.1396789550781,96.5823593139648,6.24788999557495,98.5669174194336,100.0,10.56970405527898,-1.916922612182061,-1.8562979903656263,10.94860120337272,3.7942524083530715,0.3788971480937402,0.4136054716363091,0.19296651946842402
MNE,Montenegro,Europe & Central Asia,Upper middle income,-0.0747745,-0.0931564,-0.337634999999999,0.0226967,76.3,5.5,92.6130599975586,19576.412051459,17811.9189401382,4795.30832679388,25583.3155690619,26552.7767306868,6897.91644851578,88.22192026,31.8922375082974,76.6853658536585,3.6,90.6022262573242,60.3092498779297,96.2360382080078,92.932731628418,,97.7640609741211,100.0,9.882080653708657,-1.7047480922384253,-1.2809338454620642,10.149695682412176,3.4932366879355947,0.26761502870351883,0.3992664905870029,0.36358139402186396
MNG,Mongolia,East Asia & Pacific,Upper middle income,-0.2337148,-0.5466493,-0.6058663,-0.3833453,69.500243902439,22.8,91.1776885986328,12078.9185320062,8853.20194837071,1908.85562948927,15310.4349469163,13776.9232164105,2729.77622482087,81.07720184,12.9008288504333,70.5434146341463,17.4,91.2949725153641,61.3067016601562,,94.4007186889648,5.19521999359131,90.2479881359969,100.0,9.399216941984983,-3.126760535960395,-2.856470206220483,9.636289897583026,2.6319484678864518,0.23707295559804287,0.4422157660688075,0.35771572127307394
MOZ,Mozambique,Sub-Saharan Africa ,Low income,-0.6756875,-0.557708299999999,-0.5844214,-0.505221199999999,56.46,86.5,25.6446165136399,1338.51594866104,1325.94078782905,381.198577028574,1476.73432917026,1424.43485728754,432.255915602179,18.96220016,0.197784521833894,60.148,72.0,37.2411918640137,5.19951373358179,53.1480818353267,24.0955956725326,5.5575098991394,50.6402609784983,33.2,7.19931677821332,-4.460144413937834,-4.276666119016055,7.2975883944298445,0.18047361860234706,0.09827161621652447,0.07165290764289534,0.12569737117395174
MRT,Mauritania,Sub-Saharan Africa ,Lower middle income,-0.989272199999999,-0.6504224,-0.734616199999999,-0.678852999999999,65.808,53.5,27.0638964405956,5716.25195414285,5301.33250177996,995.134484090588,6053.26178124768,5431.61520965995,1002.43755216782,42.46450043,0.415227794850191,67.088,46.2,31.7565696757394,5.49335070425997,69.462112909968,23.9687918780301,2.15821003913879,64.6629350206863,49.0,8.651068616829692,-3.979681653901961,-3.832979798087693,8.708352543138847,0.34729050389823635,0.057283926309155575,0.024278345667125834,0.0073119772232095315
MUS,Mauritius,Sub-Saharan Africa ,Upper middle income,1.0288472,0.98957,0.4410037,0.9687685,73.8634146341464,15.0,92.1094389658945,20313.0328941469,19681.676658135,6399.13953867932,25005.0666145723,24048.2005856642,7068.73188153361,75.5,26.1963906498554,74.5146341463415,15.0,92.5403344955972,40.3749497386409,92.295,94.0829963073677,3.41820001602173,91.7583952617757,100.0,9.919017973516738,-2.70805020110221,-2.70805020110221,10.126833747899537,3.3030842678004735,0.20781577438279975,0.2003720899911574,0.09951756345528828
NAM,Namibia,Sub-Saharan Africa ,Lower middle income,0.2567192,0.3978933,0.4912085,0.1789728,57.733,52.6,74.2465574610051,11266.6089486464,9766.24374361184,2731.7283887842,9953.09752403491,9964.1079591981,3282.5405292172,62.99720001,3.29190749644768,61.661,49.8,79.5334606379175,16.9048603106683,92.2283581970272,77.4235835218031,9.24281237985165,85.138912781749,56.2,9.329598669888671,-3.9627161197436642,-3.9080149840306073,9.205639090654294,1.4567312719843937,-0.12395957923437706,0.02005750855131616,0.18368315586398598
NER,Niger,Sub-Saharan Africa ,Low income,-0.6902391,-0.5898721,-0.435072099999999,-0.7242274,57.987,130.3,14.8037867184503,1411.52001409831,1470.4500329464,320.578377438695,1724.89699425215,1704.90110213072,374.67226606089,13.08749962,0.107619048674827,59.524,123.1,23.7611505662509,1.54284142561837,46.6903366933046,12.1001362710247,3.1868200302124,70.581597141664,19.5,7.252422426904609,-4.869839484130799,-4.812997033190408,7.452922614205525,0.10221271032029257,0.200500187300916,0.1479386056383687,0.15592489282171762
NIC,Nicaragua,Latin America & Caribbean ,Lower middle income,-0.832325,-0.7538922,-0.843244,-0.4036894,72.435,20.6,71.3924407958984,6275.78730248003,5929.44722576487,1337.86210750473,7277.82041652584,6522.83968192359,1579.41641086665,59.38000107,5.00781944815467,73.389,15.3,,,82.8093414306641,74.4894104003906,4.08329010009766,,86.5,8.7444542226604,-3.0252910757955354,-2.72785282839839,8.892586703029238,1.7930618621052512,0.14813248036883842,0.09537882305959222,0.16598252086860388
NLD,Netherlands,Europe & Central Asia,High income,1.7690975,1.9206541,2.0604599,1.7611187,81.1048780487805,4.2,111.448249816895,61480.8416416324,60933.9381551209,20518.5288922285,71324.0360229425,69771.9406744449,22315.8820758024,92.51968504,43.5643185557355,81.7609756097561,4.0,115.225227355957,75.8141632080078,,110.343353271484,5.36694002151489,,100.0,11.026480887240554,-1.4350845252893227,-1.3862943611198906,11.174988660714414,3.7969335064467096,0.14850777347385957,0.13544163661612885,0.08397029935937894
NOR,Norway,Europe & Central Asia,High income,1.9857425,1.9504302,2.1281645,1.8217161,81.4512195121951,3.0,112.176536560059,85925.8723352057,86174.2046063594,32523.7012622062,95109.8201605729,113022.03325745,39717.630946879,98.99997764,45.6644653158508,82.609756097561,2.5,117.301460266113,71.7047576904297,99.6578826904297,111.270492553711,7.32766008377075,99.4991607666016,100.0,11.361240253952863,-1.0986122886681098,-0.9162907318741551,11.462787504617456,3.8429829610253727,0.10154725066459314,0.27121190190551303,0.19982610040916882
NPL,Nepal,South Asia,Lower middle income,-0.594797,-1.10949989999999,-0.9736551,-0.7926961,67.364,43.7,63.1414794921875,3316.50073452021,3127.70551580836,681.354819727333,4763.38751073946,4783.95919918711,986.573277344686,45.45080185,8.51809813593178,68.74,34.2,74.4113311767578,15.4719563352624,106.135818481445,64.4251327514648,3.29737997055054,114.999533575874,91.3,8.106665510440095,-3.7773481021015445,-3.5322256440685598,8.468714356034255,2.253195053208045,0.36204884559415973,0.4249688143253074,0.3701544048688614
NZL,New Zealand,East Asia & Pacific,High income,1.8321393,1.9728103,2.1842584,1.9928169,81.4073170731707,6.0,116.826477050781,42693.4234516571,38625.2151164869,20705.8192201488,49842.9845334162,47519.6229446655,26237.1588807271,93.07289886,36.3044927893768,81.8585365853659,5.4,112.943313598633,80.388542175293,,120.056953430176,5.88539981842041,,100.0,10.661800169829204,-1.791759469228055,-1.6863989535702288,10.81663303396012,3.6191137695135773,0.15483286413091513,0.20723743579549492,0.2367619013409339
OMN,Oman,"Middle East, North Africa, Afghanistan & Pakistan",High income,0.3148844,0.0510827,-0.0252944999999999,0.8307365,78.187,11.4,110.750350631136,41964.0828578552,48982.4526736916,7194.87038682174,39780.2122774985,40663.8252383142,7983.17171767253,95.24530029,10.8833264083829,79.748,11.0,101.678019833334,35.149615885003,107.913144523685,111.024270475116,4.35383987426758,106.851876586083,100.0,10.64456936134793,-2.4336133554004498,-2.3978952727983707,10.591124888680767,2.4751362754472486,-0.05344447266716301,-0.1861232428391748,0.10396746501422349
PAK,Pakistan,"Middle East, North Africa, Afghanistan & Pakistan",Lower middle income,-1.0639182,-0.650064499999999,-1.24519539999999,-0.80848,64.883,82.0,30.6300201416016,4292.02110293486,4070.52553141191,1045.25596095578,5526.27928310213,5367.03822632174,1483.94590003261,18.935,1.28371909626329,66.223,70.1,35.3224248744451,8.33303617018241,55.1347516129538,25.7528705596924,1.97880005836487,58.712881698755,95.0,8.364513020545319,-4.406719247264253,-4.249922794040544,8.617270044036548,0.8258052966046359,0.2527570234912293,0.2765041013281806,0.35044289443918863
PAN,Panama,Latin America & Caribbean ,High income,-0.2767365,0.2315672,-0.459041,0.4723529,76.877,17.9,76.4041290283203,26926.8956928065,24575.9111846973,6322.50158294593,33915.1693306309,32507.1124194374,7761.77688621359,67.2838974,16.3861439797054,77.901,16.7,76.5998992919922,43.6626516529234,101.182405573785,79.2133026123047,3.07034993171692,90.2607415227749,95.0,10.200880905964242,-2.884800712846709,-2.8154087194227095,10.431617666162376,2.855673565981457,0.23073676019813405,0.279692166013092,0.20509633823628803
PER,Peru,Latin America & Caribbean ,Upper middle income,-0.4879551,-0.1098429,-0.3605037,0.2530528,73.979,18.5,96.4381103515625,13393.5923851679,12358.9564034184,3660.03717298078,15566.5242612563,14092.6258288217,4444.7003951373,74.67495213,9.45023631953673,75.958,15.7,101.044578552246,,96.6591262817383,92.8410034179688,2.92276000976562,94.6801528930664,96.2,9.502531691363036,-2.917770732084279,-2.7536607123542622,9.652878006847867,2.346624592464855,0.1503463154848319,0.1312706546285316,0.1942391601116089
PHL,Philippines,East Asia & Pacific,Upper middle income,-0.4882631,0.2234508,-0.633583,0.1322559,69.237,28.6,81.5640314318642,6697.55620962768,7459.37276649028,1860.6244784853,9457.10395402883,10003.4140895765,2573.21611321314,75.21114422,7.63946525096298,69.966,27.8,80.9227600097656,29.6298942276846,91.613168283387,85.4555672434059,2.66454238129968,102.472218991344,94.8,8.809497994011792,-3.353406717825807,-3.3250360206965914,9.154521479238996,2.156340688650905,0.3450234852272036,0.2934551125630769,0.32424434997307827
PLW,Palau,East Asia & Pacific,High income,1.2876229,-0.282402999999999,-0.221972099999999,-0.5026417,68.863,19.7,106.158729553223,18024.7540996872,17626.7512710842,9938.78348415601,16258.6271292912,16580.5213896537,10870.8972681922,82.56749725,6.993637029112,69.019,22.5,,67.3166885375977,115.625,109.33332824707,,,100.0,9.799501319879079,-2.9806186357439426,-3.1135153092103742,9.696378947144272,2.0786458538432133,-0.1031223727348074,-0.06118911054473841,0.08964461581938465
POL,Poland,Europe & Central Asia,High income,0.8705388,0.600245,0.8135218,0.8536768,76.7463414634146,5.4,100.56485748291,28952.9157305301,26921.7127525138,6987.81580783381,43405.0215797441,40906.8776253687,9942.08535508807,86.94113479,23.8373449056172,77.7536585365854,4.6,109.45922088623,75.0382919311523,96.8246231079102,99.8879928588867,4.83311986923218,105.238327026367,100.0,10.273426194010105,-1.6863989535702288,-1.5260563034950492,10.678330417997634,3.212348363494763,0.4049042239875291,0.41836507946556445,0.3526087593671168
PRT,Portugal,Europe & Central Asia,High income,0.8880919,0.9121335,0.7983905,0.7084467,80.3731707317073,3.7,110.253372192383,34804.6333340484,32985.1164376465,12039.2845002423,41070.8611529744,39620.2032715394,14255.6773787434,84.49690644,42.937003513367,81.4243902439025,3.6,117.235328674316,,,110.881690979004,4.94226980209351,99.4036026000977,100.0,10.457505798682986,-1.308332819650179,-1.2809338454620642,10.623054174662954,3.7827568696690204,0.1655483759799683,0.18328272909906218,0.16898022868820028
PRY,Paraguay,Latin America & Caribbean ,Upper middle income,-0.7586864,-0.764143199999999,-0.7579324,-0.4410038,73.105,24.2,82.8002090454102,12833.1801619413,11895.9360800305,3452.93611063006,15222.8920228598,14320.0933748833,4123.59060405199,76.25916611,11.1527995711537,73.45,20.5,81.8651046483746,37.6179261040957,95.9523198357184,85.5904312133789,3.66877007484436,98.1086017794463,100.0,9.459789296103393,-3.186352633162641,-3.0204248861443626,9.630555628007743,2.4975595606234555,0.17076633190434976,0.18546684619236942,0.17749937399066695
PSE,West Bank and Gaza,"Middle East, North Africa, Afghanistan & Pakistan",Lower middle income,-0.735521099999999,-0.4729661,-0.428972199999999,-0.3584232,73.722,20.3,88.0041466962408,6009.10925822042,6600.11372999957,2998.64472293705,5753.08395899307,7064.52883696801,3081.40277245752,88.64690554,7.93673083556539,75.216,16.9,89.7461522132674,47.0416991089195,92.800622648852,89.7635136812524,4.74210977554321,99.8634104171169,100.0,8.701031806598388,-3.0106208860477417,-2.8273136219290276,8.65749133070658,2.190169843960401,-0.04354047589180787,0.06799944346792763,0.027224511331429113
ROU,Romania,Europe & Central Asia,High income,0.1468062,-0.190389,-0.3587285,0.3076837,74.4121951219512,11.2,97.4503707885742,26767.4556487181,23318.3880529882,5196.77823921162,39256.8260854977,38174.338832887,8315.93469511043,85.50309124,33.2115600895132,75.209756097561,7.9,88.3843231201172,54.9534912109375,95.2439193725586,96.6138229370117,2.8234601020813,87.9936218261719,100.0,10.194942087123165,-2.4159137783010487,-2.066862759472976,10.577880621095751,3.5325636012678427,0.38293853397258637,0.49292129542943464,0.47013465285153266
RUS,Russian Federation,Europe & Central Asia,High income,-0.9650892,-0.831558799999999,-1.06889979999999,-0.4318993,70.0721951219512,9.9,95.5384826756866,35740.69921875,35821.625,5156.70849609375,38214.69140625,37167.30859375,5418.158203125,90.41799163,24.6345568628262,72.4514634146342,6.9,97.5206298303399,80.5323453975492,95.7465279088341,94.4915054288516,3.79310011863708,99.5994932363399,100.0,10.484045352560937,-2.2925347571405443,-1.9315214116032138,10.550975312444852,3.243941318674167,0.06692995988391459,0.036877812342579475,0.04945745517758482
RWA,Rwanda,Sub-Saharan Africa ,Low income,-0.3228854,-0.0899577999999999,0.4271324,-0.1555961,64.189,54.2,39.662769317627,2063.66474823031,2000.31665166464,481.70008367037,2983.10774007304,2709.36261274484,519.009468522596,28.01679993,0.349951615372613,66.14,44.7,39.6912128982215,6.70938666027303,74.8167686688917,31.5941295623779,4.42103004455566,76.0721783802394,50.6,7.632238685225579,-3.9926809084456005,-3.7999735016195233,8.000720901889006,0.30006875134332217,0.36848221666342695,0.30340791511897347,0.07460043944671835
SAU,Saudi Arabia,"Middle East, North Africa, Afghanistan & Pakistan",High income,-0.186143299999999,-0.0069961999999999,-0.1950621,0.2391932,76.09,10.8,93.0168905157466,59471.7001909394,74860.8610790596,9161.90768667959,67178.5902274906,72136.2309430535,11773.5976594858,100.0,41.8230078726101,78.721,8.0,106.244903966787,36.0444107055664,128.295324145239,93.2386305984536,,101.135118731181,100.0,10.993255851344266,-2.379546134130174,-2.0794415416798357,11.115109877942979,3.7570755252673678,0.12185402659871336,-0.03707477724801578,0.2508051183340161
SEN,Senegal,Sub-Saharan Africa ,Lower middle income,-0.2019456,-0.239959999999999,-0.2609003,-0.246143,65.229,57.6,46.4158677062967,3405.10864461668,3044.63126629733,855.760604329644,4228.73382643662,4057.99147934389,964.525046208486,56.82830048,1.40365165848276,67.059,49.4,44.4624552560012,10.2635537254668,60.0716780561883,44.9835760823554,4.77698993682861,60.8755832493715,67.9,8.133032125450994,-4.053522567701846,-3.899950424193877,8.349657895419941,0.8769891053763056,0.21662576996894778,0.287308342666055,0.1196451308955746
SLB,Solomon Islands,East Asia & Pacific,Lower middle income,-0.393768699999999,-0.8057801,-0.4011688,-1.0526396,68.961,26.2,49.0498504638672,2743.8100151451,2529.51366831693,1329.57533150999,2330.40164523401,2475.25631194149,1253.22878335218,28.01729965,0.107033208461257,69.652,24.1,,,83.7752154475999,47.6625213623047,7.47837018966675,82.8982050166357,76.0,7.917102749985665,-3.265759410767051,-3.1822118404966093,7.7537959116327935,0.10168365188653877,-0.16330683835287196,-0.021683107260915158,-0.05913634391403466
SLE,Sierra Leone,Sub-Saharan Africa ,Low income,-0.741593,-1.1025719,-0.7690941,-0.947721599999999,53.159,144.1,44.5522918701172,2792.92626459232,2755.57669685067,868.731936009132,2934.7332634039,2944.45863405397,1207.48121174402,21.50880051,0.0022731197902009,57.761,117.0,41.5312194824219,,63.9115806835227,41.3290214538574,1.77787005901337,71.6892914294423,29.4,7.934845165522331,-4.970507503005476,-4.762173934797756,7.984371846838852,0.002270540161873789,0.049526681316520715,0.06629822670753427,0.32925722219358455
SLV,El Salvador,Latin America & Caribbean ,Upper middle income,-0.8105369,-0.2629505,-0.412827599999999,0.2304693,71.42,16.7,70.8309781500769,9162.56212613508,8988.38932087287,3066.19567933469,11085.6166169553,10220.2624766011,3410.58168853659,60.05609894,9.73832698625659,71.007,13.3,66.1074423967185,28.0979076272602,97.4296095090554,71.454258159429,3.7124400138855,91.9080936191349,100.0,9.12288112665051,-2.8154087194227095,-2.5877640352277083,9.31340374675099,2.3738193028551096,0.19052262010047905,0.12843859807382785,0.10644525913014391
SRB,Serbia,Europe & Central Asia,Upper middle income,-0.2133225,-0.292617199999999,-0.392706,-0.276922499999999,74.8365853658537,7.1,94.1696166992188,17993.8147169993,16650.863785723,4111.1538606183,24651.8478183529,23002.982155743,5252.78832408601,83.53825397,29.3457941392192,75.5390243902439,5.9,95.4950866699219,53.5000305175781,98.0101623535156,96.4776000976562,4.0735502243042,99.0338668823242,100.0,9.7977833509917,-1.9600947840472698,-1.7749523509116738,10.112607138866297,3.4126579292936823,0.3148237878745963,0.3231617723663174,0.24505531118187918
STP,Sao Tome and Principe,Sub-Saharan Africa ,Lower middle income,-0.578294299999999,-0.784788199999999,-0.1592074,-0.7369156,64.505,30.4,56.3386497497559,4919.55294386577,4378.47118803547,1551.80683358597,5632.13890715047,7241.82077368423,1748.2868457646,58.56779861,2.02470117761428,67.074,19.6,90.4435729980469,7.83568000793457,96.0759963989258,59.7818183898926,6.92846012115479,85.1492385864258,78.0,8.500972940289941,-3.414442608412176,-2.975529566236472,8.63624456144539,1.1068123023435763,0.13527162115544833,0.5031730432268695,0.1192164120589343
SVK,Slovak Republic,Europe & Central Asia,High income,0.3349536,0.5189099,0.1773254,0.9748175,76.109756097561,6.6,95.0492630004883,30894.3118010926,31513.2175695412,8437.52272882786,38648.9855746919,36061.3649421849,11160.5327137017,89.06766196,33.9988127597088,77.1658536585366,6.0,91.2535934448242,57.0384407043457,95.3589324951172,95.3833312988281,3.85490989685059,94.3130111694336,100.0,10.338327361833242,-1.8870696490323797,-1.791759469228055,10.56227580722072,3.5553141397629013,0.22394844538747805,0.1348150058287434,0.27969494003455964
SVN,Slovenia,Europe & Central Asia,High income,0.7982103,0.8612844,0.6842766,0.6434133,80.1243902439024,2.9,98.1137313842773,37040.7082746106,36031.2237194182,11142.2615560649,47058.8865960028,45105.0682699673,13659.4949780627,88.91248552,32.0104972135392,81.0292682926829,2.5,114.595596313477,89.0215606689453,97.185791015625,97.7083282470703,5.6702299118042,97.4674072265625,100.0,10.51977281046203,-1.0647107369924282,-0.9162907318741551,10.75915500275801,3.496825608264211,0.2393821922959809,0.22460873060010655,0.2036896564909263
SWE,Sweden,Europe & Central Asia,High income,1.9386912,1.9998087,2.1691497,2.0214291,81.7048780487805,3.0,103.106872558594,56193.3287488246,57288.2637037663,22719.5961020654,62544.5002248644,64526.9249840875,25497.6845738855,95.00970335,40.6093424279832,82.409756097561,2.8,142.641586303711,68.742301940918,99.2811508178711,102.479888916016,7.57456016540527,100.069061279297,100.0,10.936553323298794,-1.0986122886681098,-1.0296194171811581,11.043633585968013,3.728324719649194,0.10708026266921955,0.1189867974929566,0.11535983052051257
SWZ,Eswatini,Sub-Saharan Africa ,Lower middle income,-0.6112614,-0.1872129,-0.111456099999999,-0.4144504,50.714,62.7,69.2019271850586,8645.84478287802,9245.25707616996,2200.70786206046,9927.60567008139,9160.66080107451,2201.24205840155,57.34370041,2.18530055779024,57.574,53.6,82.023935767308,6.43545771863543,81.9965564244207,66.9680328369141,5.59328219778155,100.562907735322,82.3,9.064834112588754,-4.138361447638875,-3.9815490680767565,9.20307460712719,1.1585466512250107,0.13824049453843656,-0.009192355562310794,0.0002427089600587351
SYC,Seychelles,Sub-Saharan Africa ,High income,0.1387238,0.710415,0.4106607,0.1804289,74.2756097560976,14.3,84.5009231567383,24919.955210328,24846.4496130956,9442.94954385399,27275.6883819803,27561.9668998523,11196.0074238094,84.83380127,29.8314239734867,74.3,14.7,112.311212814645,1.55593589544111,107.735247208931,84.1715316772461,2.54216003417969,140.545808966862,100.0,10.12342417556141,-2.6602595372658615,-2.6878474937846906,10.213751048952181,3.4285344287486113,0.0903268733907705,0.10372194189514872,0.1702888516959291
TCD,Chad,Sub-Saharan Africa ,Low income,-1.55651839999999,-1.31857119999999,-1.37646699999999,-1.2158533,50.765,139.3,22.1087903431339,2886.27474563619,3097.22777377212,625.911742774137,2449.48251052296,2521.28362003261,598.500061630401,11.17029953,0.0,51.875,121.4,20.5855678473561,2.21312898390939,33.992621765502,13.9380247654593,1.52493000030518,36.3982772813495,11.7,7.967721934260775,-4.93662988078576,-4.799090878625398,7.803632061033936,0.0,-0.164089873226839,-0.20573930000538265,-0.04478274720403874
TGO,Togo,Sub-Saharan Africa ,Lower middle income,-0.9141876,-1.2258191,-0.818918399999999,-0.8808248,57.953,82.9,52.7706298828125,2333.19276737886,2328.95504349905,583.967764277928,3086.40878742334,3106.58688231032,742.185184293176,35.60749817,1.03723561669214,60.145,70.4,60.769472220228,10.7079137745625,73.2405916294769,,3.37651991844177,90.8908436459446,57.2,7.7549928950027684,-4.417635062141249,-4.254193263163997,8.034763489290796,0.7115937990347907,0.27977059428802775,0.2881049702440581,0.23975300339742578
TJK,Tajikistan,Europe & Central Asia,Lower middle income,-1.227744,-0.9961009,-1.3105533,-0.952059,69.13,35.0,86.3469314575195,2700.09546037358,6091.22283687966,814.710934873903,4213.75618362687,8310.55529610808,933.489074176296,48.91429901,0.585196433548591,70.524,31.0,,22.6923599243164,94.8181762695312,78.0864105224609,4.01803016662598,91.5831604003906,100.0,7.901042407061341,-3.5553480614894135,-3.4339872044851463,8.34610973403503,0.4607083324884319,0.4450673269736889,0.31067757347272007,0.1360958895733102
TLS,Timor-Leste,East Asia & Pacific,Lower middle income,-1.1072365,-1.25753309999999,-0.807659599999999,-1.0402101,64.384,65.9,70.0278421982138,4297.91482449132,10435.3715078504,734.529489772091,5348.49182701353,5333.70530479914,845.10153034956,35.04199982,0.0100051486348815,65.898,57.3,81.1665700933061,17.7029094696045,85.7176250584385,71.6261633919338,7.16214990615845,96.6891288962737,99.7,8.365885259530824,-4.188138441508461,-4.048300623720694,8.584569898655559,0.009955428498473582,0.21868463912473501,-0.6711549661999126,0.1402266301396482
TON,Tonga,East Asia & Pacific,Upper middle income,0.0321962,-0.3144585,-0.2248143,-0.426303899999999,71.546,12.6,94.5147705078125,5908.02400699798,5703.05790548863,3587.01230475049,6811.48234641523,7010.42124852999,4401.54206926788,61.60739899,8.17387330781973,72.066,11.4,96.0933090863485,,105.914429530201,97.7831802368164,,,100.0,8.68406670711593,-2.533696813957432,-2.4336133554004498,8.826365047470427,2.2163595861624357,0.14229834035449684,0.20639528611943803,0.20463532089403458
TUN,Tunisia,"Middle East, North Africa, Afghanistan & Pakistan",Lower middle income,-0.175204,0.1317565,0.0016466,-0.1699356,74.599,18.4,87.2357025146484,12436.3958115735,12442.4525733253,2660.66373068501,12712.22345453,11848.7768613507,2970.89257975371,68.31552226,13.9309222767522,75.177,17.9,90.3264236450195,36.0693092346191,93.5545196533203,90.9749908447266,5.95086002349854,89.4080505371094,100.0,9.428382598556798,-2.91235066461494,-2.884800712846709,9.450319286297582,2.703434383035847,0.02193668774078361,-0.04888957627333035,0.1102868250856659
TZA,Tanzania,Sub-Saharan Africa ,Lower middle income,-0.435475899999999,-0.601317299999999,-0.6184419,-0.484885599999999,62.286,61.7,32.3857446198788,2822.4853515625,2673.5009765625,563.029113769531,3546.98095703125,3477.46337890625,601.654541015625,26.86059952,0.110774196881278,64.963,49.8,26.3711632016128,3.96461947161333,78.2992447768831,31.0077818769829,4.22964300342458,67.2734642386931,45.8,7.945373106129924,-4.122283930911342,-3.9080149840306073,8.173852086005686,0.10505724686964592,0.22847897987576182,0.26291427321042615,0.06635208981006091
UKR,Ukraine,Europe & Central Asia,Upper middle income,-0.6740033,-0.695914199999999,-1.2152257,-0.691518299999999,71.09,10.7,99.4775493061556,17848.740234375,14170.251953125,1779.98413085938,13787.12109375,14556.2236328125,1712.88330078125,80.47429657,17.5398140646824,73.993,8.9,86.788702271804,83.8798999891598,97.30904649924,98.4852773037302,6.44267988204956,87.5341732897487,100.0,9.789688209612203,-2.3702437414678603,-2.186051276738094,9.53149018131649,2.9199205312137626,-0.2581980282957126,0.02687380896185232,-0.038426357633886354
USA,United States,North America,High income,1.3842726,1.5288502,1.263101,1.4422743,78.7414634146342,7.0,96.1864929199219,61142.3637034265,61281.0655787944,36172.7095656303,72828.7430907189,73445.2526342405,44387.6223857286,92.72850037,37.4887954801437,78.5390243902439,6.6,98.9523391723633,88.7264175415039,,96.3090591430664,,98.8321990966797,100.0,11.020960255204994,-1.9459101490553132,-1.8870696490323797,11.195865978937524,3.6503671724475377,0.17490572373253066,0.18106935258294143,0.20465570035770497
VUT,Vanuatu,East Asia & Pacific,Lower middle income,0.3759683,0.087697,0.4102544,-0.5548316,69.898,19.7,55.240120859084,3815.41895246816,3851.47984777861,2827.47212854641,3658.51871182046,4101.49598283251,5776.55124033962,,1.1263520377197,70.5,18.3,57.2510185241699,,94.2112900688136,54.8430037539749,5.17257022857666,104.584039269184,70.0,8.246805754849818,-2.9806186357439426,-2.9069010598473755,8.20481362092641,0.7544078530977911,-0.04199213392340795,0.06289433052903348,0.7144237617021147
WSM,Samoa,East Asia & Pacific,Upper middle income,0.8353596,-0.042004,0.1793426,-0.100189099999999,71.159,18.8,82.3821348963746,6312.76944621145,6041.50366353362,2746.18707260763,6450.19151677842,6379.27087532451,3431.65195335036,,0.87753935919651,70.991,17.8,87.3532286947715,,100.718176524813,85.6477162580853,4.89170722777607,105.699919811016,98.3,8.750329757221005,-2.9338568698359038,-2.8791984572980396,8.77186510187279,0.6299620680563979,0.021535344651784527,0.05440087608166877,0.22282833376945455
ZAF,South Africa,Sub-Saharan Africa ,Upper middle income,0.0103319,0.3162949,-0.0291711999999999,0.6421404,61.737,43.1,92.1625137329102,14563.7624041032,13524.2056567294,3928.83229159546,13767.4967589936,13278.7568307297,3868.54739395135,78.29319763,3.12297476001713,65.422,35.7,105.623168945312,17.9447234835981,,95.4333724975586,5.52322006225586,92.4496153244785,86.5,9.58629169524459,-3.763522997109702,-3.5751506887855933,9.530065785726665,1.4165749319541767,-0.05622590951792539,-0.018315564004968365,-0.01546316872982878
ZWE,Zimbabwe,Sub-Saharan Africa ,Lower middle income,-1.64500499999999,-1.3576116,-1.3288997,-1.6789486,55.386,68.0,75.8648109767885,5003.50873397069,4406.21188743779,1135.8762216739,5036.78317732239,5002.43145631031,847.150259429931,36.25650024,1.62150159909829,60.263,56.7,,7.12874147164551,86.9817036365321,73.0986641244537,6.07021391405834,87.9318891782794,50.1,8.517894692101224,-4.219507705176107,-4.037774210733707,8.524522898823987,0.9637472830238901,0.006628206722762542,0.1269087476133599,-0.293281552707894
