iso3,country,region,income,rule_of_law,gov_effect,control_corrupt,reg_quality,life_exp_12,under5_mort_12,school_sec_12,gdp_pc_12,gni_pc_12,cons_pc_12,gdp_pc_22,gni_pc_22,cons_pc_22,internet_users,broadband,life_exp_17,under5_mort_17,school_sec_17,school_ter_12,prm_compl_12,school_sec_f_12,edu_exp_12
ABW,Aruba,Latin America & Caribbean ,High income,1.3458678,1.0017778,1.0288289,1.4635658,74.841,,108.976188659668,34058.3102329903,,,39083.4616398507,33931.6156843613,,,17.4862221892338,75.62,,137.829788208008,38.8641815185547,94.0547790527344,108.883651733398,6.3472900390625
AFG,Afghanistan,"Middle East, North Africa, Afghanistan & Pakistan",Low income,-1.8835503,-1.4997935,-1.635471,-1.2540947,61.735,80.8,54.372859954834,2985.31914452845,,,1981.71016810561,1979.53034931513,,15.86629963,0.0796301678593983,62.406,67.1,55.5364303588867,3.68686008453369,,38.5514297485352,2.60420989990234
AGO,Angola,Sub-Saharan Africa ,Lower middle income,-1.34388359999999,-1.0191994,-1.4394482,-1.0374151,58.916,72.0,29.6869517832747,11516.8133246588,11685.6338389901,2115.25969935925,8750.99363032299,8219.34214495565,2503.62198835161,35.83800125,0.386698155907211,62.122,57.9,54.4167987304753,9.22339720175662,49.9452277889684,22.3924407958984,3.08191085718142
ALB,Albania,Europe & Central Asia,Upper middle income,-0.402225799999999,-0.3393566,-0.8226266,-0.0835796999999999,78.084,11.2,97.6086120605469,12463.518369846,12157.2743736945,2915.64229869794,19388.7927279351,19435.9244628967,4214.49366984394,82.61367544,20.6989441252111,78.9,9.3,97.5743697537481,58.6214186004979,117.008465181901,94.2169723510742,3.29533986928598
AND,Andorra,Europe & Central Asia,High income,1.4572645,1.2684739,1.3246331,1.8084758,84.334,4.1,86.870361328125,58172.1323929474,,,63913.3835079105,63827.8799764936,,94.05169678,51.2050686907973,84.359,3.2,95.1090393066406,12.870249017038,65.1785714285714,88.2096099853516,2.56577895521486
ARE,United Arab Emirates,"Middle East, North Africa, Afghanistan & Pakistan",High income,0.3671791,1.1560961,1.0894763,0.8455589,81.913,8.4,,73644.0549928884,87539.4714982617,16839.6644924385,70075.63837395,81656.4336388835,20888.4639347089,100.0,36.8485872897377,82.388,7.0,102.184448242188,,,,
ARG,Argentina,Latin America & Caribbean ,Upper middle income,-0.5151067,0.0013935,-0.5168142,-0.841032599999999,75.802,13.3,102.709991455078,28825.9666865361,28129.1578284396,9048.43219865067,27825.0273492567,27489.2806552139,8615.72949843391,88.37535691,24.6831785056628,76.543,11.0,110.377799987793,78.1465174294761,103.663843793221,107.975830078125,5.3458399772644
ARM,Armenia,Europe & Central Asia,Upper middle income,-0.357317599999999,0.0313392,-0.6183619,0.4081354,74.119512195122,16.9,86.8721923828125,11796.2741177994,12816.5875165428,2844.87428274382,17886.1783877168,17299.2105616752,3349.26263671295,77.02767465,17.7300708049016,75.2170731707317,13.3,83.0249410833595,44.4855719494927,94.398657797139,86.4559326171875,2.77248001098633
ASM,American Samoa,East Asia & Pacific,High income,1.0430097,0.2358589,0.3885632,0.5653036,72.709,,,,,7741.63704849366,,,10346.5862498259,,,72.801,,,,,,
ATG,Antigua and Barbuda,Latin America & Caribbean ,High income,1.0299104,0.7521664,1.3246331,0.5653036,77.1,11.6,117.228363037109,25592.9066121735,,,27785.5572316838,24877.4407310146,,71.9233017,10.6818181818182,77.03,10.7,117.209930419922,25.1156271899089,114.516129032258,126.204559326172,2.13043025907083
AUS,Australia,East Asia & Pacific,High income,1.6348948,1.7045531,1.9635732,1.9300031,82.0463414634146,4.3,,54403.8836902433,53008.7315059672,31351.6162298535,60029.1329190733,59134.2886898362,32787.7648082231,96.11940002,36.3933201898066,82.5,3.8,153.576126098633,,,,
AUT,Austria,Europe & Central Asia,High income,1.7025891,1.5204181,1.3720899,1.5292054,80.9365853658537,4.0,100.108726501465,61376.6345930428,61621.6295933403,23310.5701006619,65694.4591501468,64044.8778733193,23586.7960554697,93.61409139,29.2342573265435,81.6439024390244,3.6,100.337898254395,79.5471267700195,96.4984817504883,98.1663970947266,5.51612997055054
AZE,Azerbaijan,Europe & Central Asia,Upper middle income,-0.7516124,-0.8083243,-1.1735441,-0.489390799999999,71.08,33.4,82.762274922741,19523.3737161356,,,21051.2442291612,19693.9063534123,,88.0,20.3655958095069,72.694,25.1,89.2625164667822,20.4384614704139,91.9911870008262,,2.06763005256653
BDI,Burundi,Sub-Saharan Africa ,Low income,-1.1556781,-1.1869228,-1.3979996,-0.925571199999999,58.501,79.6,29.5732898712158,999.220068163159,,206.916392868635,1028.11134640179,1024.1496375992,195.501916222688,7.144800186,0.0300650914860841,61.345,60.9,48.2243487332289,2.92052732762984,62.63929551177,25.6550006866455,6.16776990890503
BEL,Belgium,Europe & Central Asia,High income,1.313828,1.8013661,1.4862037,1.1007296,80.3853658536585,4.3,160.110534667969,56356.8251292137,57170.3204929779,20882.3699964115,62602.9270469765,61037.61190764,22392.8845296559,94.00783071,43.5657139519422,81.4926829268293,4.0,158.670288085938,69.7490615844727,,171.274078369141,6.56625986099243
BEN,Benin,Sub-Saharan Africa ,Lower middle income,-0.427510399999999,-0.5014158,-0.677392,-0.5416802,58.559,102.9,52.0378494262695,2779.7264808532,2711.01725078876,725.101517168975,3588.32519938147,3529.45354312172,804.926703638741,30.53730011,0.153072411564925,59.528,91.8,55.2945899963379,12.8605403900147,68.599967956543,41.857421875,3.56202006340027
BFA,Burkina Faso,Sub-Saharan Africa ,Low income,-0.361949099999999,-0.6191411,-0.375203,-0.246521599999999,57.457,112.3,25.2399681000378,2003.6646118745,1859.52296888015,441.088975357419,2469.19956941259,2221.6375385917,475.598883247652,25.3987999,0.214398323020291,59.578,94.1,37.1627510802261,4.33792685706514,55.8972269217297,22.4369517647316,3.60315990447998
BGD,Bangladesh,South Asia,Lower middle income,-0.9887756,-0.7988014,-1.12133289999999,-0.978781999999999,68.989,44.4,51.6718482971191,4592.04840919812,,787.89165913446,7888.16389098304,8200.66631894632,1253.10179441914,41.61650085,7.17020479104462,71.606,35.0,62.3408639225315,13.4211598649529,60.9081624899997,54.6677284240723,2.17549991607666
BGR,Bulgaria,Europe & Central Asia,High income,-0.2175182,-0.202198,-0.3572623,0.3314826,74.3146341463415,9.9,95.3903503417969,22618.8104278919,19740.9264509651,4051.13138146769,32433.6587569626,29240.0514143815,6228.25526223975,79.12686326,34.9667968772891,74.8146341463415,7.3,103.46102142334,62.1616516113281,99.5272598266602,93.2204132080078,3.47650003433227
BHR,Bahrain,"Middle East, North Africa, Afghanistan & Pakistan",High income,-0.1376475,0.3354941,0.1663109,0.8032498,79.622,8.1,98.4732914840696,54516.8406594787,60372.1642469759,11226.8481970456,57572.997981018,60432.2115752265,11101.0537462456,100.0,18.0025680504011,80.407,7.7,100.923412884105,47.6811679519633,100.101296596434,99.2605924989055,2.54483008384705
BHS,"Bahamas, The",Latin America & Caribbean ,High income,0.6533056,0.9775831,1.4817162,0.5761701,73.707,14.7,92.1807628524046,33667.5547098911,30200.1224162896,19130.6531035388,34342.9285316569,31439.7845957083,18788.0686341076,92.2559967,21.135589553703,74.031,13.7,92.6182585115999,,104.306912775968,95.0642702131211,2.30391197238935
BIH,Bosnia and Herzegovina,Europe & Central Asia,Upper middle income,-0.1318904,-0.5915425,-0.405939,-0.205219999999999,77.037,6.7,90.7853088378906,12626.9263237753,12287.8642551468,3565.4665564541,19298.117076437,18184.3402917595,4718.46787629956,78.8455371,27.3190356221695,77.385,6.8,83.668083190918,44.7015495300293,78.5472793579102,92.2725219726562,3.31473965674631
BLR,Belarus,Europe & Central Asia,Upper middle income,-0.7380981,-1.0741204,-0.3105829,-1.0299101,71.9658536585366,4.9,107.657786407767,25879.1319400701,26046.7042355954,2801.38455763416,26537.5083081674,26562.711651084,3837.21056139273,89.50733148,34.0671782490739,74.1292682926829,3.6,102.480850468241,93.4729592664074,101.548622181735,105.727632878972,4.95964002609253
BLZ,Belize,Latin America & Caribbean ,Upper middle income,-0.330874499999999,-0.268194,-0.0752991,-0.3279258,71.134,17.7,78.8095397154118,11843.4153404212,10628.1085009371,3592.23124974862,12565.3645829576,11979.4614943052,4033.04056139549,69.98329926,9.75385677359442,72.062,14.4,86.323893201399,24.0271611386785,107.9474422758,80.2218941529101,5.47351989539787
BMU,Bermuda,North America,High income,1.0430097,0.7521664,1.3246331,1.4532839,79.847,,86.2392807006836,96715.1659966888,100944.562664671,50537.2501274364,97943.0548977322,101059.64419405,46317.9073116712,,35.5804722852863,80.686,,86.8070526123047,36.9150810241699,99.4413375854492,94.1572113037109,2.38597137100485
BOL,Bolivia,Latin America & Caribbean ,Lower middle income,-1.0969326,-0.2476484,-0.698911,-0.8690743,66.586,32.3,87.0108512162742,9884.46163594645,10330.9822491155,1827.72319498425,11487.7148799194,11166.1344116242,2152.70495712999,72.62270355,10.9975247479663,67.536,23.4,89.4000212849504,,98.2205353399386,86.9054153516049,6.62799978256226
BRA,Brazil,Latin America & Caribbean ,Upper middle income,-0.0446889,-0.0055523,-0.0113872,0.1894102,74.335,17.2,94.5829467773438,18832.2195527075,18433.2615047454,5718.32815243123,18554.0461828566,17893.9462997814,5776.98016243189,80.52775094,20.9534469027015,75.383,15.4,102.989486694336,43.8344116210938,,97.6602020263672,5.85510015487671
BRB,Barbados,Latin America & Caribbean ,High income,1.1685047,1.2905412,1.4452466,0.6839117,75.737,13.5,107.300071716309,19743.57827095,,,20494.5343836936,17400.584921929,,69.06359863,37.4843261853654,76.237,12.1,109.804237365723,70.0289730657796,96.1538461538462,108.517181396484,4.58823013305664
BRN,Brunei Darussalam,East Asia & Pacific,High income,0.6338542,0.7478848,0.9671207,0.9898506,74.843,10.2,105.229759216309,89718.4636049982,107449.91920635,5871.56905207691,76357.829114996,89081.6602411593,8743.45843377284,98.97042579,19.8049937413532,74.943,10.7,88.6814727783203,22.0733509063721,103.19944598338,107.718727111816,2.88964009284973
BTN,Bhutan,South Asia,Lower middle income,0.1873333,0.5172017,0.8135637,-0.8397388,69.759,35.5,72.1302185058594,11143.9445354588,10445.1672522542,813.193089060524,14061.3120274588,12713.9113479367,1525.68984431849,88.35620117,0.631823734751842,71.413,25.8,86.5600433349609,7.60806024678839,102.1185540732,79.2052764892578,5.16565990447998
BWA,Botswana,Sub-Saharan Africa ,Upper middle income,0.7034965,0.5525088,1.0357782,0.8758155,60.384,53.9,,14957.6189142932,14710.5003209527,2582.24960489982,18647.3734588832,17942.4854614409,3117.91405949829,57.9,4.53192190474005,65.42,42.1,,21.6663608551025,102.628522670712,,8.1098729741114
CAF,Central African Republic,Sub-Saharan Africa ,Low income,-1.42836609999999,-1.4247717,-0.9511,-1.1406329,51.336,121.9,15.6197595596313,1577.98053252253,1385.26885299453,537.025154079982,1136.80171107045,1200.59438009975,494.139481411463,13.75360012,0.0160846160651184,45.231,155.2,15.8074398040772,2.77519989013672,38.6632118225098,10.7241497039795,1.98034724839473
CAN,Canada,North America,High income,1.6013849,1.9358475,1.8407404,1.7284567,81.6636585365854,5.6,110.873832702637,54034.7821680318,52628.1481788593,24063.8747863853,58583.1299860138,58472.4354961282,26983.2157980471,94.0,42.1792116530791,81.8078048780488,5.2,111.974517822266,63.603271484375,,111.17195892334,4.58899021148682
CHE,Switzerland,Europe & Central Asia,High income,1.8687984,1.9392653,2.1649502,1.8492676,82.6975609756098,4.4,98.3727416992188,76570.2378987121,82169.7870259257,43609.3533641366,85762.2829174304,84338.6402923913,45211.2536183585,96.45279694,46.6747503634479,83.5512195121951,4.1,103.900062561035,54.835620880127,96.8369369506836,96.7207107543945,4.89862012863159
CHI,Channel Islands,Europe & Central Asia,High income,,,,,81.3,,,,,,,,,,,81.0,,,,,,
CHL,Chile,Latin America & Caribbean ,High income,1.1356496,1.2838887,1.4796889,1.5473793,79.221,8.4,89.5031433105469,26676.8110154019,23942.7560713249,7742.25205712117,29560.4513805785,27294.8454747724,9734.0803844447,92.31819916,22.7901897178525,80.61,7.6,102.294822692871,75.0770721435547,97.4051208496094,91.1228790283203,4.54814004898071
CHN,China,East Asia & Pacific,Upper middle income,-0.691498899999999,-0.132009799999999,-0.5068203,-0.2489079,76.2,13.5,92.2603063015232,12217.9343813101,,2449.54831784455,21499.3125559757,20701.1336318515,4647.9634911987,75.61131603,41.3736197056022,77.235,9.3,,29.3081906903292,103.455256923166,93.6776786470658,
CIV,Cote d'Ivoire,Sub-Saharan Africa ,Lower middle income,-1.03930259999999,-1.06664579999999,-0.835052,-0.797894,56.57,95.3,40.4629922041554,4234.21187719492,2837.87849458478,975.334214846241,6272.26395760029,6034.06911113683,1372.0627457523,38.41328122,1.25179133069312,59.315,80.5,49.0863555848622,7.35426503598509,52.0747177897281,34.3625665088411,3.43445992469788
CMR,Cameroon,Sub-Saharan Africa ,Lower middle income,-1.1055169,-0.8326177,-1.2340704,-0.9033095,58.17,100.8,53.102088720007,4382.11120797355,4250.05557352004,950.594728957641,4843.65038202917,4799.08445338849,1093.62776757505,40.12559891,2.12862474053,60.817,81.9,61.4037045147156,13.5363302230835,76.2778625835293,48.7718363160742,2.60304999351502
COD,"Congo, Dem. Rep.",Sub-Saharan Africa ,Low income,-1.67236839999999,-1.5733358,-1.3730997,-1.4086777,57.35,95.9,38.8012313842773,1182.14074588327,1063.96498858496,299.655298283579,1484.33841881449,1344.40084034441,301.975431410792,17.99620056,0.0322275167366284,59.495,91.5,42.1804618835449,7.63979005813599,64.4585189819336,28.7509708404541,2.06220006942749
COG,"Congo, Rep.",Sub-Saharan Africa ,Lower middle income,-1.1966054,-1.0475415,-1.2236744,-1.1262868,62.662,57.9,50.520320892334,9079.68656400891,12235.8468823736,823.468103237167,6205.1050414034,6642.81652309485,795.589328614241,40.98669815,0.435883126454822,64.203,49.3,,9.09545040130615,72.6097717285156,46.8735198974609,2.73923061622047
COL,Colombia,Latin America & Caribbean ,Upper middle income,-0.447664299999999,-0.104984399999999,-0.4099866,0.221908,75.611,17.1,97.2326889038086,15279.4790008058,15070.197929246,3909.48756738945,18458.7209460704,18314.8219654266,5223.70349460851,72.79637855,17.007465545983,76.418,14.5,99.2193298339844,47.4669914245605,113.55069732666,101.408042907715,4.37038993835449
COM,Comoros,Sub-Saharan Africa ,Lower middle income,-1.0292356,-1.5902603,-0.7798117,-1.4250109,63.463,52.5,58.998580844006,3330.52446059187,3174.42143216605,1251.436485925,3465.8402271705,3422.90832348286,1335.5492861031,31.37409973,0.219375008990779,65.127,46.9,56.9502144763063,10.5360636883691,76.1397207901292,60.1044710048694,2.74783992767334
CPV,Cabo Verde,Sub-Saharan Africa ,Upper middle income,0.6063501,0.1117572,0.8821601,-0.0338918999999999,73.315,24.2,89.9634082592786,7397.82220702474,6634.69238621468,2006.52818610208,8850.1066918812,8615.18786438844,3019.2031245975,73.32740021,6.56769429388869,74.71,16.2,99.462782259485,19.8951290654347,95.9981429897864,99.6213363546916,5.39769575795208
CRI,Costa Rica,Latin America & Caribbean ,High income,0.4471085,0.4335446,0.670503,0.6859128,79.925,9.8,103.267303466797,19970.6856013628,19037.3309817988,7029.44863584742,25290.0087466975,23287.7713444955,8780.31772723666,82.59801121,21.7575979999075,79.994,8.9,121.514961242676,46.6885414123535,93.8234100341797,105.142471313477,6.58239984512329
CUB,Cuba,Latin America & Caribbean ,Upper middle income,-0.8796389,-0.4747673,0.4572964,-1.38237189999999,78.162,6.1,90.9268566341812,,,3638.26006658458,,,4274.94937578255,67.88410187,2.89200005063374,77.3,6.4,98.8916381409707,61.3519866952141,92.8323215407159,90.8615314533005,11.5516604913797
CUW,Curacao,Latin America & Caribbean ,High income,,,,,75.96,,86.3066389722286,32320.8770365245,,,26734.6458998921,25194.8772873394,,,32.9115972915374,76.423,,,23.0842005676443,,90.2323376007587,5.38283590387706
CYM,Cayman Islands,Latin America & Caribbean ,High income,0.836155,1.0017778,1.227067,1.2628039,77.121,,89.14686825054,73982.6781335848,,,76735.3744333338,64425.9719943355,,,56.3604363676998,78.615,,89.0140845070423,,107.35524256651,91.0924369747899,
CYP,Cyprus,Europe & Central Asia,High income,0.9610401,1.485049,1.0052242,1.0369259,81.128,2.8,95.2998504638672,39190.22265625,38502.71875,16180.09375,50840.9140625,45399.38671875,18650.390625,89.60099194,36.7656727425982,81.543,2.6,99.5133590698242,45.8635902404785,100.064140319824,96.1862869262695,6.46747016906738
CZE,Czechia,Europe & Central Asia,High income,0.8309207,0.7285974,0.4104378,0.9257526,78.0756097560976,3.2,99.7749633789062,39347.0492956846,35996.5225643813,8174.75236987474,48390.661678675,45261.4146593426,9648.55393779197,84.54009378,37.7136856539825,78.9780487804878,3.2,102.204696655273,66.9287719726562,99.4495391845703,99.93798828125,4.19049978256226
DEU,Germany,Europe & Central Asia,High income,1.6179786,1.7583687,1.6570716,1.5033775,80.5390243902439,4.0,104.442237854004,58110.3768512245,58789.00267801,22017.1853676423,63777.9291029299,64736.4702561656,23858.4036263768,91.62984383,44.6186317766404,80.9926829268293,3.8,101.095642089844,60.8984489440918,101.78581237793,101.587738037109,4.83153009414673
DJI,Djibouti,"Middle East, North Africa, Afghanistan & Pakistan",Lower middle income,-0.865352799999999,-0.768965799999999,-0.5478799,-0.689775799999999,61.719,71.3,,4469.07409933135,4378.00866176691,1254.30405033576,6180.67998594606,6144.47106926067,2362.53641850398,63.77600098,1.41245769926198,63.71,61.2,,5.16012001037598,,,6.35127551762696
DMA,Dominica,Latin America & Caribbean ,Upper middle income,0.8484471,0.6138167,0.8267117,0.521512,71.391,26.5,102.783400809717,17431.1288003063,,,17550.8009946466,15823.1205251188,,80.57980347,20.86014425523,68.62,31.1,105.625543006082,,97.7040816326531,99.9667110519308,4.52896287885139
DNK,Denmark,Europe & Central Asia,High income,1.9226675,1.9667251,2.258271,1.8221563,80.0512195121951,4.1,124.577186584473,60161.7010660256,59276.3568724695,24735.1413666129,69089.4692492289,73107.4638141139,27643.241457316,97.86011812,44.8863644064006,81.1024390243903,3.9,130.324432373047,77.7465515136719,99.650032043457,125.330131530762,7.24570989608765
DOM,Dominican Republic,Latin America & Caribbean ,Upper middle income,-0.5862733,-0.500899299999999,-0.7816871,-0.1849073,72.817,34.8,77.986106386808,15487.2776356321,14751.3854920627,4381.2539583705,22986.95808105,21983.5957507569,5993.91789998942,81.51269675,10.6744492390257,73.37,34.9,79.9406801126231,48.6290038507636,93.4557237618524,82.4110479058614,3.62818152019188
DZA,Algeria,"Middle East, North Africa, Afghanistan & Pakistan",Upper middle income,-0.820280599999999,-0.659519699999999,-0.453743099999999,-1.088001,74.609,26.6,103.184272766113,14697.5396133853,16491.4657706468,1707.89246019721,14782.2002970247,16253.345719601,1820.49086734848,74.78150177,10.3517244580598,75.431,24.0,,33.5570987119466,99.1502367628067,106.780606139925,7.02950889772261
ECU,Ecuador,Latin America & Caribbean ,Upper middle income,-1.0775133,-0.292018799999999,-0.6136706,-0.9981981,75.486,17.4,98.554801940918,12961.0267423765,13022.9767893162,3538.1468337405,14186.6388544625,13884.2540557965,3870.73576990915,69.71811356,15.1128846850944,76.22,14.4,96.1637651807361,39.2524690384971,105.295964770716,100.79842376709,4.65310001373291
EGY,"Egypt, Arab Rep.","Middle East, North Africa, Afghanistan & Pakistan",Lower middle income,-0.5396816,-0.5323164,-0.5175138,-0.5120719,69.464,28.6,73.0182495117188,13076.8052394876,13050.6852677019,2620.72625231018,16360.390775011,15840.4762475068,3223.22703957325,72.19806556,10.6832498285136,70.709,25.6,76.4337653082262,26.2271566255146,88.7850322652534,72.635009765625,
ERI,Eritrea,Sub-Saharan Africa ,Low income,-1.51498929999999,-1.3263806,-0.872825699999999,-1.8952942,64.697,51.4,52.7079315185547,,,,,,,14.34939957,0.165393390775689,66.612,43.3,44.911060333252,4.12871980667114,58.1994781494141,46.2857704162598,
ESP,Spain,Europe & Central Asia,High income,1.0835763,0.9026107,1.1056885,0.8728118,82.4268292682927,3.6,127.786712646484,41034.0481566356,40556.2586141243,14786.3178053533,46733.4809780536,45931.3224488473,15844.9953676141,94.4855432,35.7846414290159,83.2829268292683,3.2,121.1416015625,82.89208984375,96.8130035400391,128.53596496582,4.46012020111084
EST,Estonia,Europe & Central Asia,High income,1.1538371,1.0577763,1.1139136,1.458717,76.3268292682927,3.9,112.536003112793,33765.4302075072,31809.3578366116,8089.88458414138,43124.6196563775,42807.8133108938,11491.3406493715,91.52016546,39.7219150412824,78.0926829268293,2.8,113.249786376953,72.9364700317383,99.6860122680664,111.909286499023,4.67340993881226
ETH,Ethiopia,Sub-Saharan Africa ,Low income,-0.7490211,-0.4212532,-0.6106685,-0.917400999999999,61.443,74.8,36.2193489074707,1576.76875733933,1475.95212396534,359.04636592755,2655.59276743639,2633.07198194288,578.126563890489,17.9836998,0.45157652011053,64.766,58.4,33.9114221981431,7.62416982650757,49.7641323239284,34.5193099975586,5.56677007675171
FIN,Finland,Europe & Central Asia,High income,1.9912164,2.2730989,2.0890617,2.0005462,80.6268292682927,2.8,109.962677001953,53957.6680986279,52892.8163344074,23018.7245097588,57068.3056478074,57497.2948734668,23754.4256475657,92.98879471,34.2951599474189,81.6317073170732,2.4,153.583709716797,91.5533828735352,98.8572616577148,112.473762512207,7.1715497970581
FJI,Fiji,East Asia & Pacific,Upper middle income,-0.841065499999999,-0.5785579,0.0857756,-0.7927599,65.812,21.0,82.1471405029297,10140.693585539,,,12118.3182710082,9701.15241216019,,72.56549835,2.53376577893503,67.06,22.7,92.0806759919252,69.4327641990718,97.1845169067383,85.2120971679688,4.46150592221937
FRA,France,Europe & Central Asia,High income,1.2885997,1.5129077,1.4686276,1.1365688,81.9682926829268,4.1,105.813583374023,49935.6269081617,50221.1081725316,19571.7513740805,53673.8137406422,54557.2951674126,20996.6058688345,85.33331734,48.250226559098,82.5756097560976,4.2,103.756080627441,57.9090118408203,,106.117530822754,
FRO,Faroe Islands,Europe & Central Asia,High income,,,,,81.1060951219512,,,57524.5150997874,,,70268.4497197492,70785.7670753214,,,34.5873988631945,82.1062926829268,,,,,,
FSM,"Micronesia, Fed. Sts.",East Asia & Pacific,Upper middle income,0.2560216,-0.6908698,-0.0430928,-0.7847858,65.08,32.6,,3847.14743528337,,,3815.79465699672,4472.48117184765,,39.0279007,5.81818506163369,65.761,28.1,,,93.4602691801144,,11.7192291367391
GAB,Gabon,Sub-Saharan Africa ,Upper middle income,-0.469124999999999,-0.9553429,-0.6847821,-0.5270081,65.438,49.4,,19450.402706679,14124.8808622152,2479.97019218039,18662.0497970472,18810.6777887894,2226.72803014945,67.67169952,3.3054859267542,66.816,41.4,70.2639966402203,,,,3.01340007781982
GBR,United Kingdom,Europe & Central Asia,High income,1.4985203,1.5077865,1.4826832,1.6452124,80.9048780487805,4.8,92.5272903442383,48099.6594401942,46524.253531092,27171.5673801128,53979.7679116234,53217.0511178461,30378.1280542866,95.46530151,41.2867157729584,81.2560975609756,4.4,125.62979888916,59.1535682678223,,92.7410583496094,5.52529001235962
GEO,Georgia,Europe & Central Asia,Upper middle income,0.1864406,0.6137741,0.5201487,0.6933446,72.672,12.2,107.038832287684,13193.9596974054,12820.2686669995,2744.29137989429,20966.5280391134,19505.4432471983,4356.33934010645,78.71127536,28.3337075311796,73.435,10.0,109.523203664239,33.6164699594408,107.368613639482,104.884443945013,1.86033999919891
GHA,Ghana,Sub-Saharan Africa ,Lower middle income,0.1657172,0.0221723,-0.0180774,-0.0164951,61.995,60.3,56.7326017795109,5339.71321903045,4926.79355628187,1168.3136472484,6728.45413832472,6394.36377248621,1559.76735037227,69.91329956,0.62494509663475,63.829,48.2,66.6359450193038,11.4938894891938,91.3232438624479,53.1241347690324,7.91913986206055
GIB,Gibraltar,Europe & Central Asia,High income,,,,,82.527,,,,,,,,,,60.9747666781887,82.858,,132.455089820359,,,,
GIN,Guinea,Sub-Saharan Africa ,Lower middle income,-1.44435049999999,-1.2211888,-1.1535446,-1.0451097,57.117,118.4,36.8766899108887,2762.90350938513,2701.46699621718,602.085542665655,3792.01068836277,3511.05395219021,681.172689636235,31.31399918,0.0062752856838037,58.715,109.5,,10.0085697174072,60.4754981994629,28.5025997161865,1.83369994163513
GMB,"Gambia, The",Sub-Saharan Africa ,Low income,-0.7332373,-0.5767663,-0.7701443,-0.4463311,61.9,66.8,45.5351409912109,2574.93509664061,2556.07519528122,523.577920620354,2863.18049829859,2788.71679784457,583.067946901218,48.22539902,0.215818879031432,63.708,54.3,,1.18089454395552,60.3084479371316,44.591251373291,2.63756990432739
GNB,Guinea-Bissau,Sub-Saharan Africa ,Low income,-1.5652773,-1.2131091,-1.3434781,-1.3284026,58.27,103.6,,2180.74338832775,1891.38030602887,452.299408896564,2600.802474483,2551.27088177058,621.155695991111,27.67379951,0.219184822436547,61.148,85.1,,,62.643440246582,,1.8863799571991
GNQ,Equatorial Guinea,Sub-Saharan Africa ,Upper middle income,-1.2725022,-1.3207353,-1.26321779999999,-1.6259788,59.301,102.0,,35711.4919273537,31453.1714089366,3188.74656522317,16932.7706827155,14603.468867318,3159.95044057816,63.65950012,0.10069058437688,61.481,86.1,,,35.7700996398926,,
GRC,Greece,Europe & Central Asia,High income,0.3458755,0.2269435,-0.0229614,0.144625,80.6341463414634,4.0,106.290550231934,31250.2268565956,31182.9298072633,12318.0128806917,35828.1756641776,35348.3759819058,14761.6870952556,83.17066333,42.923040428409,81.2878048780488,4.3,104.228790283203,110.122978210449,97.9124374389648,103.870376586914,
GRD,Grenada,Latin America & Caribbean ,Upper middle income,0.3852277,0.5610374,0.5161195,0.2309441,74.961,16.4,106.78381256656,13161.3955324377,,,16376.4273099594,13944.1032691706,,68.42030334,29.767433903843,74.977,18.1,104.433148126256,,107.482993197279,107.174295774648,5.07225880686028
GRL,Greenland,Europe & Central Asia,High income,1.6280036,0.4645713,1.0214471,1.5006076,69.959512195122,,,62111.1033086807,,17507.2119331661,70681.2253902158,,18925.5593364834,,31.9842829076621,71.2563414634146,,,,,,
GTM,Guatemala,Latin America & Caribbean ,Upper middle income,-0.9611443,-0.6922625,-0.7692412,-0.465229699999999,70.722,31.8,53.1178493302463,10126.8330566224,9855.74410327719,3048.47069488909,12144.4800461597,11588.817676861,3809.41572055692,54.40430069,5.02439029583182,71.583,26.1,54.0444773151521,16.8753678874298,86.1051592331194,51.2024295698266,3.00524997711182
GUM,Guam,East Asia & Pacific,High income,1.0430097,-0.2804485,0.8565981,0.5653036,76.237,,,,,19193.0722968637,,,20797.7241208484,,1.8392057149776,76.463,,,,,,
GUY,Guyana,Latin America & Caribbean ,High income,-0.5748148,-0.0195935,-0.6766898,-0.624864099999999,66.443,36.0,102.622467041016,11534.9985588659,,,37068.1993827588,18312.5742917268,,76.56240082,12.9356394612219,68.543,31.4,,11.7027597427368,104.342664333917,103.891082763672,2.24131989479065
HKG,"Hong Kong SAR, China",East Asia & Pacific,High income,1.4380197,1.8817297,1.6299761,1.999236,83.450243902439,,108.257447754558,59015.3179560955,57895.3645486551,25377.2399628036,64035.6484949629,67924.2300855878,29025.4345241487,95.61357052,39.9517808600821,84.6956097560976,,106.78970984146,60.9527896995708,102.316749585406,107.646090534979,3.50960993766785
HND,Honduras,Latin America & Caribbean ,Lower middle income,-1.1939336,-0.688157399999999,-1.0955287,-0.3805097,70.46,22.7,64.5327911376953,5600.6077605497,5245.96836159365,1687.45222536011,6352.58710177732,5880.00240228793,2144.84959700096,56.88069916,4.40980164894983,71.805,18.9,51.0120391845703,18.9442917508647,85.1369630597171,71.1991729736328,6.29972793577391
HRV,Croatia,Europe & Central Asia,High income,0.267695,0.4012631,0.0944764999999999,0.2064496,77.1682926829268,5.2,99.3463897705078,28259.1638073948,27346.7221861726,7188.83583713687,39863.9109377649,38503.5399017011,9837.95116183897,82.07155532,27.6606739600213,77.7268292682927,4.8,104.214416503906,62.0256614685059,98.0421600341797,101.08341217041,4.50127983093262
HTI,Haiti,Latin America & Caribbean ,Lower middle income,-1.37638289999999,-1.59966299999999,-1.35379609999999,-1.2257236,62.273,74.6,,3266.43832519352,3109.43984962348,1283.96444445752,3029.77866381702,3156.28537767809,1366.1797120773,47.77470016,0.306790757611135,63.832,65.3,,,,,1.75226998329163
HUN,Hungary,Europe & Central Asia,High income,0.5661169,0.4322592,0.3833893,0.7676964,75.0634146341463,5.7,101.234046936035,28179.656464434,27252.1711386185,5776.46104428203,40610.9711368238,37668.7953626065,8749.40832044075,89.14282688,36.5338104764554,75.8170731707317,4.5,104.152000427246,60.6758003234863,97.8758163452148,100.345176696777,4.15359020233154
IDN,Indonesia,East Asia & Pacific,Upper middle income,-0.3852324,-0.257083599999999,-0.772433599999999,-0.179268799999999,68.862,29.9,80.0926818847656,9708.61182531081,9410.79829401711,1680.97454607929,13334.2653947637,13026.1344803038,2253.55713335175,66.48461277,4.82151507878823,69.953,23.8,90.9455391241064,29.0425391195214,108.012121873384,81.492919921875,3.40748000144958
IMN,Isle of Man,Europe & Central Asia,High income,,,,,80.007,,,,,,,,,,,80.506,,,,,,
IND,India,South Asia,Lower middle income,-0.1308812,-0.0887591,-0.5029878,-0.3740965,68.076,52.0,69.8089599609375,5303.50197767655,5245.31358329682,787.848389180434,8347.38478647086,8237.49391838955,1280.66908900788,55.9,2.35231555917724,70.068,39.0,74.6743774414062,24.9402082606779,96.9724810288294,67.4936981201172,3.8675000667572
IRL,Ireland,Europe & Central Asia,High income,1.5276348,1.3719864,1.4035742,1.5219127,80.8463414634146,4.0,117.75218963623,59303.0319813561,47315.191320936,19699.8039179467,123007.47648651,84645.8475012569,23286.6675297145,95.03690338,31.5362809040128,82.1560975609756,3.5,125.027168273926,68.1972503662109,97.8153762817383,119.381332397461,5.70776987075806
IRN,"Iran, Islamic Rep.","Middle East, North Africa, Afghanistan & Pakistan",Upper middle income,-0.9840127,-0.5324399,-0.98264,-1.24873909999999,75.039,17.5,82.7059326171875,15159.2948206531,19093.4748248898,2773.99422535829,16377.9610645368,16493.6231728765,2514.89818313292,81.71649933,12.2102486068411,76.396,14.4,82.7564392089844,53.9002494812012,93.8982772827148,80.8130187988281,2.93899989128113
IRQ,Iraq,"Middle East, North Africa, Afghanistan & Pakistan",Upper middle income,-1.4532764,-1.1168342,-1.26788219999999,-1.0140703,68.827,32.4,,13357.0143882323,15349.5531565036,2672.81784024982,13433.3977166956,15601.3118990674,2276.44561251653,78.71560926,14.4912960130678,69.788,27.5,,,,,
ISL,Iceland,Europe & Central Asia,High income,1.6910691,1.4729315,1.8243195,1.1846502,82.9170731707317,2.6,113.517669677734,58203.6379459536,51781.9043196862,25379.4665212813,66581.2441801002,66570.8597464149,30522.9941801018,97.58339691,37.4212579793667,82.6609756097561,2.7,115.741142272949,79.5824813842773,98.9558563232422,113.343231201172,7.58223009109497
ISR,Israel,"Middle East, North Africa, Afghanistan & Pakistan",High income,0.8713317,1.3000012,0.7558579,1.1065081,81.7048780487805,4.3,98.0721435546875,39245.5078117687,37133.5270410774,18382.5280689845,48132.3637205177,47952.2285663321,22015.3146794002,91.85079615,29.1676695245416,82.5512195121951,3.7,98.0842971801758,64.2354736328125,101.902633666992,98.8610000610352,5.56122016906738
ITA,Italy,Europe & Central Asia,High income,0.5461758,0.4071077,0.1585745,0.4822093,82.2390243902439,3.8,100.449836730957,47795.9579360541,46980.2861035139,18642.1465955579,52333.3274270604,51198.5756235484,19380.042194522,85.06074504,31.19136706407,82.9463414634147,3.3,101.01001739502,62.3447418212891,99.076301574707,99.9755325317383,4.03481006622315
JAM,Jamaica,Latin America & Caribbean ,Upper middle income,-0.356012799999999,0.1538521,-0.2406003,-0.0021633,72.405,18.9,85.4017870483818,9829.03510015044,,,11096.6377085321,10157.180681203,,85.84329987,14.9601781381994,71.879,18.7,84.2369432325225,27.0686781072538,98.7622320011252,88.0026753615918,6.1124701499939
JOR,Jordan,"Middle East, North Africa, Afghanistan & Pakistan",Upper middle income,0.1782421,0.2203515,0.0948384999999999,0.1819511,74.087,17.9,87.2317581176758,12104.1217423938,,,10158.4738771524,10010.607064714,,90.4999984,7.0736531298176,76.071,15.7,88.8758288897009,43.9161464129347,89.2482191565769,89.996940612793,3.63716008451231
JPN,Japan,East Asia & Pacific,High income,1.3484037,1.3144799,1.4904141,1.4295254,83.0960975609756,3.1,101.049438476562,42394.9433175064,43464.8042330309,19072.2373119913,46819.360613609,48356.7423616139,19670.7493557534,84.92343147,36.8414210393741,84.099756097561,2.6,100.260749816895,62.6422691345215,,101.316276550293,3.41945004463196
KAZ,Kazakhstan,Europe & Central Asia,Upper middle income,-0.643061,-0.6199698,-0.912828,-0.3353459,69.939,16.3,99.0180187395814,28881.2417563728,25902.8719165144,5010.44651316561,33506.2614893237,32556.266295844,6080.06517886617,92.29685266,14.4739535470844,72.996,10.5,96.5061709309357,52.1525037230692,96.8598844569435,98.2057617758137,3.90163701288194
KEN,Kenya,Sub-Saharan Africa ,Lower middle income,-0.7864458,-0.468612,-0.974947799999999,-0.512205399999999,61.537,50.7,,4387.93790075409,3725.7593132601,1030.44291617998,5491.69378280246,5400.65956111314,1253.7799941936,29.40589905,1.47646942688922,62.725,44.7,74.4698594945796,,98.9917446562973,,4.93122005462646
KGZ,Kyrgyz Republic,Europe & Central Asia,Lower middle income,-0.934599,-0.8926853,-1.1598391,-0.499224,70.0024390243902,26.0,87.2870662875623,4993.39431683528,4192.20021564862,971.337421641733,6139.77788825006,6295.11629203318,1264.23942933946,84.1937027,5.60484304582026,71.2,20.0,89.9187538995131,45.2330629115781,96.459249517077,87.004163224052,7.38423013687134
KHM,Cambodia,East Asia & Pacific,Lower middle income,-1.0805729,-0.7009489,-1.1374421,-0.516539899999999,68.371,37.2,,4159.16354123446,3671.61577347595,1009.36009526058,6458.3681488084,6196.88154895748,1278.33805790324,65.49079895,2.9638308346303,69.842,25.6,48.9424458707368,11.4902860215331,91.9260955834766,,1.23062002658844
KIR,Kiribati,East Asia & Pacific,Lower middle income,0.3571933,-0.684930399999999,0.145384,-1.1799003,65.908,57.4,,2242.30105765006,3099.10926485171,1186.51607025331,3127.17745381556,4579.46376369772,2250.25124342944,84.99849701,0.0689819037472503,65.787,59.6,,,100.86692674469,,12.499488
KNA,St. Kitts and Nevis,Latin America & Caribbean ,High income,0.9630767,1.2684739,1.3246331,1.2756878,71.362,19.1,92.2169189453125,25114.0572603244,,,29749.8700864823,26038.3038799962,,75.76229858,46.7447387013209,71.284,19.0,119.603784742756,90.9599990844727,112.73885345459,92.7716827392578,2.49200145387318
KOR,"Korea, Rep.",East Asia & Pacific,High income,1.0189309,1.3333071,0.5254345,0.9288607,80.819512195122,3.8,97.3674163818359,41537.6728611117,40844.5315553826,14317.0015579628,53228.6035655365,52087.9106153372,17093.538087544,97.16855335,45.4542124182774,82.6268292682927,3.3,99.105583190918,98.286979675293,102.071601867676,97.2857513427734,
KWT,Kuwait,"Middle East, North Africa, Afghanistan & Pakistan",High income,0.3272807,0.0282044,-0.1357484,0.1507128,78.3950243902439,10.0,98.6952312050305,64908.262639237,92616.9288281267,12528.5373020878,51379.8833194119,67548.9064975838,11242.0464200911,99.74729919,1.36328249349441,79.9160731707317,8.9,95.3934020996094,55.893130577116,96.5080331631458,103.851159711408,
LAO,Lao PDR,East Asia & Pacific,Lower middle income,-0.8974981,-0.8376374,-1.14478789999999,-0.8473352,65.126,52.1,49.0350189208984,5608.96956337059,,1374.16004009223,8183.03286472653,7620.24843935199,,64.54000092,2.38186047453058,67.345,40.2,66.0411073482017,17.330766926856,92.3112588922596,45.525951385498,1.82147002220154
LBN,Lebanon,"Middle East, North Africa, Afghanistan & Pakistan",Lower middle income,-0.5196035,-0.2600992,-0.938608999999999,-0.3620584,77.941,12.7,72.2122774625477,17323.3013764282,17772.6573846558,7793.77412189852,11474.7505845558,9834.37698173903,6757.91535162544,81.46479797,7.29166684799988,78.192,13.5,63.1400703776303,44.9326117621184,74.879013056623,76.1323848482182,2.14902997016907
LBR,Liberia,Sub-Saharan Africa ,Low income,-0.8335786,-0.881558299999999,-0.4732171,-1.05962469999999,59.785,99.5,43.64794921875,1668.97289588776,,,1578.99837069175,1445.63545247323,,30.38010025,0.274673226516174,60.777,90.3,36.3728485107422,10.838520055325,63.4159310858237,38.8059883117676,1.77711999416351
LBY,Libya,"Middle East, North Africa, Afghanistan & Pakistan",Upper middle income,-1.0379947,-1.3979031,-1.1136811,-1.34726909999999,72.188,15.0,,20601.0026641,24319.7759899466,3661.62900839272,11450.0598552928,13923.7245048933,2387.34731804898,80.64720154,4.51840823499527,72.721,12.4,,,,,
LCA,St. Lucia,Latin America & Caribbean ,Upper middle income,0.8356167,0.8304307,1.1696019,0.570824,72.86,18.8,93.3481292724609,21309.2251296295,,,22811.2524480383,18660.5207279113,,66.95159912,13.571912004072,72.522,18.5,88.9026336669922,10.2734699249268,95.1162033081055,94.1647262573242,3.29098010063171
LIE,Liechtenstein,Europe & Central Asia,High income,1.5897692,1.7137852,1.7604274,1.7419622,82.3829268292683,,110.373863220215,,,,,,,97.88069916,48.9304880840349,83.7463414634147,,117.094329833984,42.4966812133789,102.238807678223,101.465690612793,2.55604004859924
LKA,Sri Lanka,South Asia,Upper middle income,-0.1436392,-0.1739743,-0.3066483,0.0071890999999999,75.187,10.3,94.6744689941406,11447.6937737782,,,13249.0650505201,12617.5690585809,2671.312187913,48.3,9.63609972688813,76.239,7.9,94.0418660922689,16.322805343317,95.3066194884577,97.1849975585938,1.45343005657196
LSO,Lesotho,Sub-Saharan Africa ,Lower middle income,-0.1994631,-0.443056699999999,0.1451542,-0.5142951,48.235,81.4,59.0772018432617,2894.22705048142,2910.6226838166,828.986534290459,2577.54544127769,3037.90433602356,792.853487136375,48.06959915,0.39753117741491,53.874,70.1,59.3586515505342,10.8528418132462,81.7822316092212,68.1460800170898,
LTU,Lithuania,Europe & Central Asia,High income,0.5849095,0.7054268,0.5599732,1.0029205,73.8634146341464,5.3,106.17350769043,30932.0983180261,30160.5488971978,7580.1273884678,46642.5947251086,42158.6828207934,10914.9332445916,87.72420219,28.4400438919259,75.4804878048781,4.5,107.223350524902,79.7516326904297,101.103492736816,104.154022216797,4.78232002258301
LUX,Luxembourg,Europe & Central Asia,High income,1.7782538,1.9034421,2.169911,1.7520668,81.3926829268293,2.7,100.609519958496,128897.403218507,93886.717646455,34413.2038465632,132570.832272626,85215.7516292555,36788.2462391847,98.24203749,38.3269581349215,82.0951219512195,2.5,106.78434753418,19.117790222168,83.7227478027344,102.334587097168,3.87815999984741
LVA,Latvia,Europe & Central Asia,High income,0.5723849,0.6097852,0.3863394,0.9299474,73.7780487804878,6.6,106.344802856445,27496.5454583635,25838.8219277182,6952.80211466819,37718.7097958367,36189.5664779537,9860.42744602837,91.03009059,25.989241189689,74.6292682926829,4.5,110.723251342773,66.6435470581055,98.5328674316406,104.845741271973,6.83852005004883
MAC,"Macao SAR, China",East Asia & Pacific,High income,0.6059678,0.6871473,0.0415248,1.4297193,82.4707317073171,,97.4283454689247,164239.261923457,119438.619623123,18312.0963078918,59921.441691873,70515.8756834536,17128.4607158344,89.48549652,29.6066193799726,83.5268292682927,,97.4219858156028,53.9347408829175,101.942196531792,96.9751489935905,3.32516002655029
MAF,St. Martin (French part),Latin America & Caribbean ,High income,,,,,79.302,,,,,,,,,,,78.762,,,,,,
MAR,Morocco,"Middle East, North Africa, Afghanistan & Pakistan",Lower middle income,-0.3317303,-0.2011827,-0.5029325,-0.0055365,71.674,27.5,68.7358726261435,7628.64404296875,7091.02587890625,1767.2314453125,8690.4482421875,8191.8935546875,1922.63073730469,89.9,6.47150166958379,73.608,20.8,78.2157249451868,19.0472282489073,95.2821383252349,63.780614962939,5.55294838577208
MCO,Monaco,Europe & Central Asia,High income,1.2690986,,,,85.045,3.8,,,,,,,,98.75189972,55.2284811589736,85.878,3.3,153.586303710938,,,,1.78004002571106
MDA,Moldova,Europe & Central Asia,Upper middle income,-0.360517,-0.5624904,-0.7197195,-0.286980199999999,70.344,16.2,88.1958686665424,10158.3854676883,10613.0149291761,2180.77005062463,15350.3120408391,15501.1323151411,3217.69703076582,74.91899872,26.317794331222,70.375,15.4,94.3536367146469,40.1086414991241,89.6388522870896,88.9615898046282,6.9834098815918
MDG,Madagascar,Sub-Saharan Africa ,Low income,-0.8274005,-0.908933,-0.612370899999999,-0.7533594,63.007,67.3,35.3920151133501,1617.79082882481,1546.32307469837,330.429230362491,1602.42805197529,1564.50368201916,327.030477336143,17.81170082,0.10748996107107,63.433,64.9,34.7709486382629,4.04987583552392,65.200329379069,34.9519919864486,2.34067010879517
MDV,Maldives,South Asia,Upper middle income,-0.531052299999999,-0.0383274,-0.7108251,-0.2539345,77.512,12.1,71.9760042609256,17390.1474995422,25393.6329290301,4026.2103989968,21357.8112511153,19561.9665085311,5111.07352500769,83.91189054,17.3997244832152,79.228,8.6,69.7419183184781,13.6843761236965,93.0855516490876,79.41343067531,3.34085988998413
MEX,Mexico,Latin America & Caribbean ,Upper middle income,-0.5948829,0.198193,-0.4579567,0.2864858,74.128,17.9,90.6936187744141,20898.935720908,20642.5160979098,6686.03170106684,21391.8573698845,20650.8551069601,7095.71759431448,78.63217894,20.6070256426489,74.261,15.8,105.11018371582,29.3496494293213,106.491287231445,93.8122711181641,4.88349008560181
MHL,Marshall Islands,East Asia & Pacific,Upper middle income,0.6261616,-1.23423859999999,-0.1763141,-1.0600603,64.776,37.8,,4244.58812838612,4807.50281058125,2715.63818821836,6937.75357050514,7623.20474317742,4181.71769344013,64.26719666,2.35047533498016,65.673,33.2,84.9683299860961,29.3663060278207,90.9566517189836,,
MKD,North Macedonia,Europe & Central Asia,Upper middle income,-0.1897024,-0.0959845,-0.127850599999999,0.2094252,74.9024390243903,10.4,85.8300170898438,17189.9956305456,15244.401983212,3302.95245377033,22822.2333994259,21811.9070685958,4767.18637064016,83.85030365,28.0035734605346,75.9536585365854,9.6,84.6865386962891,39.7961082458496,97.9263305664062,85.5202713012695,
MLI,Mali,Sub-Saharan Africa ,Low income,-0.749730799999999,-0.910092599999999,-0.666150799999999,-0.5259218,56.696,123.9,39.2758121397099,2520.52931086804,2364.26920600308,585.618464104495,2813.81095962565,2730.80294848702,667.821274553155,35.19919968,0.774220028570636,58.562,100.6,38.5485805738327,6.41861745428738,50.6166597102141,34.540257437417,2.90706992149353
MLT,Malta,"Middle East, North Africa, Afghanistan & Pakistan",High income,1.2523387,1.0718539,0.9075464,1.2325928,80.7463414634146,6.8,95.5169982910156,38937.1487755674,34378.7098739389,12067.4171998094,56874.4339327368,51989.5608428229,14635.8726588657,91.54062209,43.4449972737186,82.1951219512195,6.4,99.5694808959961,42.5473289489746,99.1396789550781,96.5823593139648,6.24788999557495
MMR,Myanmar,East Asia & Pacific,Lower middle income,-1.43519509999999,-1.5557382,-1.3191853,-1.76311659999999,64.251,57.0,57.1178512573242,4340.99945069174,,,5350.47666899931,5096.69887498233,,45.4477005,2.09694638185872,65.909,46.8,72.3457412719727,13.7377004623413,93.7378997802734,58.9736404418945,0.787440001964569
MNE,Montenegro,Europe & Central Asia,Upper middle income,-0.0747745,-0.0931564,-0.337634999999999,0.0226967,76.3,5.5,92.6130599975586,19576.412051459,17811.9189401382,4795.30832679388,25583.3155690619,26552.7767306868,6897.91644851578,88.22192026,31.8922375082974,76.6853658536585,3.6,90.6022262573242,60.3092498779297,96.2360382080078,92.932731628418,
MNG,Mongolia,East Asia & Pacific,Upper middle income,-0.2337148,-0.5466493,-0.6058663,-0.3833453,69.500243902439,22.8,91.1776885986328,12078.9185320062,8853.20194837071,1908.85562948927,15310.4349469163,13776.9232164105,2729.77622482087,81.07720184,12.9008288504333,70.5434146341463,17.4,91.2949725153641,61.3067016601562,,94.4007186889648,5.19521999359131
MNP,Northern Mariana Islands,East Asia & Pacific,High income,,,,,77.566,,,,,8236.28602867435,,,13900.7534814644,,,77.47,,,,,,
MOZ,Mozambique,Sub-Saharan Africa ,Low income,-0.6756875,-0.557708299999999,-0.5844214,-0.505221199999999,56.46,86.5,25.6446165136399,1338.51594866104,1325.94078782905,381.198577028574,1476.73432917026,1424.43485728754,432.255915602179,18.96220016,0.197784521833894,60.148,72.0,37.2411918640137,5.19951373358179,53.1480818353267,24.0955956725326,5.5575098991394
MRT,Mauritania,Sub-Saharan Africa ,Lower middle income,-0.989272199999999,-0.6504224,-0.734616199999999,-0.678852999999999,65.808,53.5,27.0638964405956,5716.25195414285,5301.33250177996,995.134484090588,6053.26178124768,5431.61520965995,1002.43755216782,42.46450043,0.415227794850191,67.088,46.2,31.7565696757394,5.49335070425997,69.462112909968,23.9687918780301,2.15821003913879
MUS,Mauritius,Sub-Saharan Africa ,Upper middle income,1.0288472,0.98957,0.4410037,0.9687685,73.8634146341464,15.0,92.1094389658945,20313.0328941469,19681.676658135,6399.13953867932,25005.0666145723,24048.2005856642,7068.73188153361,75.5,26.1963906498554,74.5146341463415,15.0,92.5403344955972,40.3749497386409,92.295,94.0829963073677,3.41820001602173
MWI,Malawi,Sub-Saharan Africa ,Low income,-0.2988361,-0.5762271,-0.4934439,-0.7275328,59.87,67.9,34.8210140987042,1518.14803849238,,,1659.95933825168,1565.59459249644,,16.84830093,0.0724060330808983,63.914,53.8,39.6154222954854,0.838820281170415,73.5430368466405,32.3157881419039,2.52861185625253
MYS,Malaysia,East Asia & Pacific,Upper middle income,0.2392426,0.8762495,0.1532346,0.754922,75.552,8.0,81.2371978759766,25006.3587781537,,4507.07130221607,32129.2217820113,31100.9023035818,6718.40374028937,97.3986404,12.1753566089982,75.542,8.2,78.8863677978516,36.825516807355,104.016576005483,84.8274688720703,5.73902988433838
NAM,Namibia,Sub-Saharan Africa ,Lower middle income,0.2567192,0.3978933,0.4912085,0.1789728,57.733,52.6,74.2465574610051,11266.6089486464,9766.24374361184,2731.7283887842,9953.09752403491,9964.1079591981,3282.5405292172,62.99720001,3.29190749644768,61.661,49.8,79.5334606379175,16.9048603106683,92.2283581970272,77.4235835218031,9.24281237985165
NCL,New Caledonia,East Asia & Pacific,High income,,,,,76.615,,,,,,,,,,19.372882005273,77.504,,,,,,
NER,Niger,Sub-Saharan Africa ,Low income,-0.6902391,-0.5898721,-0.435072099999999,-0.7242274,57.987,130.3,14.8037867184503,1411.52001409831,1470.4500329464,320.578377438695,1724.89699425215,1704.90110213072,374.67226606089,13.08749962,0.107619048674827,59.524,123.1,23.7611505662509,1.54284142561837,46.6903366933046,12.1001362710247,3.1868200302124
NGA,Nigeria,Sub-Saharan Africa ,Lower middle income,-1.0854852,-0.9699142,-1.1466737,-0.752841499999999,51.688,121.6,44.4557914733887,8265.90551181051,,,7752.26206495247,7481.5563481912,,39.14720154,0.0433814077089791,52.397,117.2,40.4885292053223,9.74153350922586,70.164909362793,42.4270210266113,0.549233086121929
NIC,Nicaragua,Latin America & Caribbean ,Lower middle income,-0.832325,-0.7538922,-0.843244,-0.4036894,72.435,20.6,71.3924407958984,6275.78730248003,5929.44722576487,1337.86210750473,7277.82041652584,6522.83968192359,1579.41641086665,59.38000107,5.00781944815467,73.389,15.3,,,82.8093414306641,74.4894104003906,4.08329010009766
NLD,Netherlands,Europe & Central Asia,High income,1.7690975,1.9206541,2.0604599,1.7611187,81.1048780487805,4.2,111.448249816895,61480.8416416324,60933.9381551209,20518.5288922285,71324.0360229425,69771.9406744449,22315.8820758024,92.51968504,43.5643185557355,81.7609756097561,4.0,115.225227355957,75.8141632080078,,110.343353271484,5.36694002151489
NOR,Norway,Europe & Central Asia,High income,1.9857425,1.9504302,2.1281645,1.8217161,81.4512195121951,3.0,112.176536560059,85925.8723352057,86174.2046063594,32523.7012622062,95109.8201605729,113022.03325745,39717.630946879,98.99997764,45.6644653158508,82.609756097561,2.5,117.301460266113,71.7047576904297,99.6578826904297,111.270492553711,7.32766008377075
NPL,Nepal,South Asia,Lower middle income,-0.594797,-1.10949989999999,-0.9736551,-0.7926961,67.364,43.7,63.1414794921875,3316.50073452021,3127.70551580836,681.354819727333,4763.38751073946,4783.95919918711,986.573277344686,45.45080185,8.51809813593178,68.74,34.2,74.4113311767578,15.4719563352624,106.135818481445,64.4251327514648,3.29737997055054
NRU,Naoero,East Asia & Pacific,High income,1.1969132,-0.282402999999999,0.0871205999999999,-0.778552999999999,60.533,22.7,83.1134567260742,9640.80144364362,,,12019.3492868791,19279.0932271921,,83.22660065,9.95678332344717,61.101,14.4,78.6677169799805,,97.6076583862305,81.6326522827148,4.47278425925926
NZL,New Zealand,East Asia & Pacific,High income,1.8321393,1.9728103,2.1842584,1.9928169,81.4073170731707,6.0,116.826477050781,42693.4234516571,38625.2151164869,20705.8192201488,49842.9845334162,47519.6229446655,26237.1588807271,93.07289886,36.3044927893768,81.8585365853659,5.4,112.943313598633,80.388542175293,,120.056953430176,5.88539981842041
OMN,Oman,"Middle East, North Africa, Afghanistan & Pakistan",High income,0.3148844,0.0510827,-0.0252944999999999,0.8307365,78.187,11.4,110.750350631136,41964.0828578552,48982.4526736916,7194.87038682174,39780.2122774985,40663.8252383142,7983.17171767253,95.24530029,10.8833264083829,79.748,11.0,101.678019833334,35.149615885003,107.913144523685,111.024270475116,4.35383987426758
PAK,Pakistan,"Middle East, North Africa, Afghanistan & Pakistan",Lower middle income,-1.0639182,-0.650064499999999,-1.24519539999999,-0.80848,64.883,82.0,30.6300201416016,4292.02110293486,4070.52553141191,1045.25596095578,5526.27928310213,5367.03822632174,1483.94590003261,18.935,1.28371909626329,66.223,70.1,35.3224248744451,8.33303617018241,55.1347516129538,25.7528705596924,1.97880005836487
PAN,Panama,Latin America & Caribbean ,High income,-0.2767365,0.2315672,-0.459041,0.4723529,76.877,17.9,76.4041290283203,26926.8956928065,24575.9111846973,6322.50158294593,33915.1693306309,32507.1124194374,7761.77688621359,67.2838974,16.3861439797054,77.901,16.7,76.5998992919922,43.6626516529234,101.182405573785,79.2133026123047,3.07034993171692
PER,Peru,Latin America & Caribbean ,Upper middle income,-0.4879551,-0.1098429,-0.3605037,0.2530528,73.979,18.5,96.4381103515625,13393.5923851679,12358.9564034184,3660.03717298078,15566.5242612563,14092.6258288217,4444.7003951373,74.67495213,9.45023631953673,75.958,15.7,101.044578552246,,96.6591262817383,92.8410034179688,2.92276000976562
PHL,Philippines,East Asia & Pacific,Upper middle income,-0.4882631,0.2234508,-0.633583,0.1322559,69.237,28.6,81.5640314318642,6697.55620962768,7459.37276649028,1860.6244784853,9457.10395402883,10003.4140895765,2573.21611321314,75.21114422,7.63946525096298,69.966,27.8,80.9227600097656,29.6298942276846,91.613168283387,85.4555672434059,2.66454238129968
PLW,Palau,East Asia & Pacific,High income,1.2876229,-0.282402999999999,-0.221972099999999,-0.5026417,68.863,19.7,106.158729553223,18024.7540996872,17626.7512710842,9938.78348415601,16258.6271292912,16580.5213896537,10870.8972681922,82.56749725,6.993637029112,69.019,22.5,,67.3166885375977,115.625,109.33332824707,
PNG,Papua New Guinea,East Asia & Pacific,Lower middle income,-0.7227231,-0.6577442,-1.0036539,-0.5009861,63.639,56.1,37.0596555013801,3577.91014722774,,,4126.03032145403,3735.26340171249,,18.25659943,0.214639196900492,64.923,48.9,44.5501121213216,,71.0769949238443,32.6879479913319,
POL,Poland,Europe & Central Asia,High income,0.8705388,0.600245,0.8135218,0.8536768,76.7463414634146,5.4,100.56485748291,28952.9157305301,26921.7127525138,6987.81580783381,43405.0215797441,40906.8776253687,9942.08535508807,86.94113479,23.8373449056172,77.7536585365854,4.6,109.45922088623,75.0382919311523,96.8246231079102,99.8879928588867,4.83311986923218
PRI,Puerto Rico (US),Latin America & Caribbean ,High income,0.7748459,0.2495152,0.5734808,1.1179384,79.258,,86.5407180786133,41347.4542013586,,17297.1069975698,42310.8139725719,27956.4626455094,25431.7956419241,87.29178106,22.2824477131524,79.07,,88.8774795532227,94.0074751455172,,88.7678070068359,6.48106002807617
PRK,"Korea, Dem. People's Rep.",East Asia & Pacific,Low income,-1.5216162,-1.80483479999999,-1.27135319999999,-2.4263935,71.317,25.7,,,,,,,,,,73.034,19.1,94.2515411376953,29.8180599212646,,,
PRT,Portugal,Europe & Central Asia,High income,0.8880919,0.9121335,0.7983905,0.7084467,80.3731707317073,3.7,110.253372192383,34804.6333340484,32985.1164376465,12039.2845002423,41070.8611529744,39620.2032715394,14255.6773787434,84.49690644,42.937003513367,81.4243902439025,3.6,117.235328674316,,,110.881690979004,4.94226980209351
PRY,Paraguay,Latin America & Caribbean ,Upper middle income,-0.7586864,-0.764143199999999,-0.7579324,-0.4410038,73.105,24.2,82.8002090454102,12833.1801619413,11895.9360800305,3452.93611063006,15222.8920228598,14320.0933748833,4123.59060405199,76.25916611,11.1527995711537,73.45,20.5,81.8651046483746,37.6179261040957,95.9523198357184,85.5904312133789,3.66877007484436
PSE,West Bank and Gaza,"Middle East, North Africa, Afghanistan & Pakistan",Lower middle income,-0.735521099999999,-0.4729661,-0.428972199999999,-0.3584232,73.722,20.3,88.0041466962408,6009.10925822042,6600.11372999957,2998.64472293705,5753.08395899307,7064.52883696801,3081.40277245752,88.64690554,7.93673083556539,75.216,16.9,89.7461522132674,47.0416991089195,92.800622648852,89.7635136812524,4.74210977554321
PYF,French Polynesia,East Asia & Pacific,High income,,,,,81.695,,,,,,,,,,27.914458338386,82.774,,,,,,
QAT,Qatar,"Middle East, North Africa, Afghanistan & Pakistan",High income,0.7277942,0.9747888,1.1558661,0.9514299,80.499,8.7,98.6139808267348,147077.406092637,,16546.2329854047,114740.12361423,115036.573456824,13470.095220045,98.03800201,12.6414412670206,82.458,7.1,101.989694099425,12.2866942772156,94.7919201752251,102.69592476489,3.50744009017944
ROU,Romania,Europe & Central Asia,High income,0.1468062,-0.190389,-0.3587285,0.3076837,74.4121951219512,11.2,97.4503707885742,26767.4556487181,23318.3880529882,5196.77823921162,39256.8260854977,38174.338832887,8315.93469511043,85.50309124,33.2115600895132,75.209756097561,7.9,88.3843231201172,54.9534912109375,95.2439193725586,96.6138229370117,2.8234601020813
RUS,Russian Federation,Europe & Central Asia,High income,-0.9650892,-0.831558799999999,-1.06889979999999,-0.4318993,70.0721951219512,9.9,95.5384826756866,35740.69921875,35821.625,5156.70849609375,38214.69140625,37167.30859375,5418.158203125,90.41799163,24.6345568628262,72.4514634146342,6.9,97.5206298303399,80.5323453975492,95.7465279088341,94.4915054288516,3.79310011863708
RWA,Rwanda,Sub-Saharan Africa ,Low income,-0.3228854,-0.0899577999999999,0.4271324,-0.1555961,64.189,54.2,39.662769317627,2063.66474823031,2000.31665166464,481.70008367037,2983.10774007304,2709.36261274484,519.009468522596,28.01679993,0.349951615372613,66.14,44.7,39.6912128982215,6.70938666027303,74.8167686688917,31.5941295623779,4.42103004455566
SAU,Saudi Arabia,"Middle East, North Africa, Afghanistan & Pakistan",High income,-0.186143299999999,-0.0069961999999999,-0.1950621,0.2391932,76.09,10.8,93.0168905157466,59471.7001909394,74860.8610790596,9161.90768667959,67178.5902274906,72136.2309430535,11773.5976594858,100.0,41.8230078726101,78.721,8.0,106.244903966787,36.0444107055664,128.295324145239,93.2386305984536,
SDN,Sudan,Sub-Saharan Africa ,Low income,-1.42399229999999,-1.3159644,-1.57216549999999,-1.39933059999999,63.427,69.3,38.7272605895996,4145.931640625,,991.167602539063,3132.0771484375,3083.86010742188,883.330383300781,,0.0604394040047428,65.146,59.7,43.0903282165527,14.8181400299072,53.8266105651855,36.8792190551758,
SEN,Senegal,Sub-Saharan Africa ,Lower middle income,-0.2019456,-0.239959999999999,-0.2609003,-0.246143,65.229,57.6,46.4158677062967,3405.10864461668,3044.63126629733,855.760604329644,4228.73382643662,4057.99147934389,964.525046208486,56.82830048,1.40365165848276,67.059,49.4,44.4624552560012,10.2635537254668,60.0716780561883,44.9835760823554,4.77698993682861
SGP,Singapore,East Asia & Pacific,High income,1.5532143,2.2446934,2.0881784,2.1253998,81.9951219512195,2.8,,102061.11936105,89596.0281349798,19233.5465523653,134828.001392614,117504.493473923,23984.7675167849,95.95386476,27.5510032505086,83.0951219512195,2.6,107.472873863465,101.99681244982,,,3.07084989547729
SLB,Solomon Islands,East Asia & Pacific,Lower middle income,-0.393768699999999,-0.8057801,-0.4011688,-1.0526396,68.961,26.2,49.0498504638672,2743.8100151451,2529.51366831693,1329.57533150999,2330.40164523401,2475.25631194149,1253.22878335218,28.01729965,0.107033208461257,69.652,24.1,,,83.7752154475999,47.6625213623047,7.47837018966675
SLE,Sierra Leone,Sub-Saharan Africa ,Low income,-0.741593,-1.1025719,-0.7690941,-0.947721599999999,53.159,144.1,44.5522918701172,2792.92626459232,2755.57669685067,868.731936009132,2934.7332634039,2944.45863405397,1207.48121174402,21.50880051,0.0022731197902009,57.761,117.0,41.5312194824219,,63.9115806835227,41.3290214538574,1.77787005901337
SLV,El Salvador,Latin America & Caribbean ,Upper middle income,-0.8105369,-0.2629505,-0.412827599999999,0.2304693,71.42,16.7,70.8309781500769,9162.56212613508,8988.38932087287,3066.19567933469,11085.6166169553,10220.2624766011,3410.58168853659,60.05609894,9.73832698625659,71.007,13.3,66.1074423967185,28.0979076272602,97.4296095090554,71.454258159429,3.7124400138855
SMR,San Marino,Europe & Central Asia,High income,1.389334,,,,83.943,2.3,64.1398315429688,58176.3797454761,,,70887.5780565982,64762.8827593703,19264.1266383875,97.32790375,35.7876210032268,84.933,1.7,60.3284671532847,59.8490048043926,,64.1434326171875,3.26723534651899
SOM,"Somalia, Fed. Rep.",Sub-Saharan Africa ,Low income,-2.35479259999999,-2.06505629999999,-1.649052,-2.1097626,49.138,185.4,,1114.8041489283,1158.31579762123,503.063931273886,1387.54753732191,1378.23121192015,582.976317965092,27.6,0.668468085170923,52.19,156.4,,,,,
SRB,Serbia,Europe & Central Asia,Upper middle income,-0.2133225,-0.292617199999999,-0.392706,-0.276922499999999,74.8365853658537,7.1,94.1696166992188,17993.8147169993,16650.863785723,4111.1538606183,24651.8478183529,23002.982155743,5252.78832408601,83.53825397,29.3457941392192,75.5390243902439,5.9,95.4950866699219,53.5000305175781,98.0101623535156,96.4776000976562,4.0735502243042
SSD,South Sudan,Sub-Saharan Africa ,Low income,-1.1549676,-1.4942658,-1.34178249999999,-1.4227969,58.241,98.9,10.8023195266724,,,,,,,,0.0018146882134276,35.351,292.0,11.5348100662231,,28.6641292572021,7.3020601272583,1.57674938085481
STP,Sao Tome and Principe,Sub-Saharan Africa ,Lower middle income,-0.578294299999999,-0.784788199999999,-0.1592074,-0.7369156,64.505,30.4,56.3386497497559,4919.55294386577,4378.47118803547,1551.80683358597,5632.13890715047,7241.82077368423,1748.2868457646,58.56779861,2.02470117761428,67.074,19.6,90.4435729980469,7.83568000793457,96.0759963989258,59.7818183898926,6.92846012115479
SUR,Suriname,Latin America & Caribbean ,Upper middle income,-0.0675487,-0.0014192999999999,-0.1383846,-0.386573499999999,69.957,22.2,68.4763406082679,24193.8412373922,,,18742.5873760369,16194.1092547873,,87.4,20.0260284612076,71.247,19.5,74.745979309082,,78.7300485773768,77.8469800143941,
SVK,Slovak Republic,Europe & Central Asia,High income,0.3349536,0.5189099,0.1773254,0.9748175,76.109756097561,6.6,95.0492630004883,30894.3118010926,31513.2175695412,8437.52272882786,38648.9855746919,36061.3649421849,11160.5327137017,89.06766196,33.9988127597088,77.1658536585366,6.0,91.2535934448242,57.0384407043457,95.3589324951172,95.3833312988281,3.85490989685059
SVN,Slovenia,Europe & Central Asia,High income,0.7982103,0.8612844,0.6842766,0.6434133,80.1243902439024,2.9,98.1137313842773,37040.7082746106,36031.2237194182,11142.2615560649,47058.8865960028,45105.0682699673,13659.4949780627,88.91248552,32.0104972135392,81.0292682926829,2.5,114.595596313477,89.0215606689453,97.185791015625,97.7083282470703,5.6702299118042
SWE,Sweden,Europe & Central Asia,High income,1.9386912,1.9998087,2.1691497,2.0214291,81.7048780487805,3.0,103.106872558594,56193.3287488246,57288.2637037663,22719.5961020654,62544.5002248644,64526.9249840875,25497.6845738855,95.00970335,40.6093424279832,82.409756097561,2.8,142.641586303711,68.742301940918,99.2811508178711,102.479888916016,7.57456016540527
SWZ,Eswatini,Sub-Saharan Africa ,Lower middle income,-0.6112614,-0.1872129,-0.111456099999999,-0.4144504,50.714,62.7,69.2019271850586,8645.84478287802,9245.25707616996,2200.70786206046,9927.60567008139,9160.66080107451,2201.24205840155,57.34370041,2.18530055779024,57.574,53.6,82.023935767308,6.43545771863543,81.9965564244207,66.9680328369141,5.59328219778155
SXM,Sint Maarten (Dutch part),Latin America & Caribbean ,High income,,,,,75.125,,118.293650793651,53357.003462797,,,45515.6528430026,39282.9379055599,,,,75.455,,,7.8405017921147,95.6521739130435,121.167315175097,4.61834872782909
SYC,Seychelles,Sub-Saharan Africa ,High income,0.1387238,0.710415,0.4106607,0.1804289,74.2756097560976,14.3,84.5009231567383,24919.955210328,24846.4496130956,9442.94954385399,27275.6883819803,27561.9668998523,11196.0074238094,84.83380127,29.8314239734867,74.3,14.7,112.311212814645,1.55593589544111,107.735247208931,84.1715316772461,2.54216003417969
SYR,Syrian Arab Republic,"Middle East, North Africa, Afghanistan & Pakistan",Low income,-1.3261066,-0.9278318,-1.19016529999999,-1.4240012,66.206,34.2,73.1369705200195,7296.32886794228,,1865.8632094055,4579.43973633341,4598.68303205814,242.229822761451,,7.16283326639858,65.651,32.9,,28.8359394073486,105.759872436523,72.8255767822266,
TCA,Turks and Caicos Islands,Latin America & Caribbean ,High income,,,,,76.969,6.8,72.6863226863227,16024.6915652254,,,28209.6242536079,25161.8645645412,,,,77.505,5.8,85.01841997544,13.5160680529301,75.9414225941423,70.3932189941406,2.69749326490282
TCD,Chad,Sub-Saharan Africa ,Low income,-1.55651839999999,-1.31857119999999,-1.37646699999999,-1.2158533,50.765,139.3,22.1087903431339,2886.27474563619,3097.22777377212,625.911742774137,2449.48251052296,2521.28362003261,598.500061630401,11.17029953,0.0,51.875,121.4,20.5855678473561,2.21312898390939,33.992621765502,13.9380247654593,1.52493000030518
TGO,Togo,Sub-Saharan Africa ,Lower middle income,-0.9141876,-1.2258191,-0.818918399999999,-0.8808248,57.953,82.9,52.7706298828125,2333.19276737886,2328.95504349905,583.967764277928,3086.40878742334,3106.58688231032,742.185184293176,35.60749817,1.03723561669214,60.145,70.4,60.769472220228,10.7079137745625,73.2405916294769,,3.37651991844177
THA,Thailand,East Asia & Pacific,Upper middle income,-0.115414099999999,0.1802694,-0.3712467,0.0807324,75.59,13.1,85.5365295410156,17871.5786477565,,2849.55243223438,20768.4800093577,19572.218556723,3513.78419906613,87.97724503,17.5125815621477,76.989,11.1,79.5062371844027,50.7403100613359,,88.4013214111328,4.53672981262207
TJK,Tajikistan,Europe & Central Asia,Lower middle income,-1.227744,-0.9961009,-1.3105533,-0.952059,69.13,35.0,86.3469314575195,2700.09546037358,6091.22283687966,814.710934873903,4213.75618362687,8310.55529610808,933.489074176296,48.91429901,0.585196433548591,70.524,31.0,,22.6923599243164,94.8181762695312,78.0864105224609,4.01803016662598
TKM,Turkmenistan,Europe & Central Asia,Upper middle income,-1.4032708,-1.3204803,-1.4981376,-1.7992419,68.961,42.9,,10689.3537347285,,,16943.6046037141,15904.4030688318,,,5.21710831232306,69.19,43.8,84.1078318050495,7.00093637977294,,,3.04924988746643
TLS,Timor-Leste,East Asia & Pacific,Lower middle income,-1.1072365,-1.25753309999999,-0.807659599999999,-1.0402101,64.384,65.9,70.0278421982138,4297.91482449132,10435.3715078504,734.529489772091,5348.49182701353,5333.70530479914,845.10153034956,35.04199982,0.0100051486348815,65.898,57.3,81.1665700933061,17.7029094696045,85.7176250584385,71.6261633919338,7.16214990615845
TON,Tonga,East Asia & Pacific,Upper middle income,0.0321962,-0.3144585,-0.2248143,-0.426303899999999,71.546,12.6,94.5147705078125,5908.02400699798,5703.05790548863,3587.01230475049,6811.48234641523,7010.42124852999,4401.54206926788,61.60739899,8.17387330781973,72.066,11.4,96.0933090863485,,105.914429530201,97.7831802368164,
TTO,Trinidad and Tobago,Latin America & Caribbean ,High income,-0.0707812999999999,0.3322107,-0.1055709,0.4267825,72.513,23.9,,36903.6898574094,,,30784.1112580356,29989.2079968468,,81.69760132,26.0331929293058,72.984,22.0,,,88.7282104492188,,3.57398000577018
TUN,Tunisia,"Middle East, North Africa, Afghanistan & Pakistan",Lower middle income,-0.175204,0.1317565,0.0016466,-0.1699356,74.599,18.4,87.2357025146484,12436.3958115735,12442.4525733253,2660.66373068501,12712.22345453,11848.7768613507,2970.89257975371,68.31552226,13.9309222767522,75.177,17.9,90.3264236450195,36.0693092346191,93.5545196533203,90.9749908447266,5.95086002349854
TUR,Turkiye,Europe & Central Asia,Upper middle income,-0.1061886,0.3847742,0.1585192,0.4714134,75.552,15.6,85.0204315185547,22517.7148287875,,5681.0816908079,33520.8111384208,31664.5608585267,9199.44874591381,83.43716576,21.8230372591075,77.037,12.2,112.977333068848,70.1044998168945,103.343299865723,83.5451507568359,4.38721990585327
TUV,Tuvalu,East Asia & Pacific,Upper middle income,0.820331,-0.5803645,-0.2310738,-1.06002859999999,65.079,29.0,79.6419067382812,3715.60046956613,,,5044.53984578911,7442.69343335926,,,4.52361889511609,65.683,24.3,78.7418670654297,,98.1042709350586,86.5306091308594,
TZA,Tanzania,Sub-Saharan Africa ,Lower middle income,-0.435475899999999,-0.601317299999999,-0.6184419,-0.484885599999999,62.286,61.7,32.3857446198788,2822.4853515625,2673.5009765625,563.029113769531,3546.98095703125,3477.46337890625,601.654541015625,26.86059952,0.110774196881278,64.963,49.8,26.3711632016128,3.96461947161333,78.2992447768831,31.0077818769829,4.22964300342458
UGA,Uganda,Sub-Saharan Africa ,Low income,-0.4996961,-0.5124134,-0.8567334,-0.424255799999999,61.579,66.5,,2405.09455932767,2387.66453725984,635.801348623805,2724.90609568409,2681.57438443134,699.743492498532,9.636899948,0.0850849430150062,65.174,54.0,,3.74987006187439,55.5063285827637,,1.79746997356415
UKR,Ukraine,Europe & Central Asia,Upper middle income,-0.6740033,-0.695914199999999,-1.2152257,-0.691518299999999,71.09,10.7,99.4775493061556,17848.740234375,14170.251953125,1779.98413085938,13787.12109375,14556.2236328125,1712.88330078125,80.47429657,17.5398140646824,73.993,8.9,86.788702271804,83.8798999891598,97.30904649924,98.4852773037302,6.44267988204956
URY,Uruguay,Latin America & Caribbean ,High income,0.715336,0.4912679,1.3317592,0.673071,76.691,10.0,102.977226257324,26953.2709026389,22726.4554711505,,30840.0709827676,27504.5582121803,,89.87304314,33.4865565704576,77.618,8.0,116.472846984863,54.7069093768187,99.7867967654572,106.562271118164,4.09353338283242
USA,United States,North America,High income,1.3842726,1.5288502,1.263101,1.4422743,78.7414634146342,7.0,96.1864929199219,61142.3637034265,61281.0655787944,36172.7095656303,72828.7430907189,73445.2526342405,44387.6223857286,92.72850037,37.4887954801437,78.5390243902439,6.6,98.9523391723633,88.7264175415039,,96.3090591430664,
UZB,Uzbekistan,Europe & Central Asia,Lower middle income,-1.20211579999999,-1.1456714,-1.3688011,-1.4475479,70.411,25.0,92.0473722973161,6525.4971525889,,1739.35704050298,10091.3877869999,9748.33064523764,3045.51427056294,83.90000012,25.7992232452287,71.737,17.3,93.8775736591193,7.84954008903504,95.5447516541123,91.5890082905573,5.74191999435425
VCT,St. Vincent and the Grenadines,Latin America & Caribbean ,Upper middle income,1.0498916,0.9924508,1.1547595,0.5541343,70.539,19.9,105.851867675781,13397.9632982701,,,16835.023514541,15896.3852353078,,74.75479889,28.9967269662701,71.013,15.8,127.1875,19.8016733808491,100.669757856775,107.489356994629,4.80839014053345
VEN,"Venezuela, RB",Latin America & Caribbean ,Lower middle income,-1.83206269999999,-0.9258987,-1.2642649,-1.4702376,73.086,17.6,83.8216934204102,,,,,,,75.82180023,9.58036143387288,71.903,24.2,83.9518280029297,,95.0975189208984,88.2607498168945,
VGB,British Virgin Islands,Latin America & Caribbean ,High income,,,,,76.433,15.6,97.9949874686717,,,,,,,,20.5485529371852,75.67,14.9,88.7795275590551,,92.0745920745921,97.4103585657371,3.55560728835564
VIR,Virgin Islands (U.S.),Latin America & Caribbean ,High income,0.7878884,1.2684739,0.8565981,0.9204959,78.5170731707317,,,46422.4151236223,,24167.9309438086,46479.2996685326,,24186.0109068988,,10.0662374143133,79.3682926829268,,,,,,
VNM,Viet Nam,East Asia & Pacific,Upper middle income,-0.576022599999999,-0.3349164,-0.4625662,-0.633676999999999,73.762,22.5,,7979.86828926858,7721.88625231596,1303.86044900408,12979.7638983711,12370.465508286,2057.05698178473,78.58999918,21.3681380805533,74.026,20.9,91.0725198149335,25.7487091222031,99.7439270019531,,4.40817022323608
VUT,Vanuatu,East Asia & Pacific,Lower middle income,0.3759683,0.087697,0.4102544,-0.5548316,69.898,19.7,55.240120859084,3815.41895246816,3851.47984777861,2827.47212854641,3658.51871182046,4101.49598283251,5776.55124033962,,1.1263520377197,70.5,18.3,57.2510185241699,,94.2112900688136,54.8430037539749,5.17257022857666
WSM,Samoa,East Asia & Pacific,Upper middle income,0.8353596,-0.042004,0.1793426,-0.100189099999999,71.159,18.8,82.3821348963746,6312.76944621145,6041.50366353362,2746.18707260763,6450.19151677842,6379.27087532451,3431.65195335036,,0.87753935919651,70.991,17.8,87.3532286947715,,100.718176524813,85.6477162580853,4.89170722777607
XKX,Kosovo,Europe & Central Asia,Upper middle income,-0.343781499999999,-0.500329599999999,-0.4549896,-0.2195981,75.75,17.4,,8431.66232694657,9004.76800527685,2674.97242905403,13022.4627441502,12557.9664503271,4061.56244308864,,,77.105,12.6,,,,,
YEM,"Yemen, Rep.","Middle East, North Africa, Afghanistan & Pakistan",Low income,-1.34922229999999,-1.1932888,-1.2532021,-0.837000099999999,67.569,51.6,40.9747505187988,,,1767.69178828788,,,,,1.27124133725573,67.12,47.5,43.6906890869141,8.80690002441406,59.3262481689453,32.4077186584473,
ZAF,South Africa,Sub-Saharan Africa ,Upper middle income,0.0103319,0.3162949,-0.0291711999999999,0.6421404,61.737,43.1,92.1625137329102,14563.7624041032,13524.2056567294,3928.83229159546,13767.4967589936,13278.7568307297,3868.54739395135,78.29319763,3.12297476001713,65.422,35.7,105.623168945312,17.9447234835981,,95.4333724975586,5.52322006225586
ZMB,Zambia,Sub-Saharan Africa ,Lower middle income,-0.4889225,-0.5002823,-0.269322599999999,-0.5087396,58.704,69.2,,3474.55252844092,,,3585.12379084347,3232.15309021238,,15.0,0.428949863290405,61.564,55.2,,3.96159738763825,89.4070043100488,,3.69500242842903
ZWE,Zimbabwe,Sub-Saharan Africa ,Lower middle income,-1.64500499999999,-1.3576116,-1.3288997,-1.6789486,55.386,68.0,75.8648109767885,5003.50873397069,4406.21188743779,1135.8762216739,5036.78317732239,5002.43145631031,847.150259429931,36.25650024,1.62150159909829,60.263,56.7,,7.12874147164551,86.9817036365321,73.0986641244537,6.07021391405834
